человек	2150.261
дело	1620.117
время	1594.440
день	1294.949
рука	1251.849
друг	1198.895
год	1122.710
мама	1115.913
раз	1097.203
дом	985.514
место	943.613
жизнь	937.814
отец	886.529
голова	793.039
глаз	783.696
работа	693.898
ребёнок	688.772
слово	678.266
папа	637.086
ребята	615.454
машина	583.146
парень	568.660
дверь	568.344
сторона	550.352
спасибо	543.229
лицо	541.455
правда	539.002
ночь	533.962
минута	521.117
конец	497.729
нога	496.084
мать	490.775
школа	479.018
час	471.609
вода	460.419
женщина	458.231
вид	452.816
город	448.208
земля	441.224
комната	435.866
вопрос	428.528
девочка	424.072
пора	416.393
бог	410.571
порядок	408.998
уж	408.188
брат	402.934
мальчик	401.816
случай	393.058
дорога	383.280
мир	380.948
девушка	379.667
сила	378.099
утро	367.055
сын	362.517
свет	361.143
голос	359.748
вечер	352.591
имя	347.605
вещь	319.259
улица	317.117
привет	294.514
путь	293.342
сердце	286.792
история	284.135
стол	284.089
доктор	276.844
помощь	274.349
неделя	272.629
жена	266.806
книга	262.637
часть	258.985
право	258.807
телефон	254.555
сестра	248.628
капитан	247.453
семья	247.177
окно	246.963
класс	246.302
мужчина	246.166
момент	238.260
родитель	235.844
смерть	235.551
мысль	233.705
чёрт	233.080
номер	230.273
месяц	229.260
разговор	228.580
душа	228.097
стена	225.811
внимание	225.582
проблема	224.576
тело	220.830
пара	220.238
палец	219.943
дядя	217.993
война	215.930
собака	215.729
бабушка	215.048
квартира	209.627
кровь	207.302
план	206.476
ответ	204.502
игра	202.966
корабль	199.420
любовь	196.156
письмо	190.139
секунда	189.160
лес	185.316
тысяча	184.614
сон	184.341
шаг	182.301
страна	181.809
встреча	180.336
взгляд	178.306
небо	177.968
смысл	177.832
спина	175.866
нос	173.968
ум	173.660
чувство	173.518
дерево	173.370
волос	173.157
мистер	172.448
команда	169.201
дочь	169.197
муж	169.152
девчонка	169.134
солнце	168.559
воздух	165.688
отношение	164.906
плечо	163.205
начало	162.202
господин	161.755
огонь	159.093
камень	156.299
ухо	156.189
ключ	154.204
идея	153.965
пол	153.117
урок	152.975
гость	152.449
знать	151.984
старик	151.469
язык	150.473
группа	150.017
народ	149.326
рот	148.929
компания	148.765
оружие	146.257
причина	146.210
песня	145.395
море	143.661
товарищ	141.328
след	141.232
магазин	140.453
двор	139.904
тётя	139.887
директор	139.335
самолёт	134.515
угол	133.865
гора	132.823
учитель	132.337
поле	131.431
врач	130.990
подруга	130.633
глава	130.594
образ	129.935
звонок	129.263
король	128.866
зуб	127.951
больница	127.875
новость	127.748
берег	126.629
мужик	126.435
решение	124.597
черта	124.497
ветер	124.391
боль	123.461
звезда	123.255
удар	122.455
кухня	122.415
выход	122.385
сэр	122.182
счёт	122.067
речь	120.556
страх	120.511
музыка	119.998
враг	119.960
приятель	119.378
хозяин	118.705
солдат	117.781
река	117.423
возможность	117.071
тип	116.581
карта	116.581
очередь	115.984
совет	115.906
связь	115.272
кровать	115.097
обед	115.075
грудь	115.044
лодка	114.679
газета	114.531
карман	113.414
дух	113.339
бумага	112.556
цель	111.988
мальчишка	111.747
ход	111.610
свидание	111.552
лошадь	111.384
ошибка	111.290
подарок	110.962
полиция	110.768
остров	110.532
половина	110.303
профессор	110.165
звук	109.833
еда	109.647
радость	109.548
фотография	109.506
чай	109.444
удовольствие	107.830
одежда	107.686
кабинет	107.271
молодец	107.109
фильм	106.950
трубка	106.548
дедушка	105.883
поезд	103.984
слава	103.566
дед	103.421
мера	103.277
форма	103.046
способ	102.944
крыша	102.787
штука	102.659
правило	102.588
суд	101.984
часы	101.901
тюрьма	101.792
офицер	101.065
сумка	100.949
закон	100.394
пистолет	100.366
малыш	100.289
камера	100.126
честь	100.003
деревня	99.907
центр	99.829
замок	99.530
ящик	99.337
память	99.184
надежда	98.427
дама	98.354
планета	98.333
картина	98.085
движение	98.072
зал	98.047
цветок	97.487
состояние	96.988
платье	96.847
колено	96.688
костюм	96.295
губа	96.164
птица	95.369
рыба	95.322
шутка	95.312
дурак	94.726
бой	94.725
курс	94.506
тема	94.438
судьба	94.346
здание	93.934
сосед	93.598
цвет	93.548
клуб	93.385
шея	93.117
повод	92.929
лестница	92.886
край	92.727
миллион	92.726
герой	92.655
ужин	92.636
дождь	92.552
точка	92.409
операция	92.370
желание	92.258
ряд	91.996
труд	91.403
рождение	90.747
начальник	90.465
жертва	90.256
кусок	89.868
этаж	89.859
куча	88.245
нож	86.981
коридор	86.525
система	86.143
тайна	86.028
армия	86.005
сад	85.968
вера	85.949
результат	85.567
ситуация	84.136
перёд	84.096
документ	84.000
будущее	83.847
поиск	83.784
взрослый	83.683
событие	83.509
положение	83.032
власть	83.031
луна	82.893
круг	82.861
сообщение	82.627
лагерь	82.555
трава	82.477
станция	82.415
запах	82.343
информация	82.066
снег	82.031
генерал	81.977
приказ	81.871
сцена	81.605
адрес	81.576
шанс	81.553
предложение	81.396
лейтенант	80.974
знак	80.651
секрет	80.525
лето	80.436
слеза	80.389
тень	79.629
кольцо	79.451
чудо	79.437
билет	78.962
убийство	78.960
опасность	78.934
ужас	78.496
метр	78.414
животное	77.731
кофе	77.731
преступление	77.593
шум	77.577
мозг	77.056
линия	76.566
роль	76.483
действие	76.117
покой	75.885
бутылка	75.828
запись	75.824
хлеб	75.655
скорость	75.636
постель	75.518
мнение	75.339
название	75.308
интерес	74.885
занятие	74.833
ворота	74.806
автобус	74.363
беда	74.048
стул	73.300
командир	73.172
служба	72.982
список	72.509
детство	72.414
крик	72.231
волна	72.119
толпа	72.026
фамилия	71.871
компьютер	71.767
течение	71.607
улыбка	71.602
кино	71.439
убийца	71.246
возраст	71.045
полковник	70.920
церковь	70.896
воля	70.855
вино	70.765
дно	70.662
борт	70.362
озеро	69.908
отряд	69.906
век	69.815
кожа	69.762
стекло	69.717
сигнал	69.699
свобода	69.613
пуля	69.160
преступник	69.158
праздник	68.754
мешок	68.539
участок	68.367
темнота	68.307
опыт	68.141
журнал	68.140
ручка	68.139
доллар	67.992
лист	67.945
район	67.859
кот	67.803
кошка	67.595
президент	67.440
настроение	67.417
число	67.382
победа	67.239
коробка	67.140
факт	67.068
сожаление	66.802
телевизор	66.594
хвост	66.421
сотня	66.080
мечта	65.995
кресло	65.728
труба	65.228
выбор	64.948
условие	64.843
мастер	64.694
безопасность	64.481
агент	64.308
род	64.260
граница	64.057
вход	63.837
банк	63.597
прошлое	63.488
программа	63.368
сомнение	63.222
долг	63.174
существо	63.000
рубашка	62.805
удача	62.716
доска	62.689
кость	62.491
разница	62.271
задание	61.845
свидетель	61.643
болезнь	61.572
цена	61.553
ученик	61.466
минутка	61.317
зло	61.283
лёд	61.178
тишина	60.929
колесо	60.822
успех	60.664
штаны	60.517
майор	60.383
задача	60.304
рабочий	60.220
вина	60.171
яйцо	60.086
зверь	60.079
живот	60.067
конь	59.903
смех	59.886
мяч	59.714
добро	59.682
книжка	59.500
молоко	59.433
роман	59.296
детектив	58.334
размер	58.303
выстрел	58.229
глупость	57.987
природа	57.852
учёный	57.810
понятие	57.756
пример	57.751
значение	57.611
пёс	57.606
мост	57.564
борьба	57.561
помощник	57.559
клетка	57.336
записка	57.155
буква	56.941
бомба	56.852
наука	56.808
километр	56.800
шкаф	56.795
слух	56.711
тревога	56.696
диван	56.670
рассказ	56.596
взрыв	56.401
крыло	56.315
горло	56.219
здоровье	56.167
зеркало	55.849
защита	55.755
завтрак	55.517
волк	55.500
доказательство	55.142
свадьба	54.802
охрана	54.726
золото	54.647
полицейский	54.610
танец	54.483
сынок	54.460
парк	54.294
приём	54.237
страница	54.165
охотник	54.152
направление	53.939
лекарство	53.925
сказка	53.841
сознание	53.795
рост	53.720
мясо	53.589
неприятность	53.424
качество	53.412
шеф	53.405
путешествие	53.312
немец	53.294
куртка	53.083
дыхание	53.036
энергия	52.940
лаборатория	52.479
песок	52.471
уровень	52.406
подвал	52.362
глубина	52.242
сержант	52.168
художник	52.114
мисс	52.043
площадка	51.699
медведь	51.525
автомобиль	51.467
ерунда	51.418
лоб	51.270
очки	51.187
бок	51.146
предмет	51.065
красота	51.063
общество	50.982
управление	50.941
судья	50.699
вкус	50.692
отдел	50.590
завод	50.523
клиент	50.473
житель	50.435
туалет	50.400
подружка	50.385
расследование	50.355
кулак	50.355
воспоминание	50.342
прощение	50.288
собрание	50.217
партия	49.796
пакет	49.656
попытка	49.565
пиво	49.536
уважение	49.524
театр	49.414
военный	49.399
шар	49.392
кусочек	49.250
принц	49.105
шляпа	49.014
корова	48.941
срок	48.562
ресторан	48.455
угроза	48.299
океан	48.132
искусство	47.973
вариант	47.969
водитель	47.931
экран	47.715
выражение	47.609
большинство	47.556
домик	47.447
пацан	47.374
полчаса	47.314
поездка	47.314
средство	47.313
польза	47.275
призрак	47.255
высота	47.159
зима	47.096
столик	46.983
множество	46.946
пространство	46.712
масло	46.672
вор	46.645
королева	46.536
охота	46.479
полёт	46.467
ощущение	46.451
меч	46.438
грузовик	46.347
сюрприз	46.260
ботинок	46.258
мамочка	46.254
тон	46.192
впечатление	46.163
облако	46.161
верёвка	45.906
принцесса	45.873
пятно	45.847
дружба	45.812
сеть	45.763
мадам	45.716
дворец	45.694
музей	45.627
ракета	45.427
охранник	45.262
краска	45.262
характер	45.222
куст	45.201
база	45.151
поведение	45.087
дочка	45.047
пушка	45.028
количество	44.890
радио	44.864
тарелка	44.855
ладонь	44.785
статья	44.677
дым	44.591
мгновение	44.422
пожар	44.348
баба	44.313
обстоятельство	44.238
грязь	44.236
башня	44.180
погода	44.013
кнопка	43.952
игрушка	43.857
могила	43.837
крыса	43.821
луч	43.803
ведьма	43.757
перевод	43.671
материал	43.600
способность	43.540
руль	43.409
восторг	43.397
деталь	43.356
обида	43.341
фирма	43.331
студент	43.304
величество	43.292
возвращение	43.148
труп	43.134
чемодан	43.041
фраза	43.021
пыль	42.923
щека	42.874
костёр	42.846
офис	42.762
мишка	42.684
родственник	42.591
разрешение	42.455
адвокат	42.225
капля	42.047
порог	41.976
забота	41.709
велосипед	41.641
учительница	41.608
ружьё	41.517
расстояние	41.478
стакан	41.449
дыра	41.404
концерт	41.397
курица	41.151
смена	41.144
пещера	41.136
зрение	41.047
север	41.009
инструмент	41.005
просьба	40.656
газ	40.596
палка	40.549
заявление	40.498
подушка	40.463
площадь	40.429
маска	40.379
босс	40.353
фигура	40.332
кукла	40.284
председатель	40.215
экзамен	40.148
поворот	40.016
рана	39.930
бандит	39.791
остановка	39.753
сигарета	39.601
предел	39.600
поверхность	39.529
остаток	39.365
спальня	39.326
отделение	39.236
стих	39.177
ожидание	39.173
лифт	39.062
библиотека	39.041
процесс	38.939
личность	38.934
надпись	38.932
пост	38.924
тьма	38.857
автомат	38.822
проект	38.813
середина	38.792
территория	38.753
фронт	38.702
вечеринка	38.692
забор	38.688
почта	38.552
картошка	38.513
блин	38.476
открытие	38.461
перемена	38.401
правительство	38.317
одеяло	38.265
приключение	38.238
склад	38.231
представление	38.210
институт	38.185
дневник	38.121
пляж	38.020
ствол	38.014
лапа	37.983
роза	37.957
люк	37.881
кошмар	37.860
вызов	37.854
весна	37.843
поход	37.830
поступок	37.779
хозяйка	37.775
участие	37.735
пальто	37.680
чашка	37.626
рынок	37.552
драка	37.485
наблюдение	37.439
гражданин	37.355
шарик	37.306
невеста	37.295
пассажир	37.271
голод	37.105
красавица	37.087
продукт	36.874
судно	36.708
яблоко	36.602
усилие	36.600
знание	36.595
талант	36.558
сотрудник	36.302
выходной	36.248
палатка	36.195
инспектор	36.076
суббота	36.070
университет	36.014
змея	35.963
противник	35.949
рисунок	35.887
совесть	35.856
бабка	35.853
вагон	35.835
аппарат	35.802
неправда	35.762
леди	35.744
писатель	35.690
вершина	35.647
источник	35.598
техника	35.541
спасение	35.508
владелец	35.460
суп	35.452
помещение	35.409
ведро	35.398
наркотик	35.338
атака	35.305
молчание	35.271
штат	35.253
туман	35.237
вампир	35.222
борода	35.220
юг	35.203
сутки	35.187
модель	35.187
грех	35.167
работник	35.070
сок	35.013
переводчик	35.001
ложь	34.958
бизнес	34.901
отдых	34.850
подросток	34.843
мотор	34.834
мусор	34.769
инженер	34.741
пирог	34.675
двигатель	34.664
холм	34.658
канал	34.634
мышь	34.487
войско	34.378
передача	34.347
объяснение	34.294
чудовище	34.260
гордость	34.234
сапог	34.222
туфля	34.195
ответственность	34.120
американец	34.025
старушка	33.935
дорожка	33.913
организация	33.912
рукав	33.864
госпожа	33.797
толк	33.761
цифра	33.750
беседа	33.717
кафе	33.705
дракон	33.683
мотоцикл	33.613
товар	33.586
деньга	33.523
портрет	33.505
потолок	33.458
цепь	33.433
дружок	33.429
отпуск	33.417
внук	33.306
картинка	33.222
воин	33.183
интернет	33.170
палата	33.164
сахар	33.146
температура	33.011
пункт	33.005
теория	32.966
пояс	32.904
свинья	32.881
десяток	32.845
министр	32.843
спутник	32.838
соседка	32.833
поддержка	32.795
гараж	32.793
боец	32.755
полоса	32.710
данные	32.669
подозрение	32.646
отчаяние	32.575
снимок	32.555
привычка	32.531
робот	32.517
нападение	32.506
миг	32.505
штаб	32.494
сарай	32.472
торт	32.436
каникулы	32.394
карточка	32.364
такси	32.273
доля	32.241
скала	32.232
запас	32.215
улика	32.197
услуга	32.194
одиночество	32.186
показание	32.167
миссис	32.163
ловушка	32.108
основание	32.083
автор	32.026
шпион	32.019
сведение	31.928
позиция	31.913
молния	31.883
отпечаток	31.843
коллега	31.835
ангел	31.827
бассейн	31.826
контроль	31.788
испытание	31.697
область	31.689
присутствие	31.415
серия	31.399
муха	31.384
мелочь	31.381
горе	31.337
бельё	31.314
вес	31.297
сокровище	31.275
битва	31.197
сбор	31.124
решётка	31.086
простой	31.068
лампа	31.019
отчёт	30.970
комиссар	30.969
устройство	30.952
футбол	30.890
холодильник	30.880
разум	30.849
гнев	30.805
майка	30.803
степень	30.800
ремень	30.766
ветка	30.764
сумма	30.764
моряк	30.695
рассвет	30.693
конфета	30.632
зона	30.624
обязанность	30.623
банка	30.615
секретарь	30.612
дача	30.590
тренер	30.580
потеря	30.568
воскресение	30.401
подробность	30.394
царь	30.393
пар	30.317
свеча	30.303
восток	30.218
дон	30.154
версия	30.095
бакс	30.066
незнакомец	30.026
отель	30.024
рюкзак	29.997
рыцарь	29.985
процент	29.872
спор	29.834
метро	29.795
тепло	29.780
разведка	29.756
волнение	29.751
корень	29.750
космос	29.726
корпус	29.693
прогулка	29.669
слуга	29.662
предок	29.609
вывод	29.588
принцип	29.577
поток	29.570
трус	29.549
пятница	29.535
кролик	29.440
бар	29.403
старуха	29.373
таблетка	29.353
гостиница	29.328
соль	29.279
рак	29.250
доверие	29.247
признак	29.239
сидение	29.227
зритель	29.178
палуба	29.176
платок	29.153
квартал	29.149
брюки	29.103
давление	29.093
пациент	29.044
козёл	28.996
удивление	28.935
норма	28.928
прибор	28.866
диск	28.860
фонарь	28.844
болото	28.813
стрелка	28.798
обещание	28.782
союз	28.741
исследование	28.729
родина	28.676
кладбище	28.661
галстук	28.615
чушь	28.583
отсутствие	28.568
март	28.553
обвинение	28.543
флаг	28.494
обстановка	28.479
лорд	28.459
суть	28.426
банда	28.379
холод	28.362
стрела	28.344
авария	28.316
представитель	28.245
граф	28.241
благодарность	28.190
столовая	28.187
череп	28.182
перо	28.131
комитет	28.111
нерв	28.086
итог	28.052
бровь	27.989
волшебник	27.905
поцелуй	27.886
крест	27.883
копия	27.864
шапка	27.861
полотенце	27.818
яма	27.810
конкурс	27.806
знакомство	27.804
пища	27.756
лев	27.744
совпадение	27.738
палочка	27.704
пот	27.682
весть	27.660
революция	27.630
расчёт	27.616
юноша	27.607
риск	27.585
гроб	27.584
реакция	27.580
детка	27.553
ус	27.535
бред	27.510
пустыня	27.499
ванная	27.487
длина	27.400
слон	27.376
альбом	27.364
проверка	27.358
пиджак	27.333
вокзал	27.283
вертолёт	27.245
мороженое	27.205
ковёр	27.151
наказание	27.144
полдень	27.131
беспокойство	27.119
любопытство	27.100
морда	27.097
флот	27.083
цирк	27.081
образец	27.050
фабрика	26.972
появление	26.960
дьявол	26.956
человечество	26.932
исключение	26.905
масса	26.886
крыльцо	26.879
груз	26.869
перерыв	26.850
загадка	26.837
ванна	26.773
метод	26.763
легенда	26.725
уверенность	26.700
село	26.673
тётка	26.635
анализ	26.629
брак	26.611
специалист	26.589
аэропорт	26.563
состав	26.553
запад	26.542
парочка	26.529
объявление	26.504
шоссе	26.500
сезон	26.255
стенка	26.253
стиль	26.233
объект	26.205
партнёр	26.204
переулок	26.186
строй	26.149
выступление	26.149
рейс	26.146
папочка	26.127
актёр	26.113
близнец	26.100
паспорт	26.091
конверт	26.089
локоть	26.079
допрос	26.020
гений	25.971
жених	25.937
спектакль	25.933
карандаш	25.928
миля	25.925
монстр	25.894
племянник	25.865
дар	25.860
блюдо	25.859
ферма	25.713
орудие	25.710
экипаж	25.643
полка	25.589
сравнение	25.574
терпение	25.573
прыжок	25.554
госпиталь	25.539
ненависть	25.538
гриб	25.538
братец	25.534
проход	25.516
государство	25.512
победитель	25.471
проклятие	25.468
пузырь	25.459
нетерпение	25.447
необходимость	25.428
мина	25.414
плёнка	25.366
контакт	25.355
руководитель	25.351
крышка	25.321
тренировка	25.305
тетрадь	25.283
понедельник	25.250
жест	25.231
монета	25.230
достоинство	25.168
щит	25.140
малый	25.127
пустяк	25.108
математика	25.086
ножка	25.080
патрон	25.073
солнышко	25.072
провод	25.056
джентльмен	25.043
винтовка	25.042
приглашение	25.026
эксперимент	25.025
растение	25.003
бумажка	24.999
медсестра	24.961
фургон	24.945
пан	24.941
городок	24.937
ступенька	24.921
игрок	24.895
существование	24.884
ремонт	24.864
фото	24.860
тоска	24.857
арест	24.840
милиция	24.795
отличие	24.737
одиночка	24.677
танк	24.666
папка	24.654
награда	24.627
нора	24.622
щенок	24.621
режиссёр	24.618
ноготь	24.605
заказ	24.596
ад	24.585
ярость	24.577
уход	24.532
перчатка	24.521
должность	24.513
обезьяна	24.470
пират	24.444
создание	24.442
раб	24.426
май	24.384
орган	24.366
посуда	24.336
птичка	24.326
соревнование	24.298
среда	24.295
облегчение	24.275
вред	24.215
ноль	24.203
подготовка	24.153
соня	24.151
князь	24.149
шкура	24.089
халат	24.084
текст	23.896
топор	23.890
комиссия	23.889
реклама	23.875
осень	23.872
обувь	23.859
приступ	23.847
зад	23.801
посетитель	23.798
боб	23.788
сделка	23.748
стук	23.740
бег	23.721
ёлка	23.695
рыбка	23.618
хор	23.598
коллекция	23.597
император	23.589
культура	23.524
корзина	23.523
шоу	23.516
справедливость	23.512
привидение	23.505
скамейка	23.501
экспедиция	23.498
предатель	23.498
поколение	23.479
гитара	23.436
дырка	23.435
рота	23.429
крепость	23.424
долина	23.388
псих	23.331
шлем	23.317
горизонт	23.255
жара	23.196
чувак	23.152
ложка	23.141
крошка	23.128
изображение	23.105
атмосфера	23.077
отъезд	23.063
учебник	23.034
гнездо	22.996
подпись	22.995
участник	22.985
фантазия	22.975
визит	22.965
журналист	22.961
травка	22.923
марка	22.891
лавка	22.889
напарник	22.871
уголок	22.853
бабочка	22.836
добыча	22.835
образование	22.833
пачка	22.829
новичок	22.788
распоряжение	22.787
четверть	22.719
страсть	22.714
пилот	22.690
священник	22.688
паника	22.670
артист	22.590
политика	22.567
плащ	22.553
начальство	22.544
полночь	22.540
лента	22.513
напряжение	22.495
слабость	22.468
столб	22.461
катер	22.387
шахта	22.381
причёска	22.372
чердак	22.366
металл	22.362
спокойствие	22.354
учёба	22.350
сестрёнка	22.349
гвоздь	22.294
мебель	22.282
марш	22.259
затылок	22.243
полгода	22.233
лёгкое	22.184
происшествие	22.179
съёмка	22.140
похороны	22.136
спорт	22.109
истина	22.063
лекция	22.036
признание	22.020
кража	22.007
катастрофа	21.939
публика	21.918
оценка	21.875
реальность	21.864
скандал	21.834
воображение	21.811
сентябрь	21.771
печь	21.709
сыр	21.680
ткань	21.658
тряпка	21.654
каша	21.579
практика	21.552
дерьмо	21.541
башка	21.541
пришелец	21.538
карьера	21.530
плита	21.514
рождество	21.486
бригада	21.483
изменение	21.476
буря	21.420
верх	21.417
сейф	21.383
аппетит	21.377
барин	21.370
прокурор	21.305
марго	21.302
литература	21.300
последствие	21.251
юбка	21.234
шофёр	21.223
чепуха	21.194
фокус	21.191
ценность	21.174
олень	21.157
водка	21.135
огонёк	21.120
намерение	21.113
позор	21.099
мука	21.056
приход	21.052
вселенная	21.025
продажа	21.017
храм	20.991
посёлок	20.980
фея	20.976
портфель	20.973
футболка	20.968
клоун	20.959
музыкант	20.947
гад	20.922
стая	20.899
кабина	20.871
том	20.847
фунт	20.841
милость	20.836
каюта	20.815
злость	20.805
гусь	20.797
согласие	20.793
точность	20.780
плюс	20.779
развитие	20.773
падение	20.768
сан	20.758
градус	20.758
покупатель	20.728
тигр	20.685
спичка	20.680
продавец	20.679
предположение	20.675
ссора	20.674
мастерская	20.664
жар	20.650
крючок	20.613
страдание	20.562
заяц	20.558
няня	20.557
неудача	20.548
индеец	20.537
бочка	20.489
жалость	20.489
репетиция	20.457
колодец	20.445
сумочка	20.401
покупка	20.354
наряд	20.354
эффект	20.282
поэт	20.266
лук	20.263
лечение	20.256
любитель	20.246
следователь	20.211
лопата	20.185
организм	20.117
фонарик	20.110
переговоры	20.087
подбородок	20.065
вещество	20.061
серёжка	20.057
тачка	20.045
недостаток	20.038
выставка	20.020
стрельба	19.972
руководство	19.971
яд	19.958
трудность	19.952
рог	19.908
местечко	19.906
август	19.883
зарплата	19.848
узел	19.834
балкон	19.812
мэр	19.808
кирпич	19.804
полк	19.800
отверстие	19.794
кружка	19.774
электричество	19.749
повар	19.718
котёнок	19.712
посадка	19.689
шоколад	19.668
прозвище	19.642
пчела	19.615
период	19.605
лампочка	19.598
молодёжь	19.592
пробка	19.579
студия	19.550
кадр	19.549
мобильник	19.503
влияние	19.502
маршрут	19.498
дрова	19.486
слой	19.468
напиток	19.459
мода	19.422
код	19.406
заседание	19.401
значок	19.399
профессия	19.374
яхта	19.354
чемпион	19.335
заключение	19.323
гибель	19.314
пенсия	19.277
заклинание	19.272
гостиная	19.250
обман	19.214
акула	19.211
бензин	19.201
мёд	19.194
осколок	19.188
пауза	19.184
обмен	19.164
демон	19.152
редактор	19.118
вспышка	19.046
пруд	19.037
порт	19.012
сериал	19.012
сорока	19.008
хозяйство	19.005
нужда	19.005
расписание	18.993
дата	18.989
шишка	18.989
желудок	18.986
очко	18.929
глазок	18.928
бутерброд	18.920
побег	18.913
вождь	18.877
бал	18.869
экскурсия	18.866
сук	18.829
видение	18.826
приезд	18.811
бабуля	18.810
мотив	18.780
бокал	18.760
папаша	18.721
молоток	18.721
население	18.706
строительство	18.697
физика	18.691
мышка	18.685
пустота	18.659
шторм	18.654
основа	18.641
жидкость	18.599
схема	18.593
туча	18.572
фрукт	18.557
шрам	18.528
медаль	18.509
месть	18.507
нарушение	18.502
оркестр	18.496
гром	18.491
почва	18.484
свитер	18.478
колледж	18.438
тест	18.423
голубь	18.390
ограбление	18.388
договор	18.384
режим	18.374
догадка	18.365
денёк	18.363
паренёк	18.360
протокол	18.358
негодяй	18.349
эмоция	18.322
железо	18.316
печать	18.285
чайник	18.284
академия	18.279
доклад	18.275
столица	18.275
племя	18.272
молитва	18.267
су	18.262
тётушка	18.234
гадость	18.217
ник	18.151
кружок	18.143
производство	18.140
деятельность	18.139
лыжа	18.120
мертвец	18.088
искра	18.085
понимание	18.067
платформа	18.066
молодость	18.062
утка	18.062
дитя	18.050
традиция	18.043
девица	18.006
лягушка	17.997
прощание	17.987
пятёрка	17.977
механизм	17.968
смелость	17.966
носок	17.959
койка	17.951
француз	17.936
замечание	17.933
закат	17.932
мостик	17.882
магия	17.844
парус	17.837
девка	17.837
убежище	17.836
джинсы	17.827
целое	17.808
контора	17.791
подъём	17.772
салон	17.766
штучка	17.748
набор	17.713
вздох	17.712
богатство	17.667
почерк	17.667
уголь	17.629
тоннель	17.608
требование	17.601
коза	17.601
провал	17.593
рубль	17.587
рамка	17.561
безумие	17.548
сирена	17.547
фон	17.537
клятва	17.524
зоопарк	17.521
благо	17.513
отказ	17.511
пьеса	17.498
кучка	17.496
совещание	17.466
орех	17.465
синяк	17.447
матрос	17.412
пуговица	17.405
цыплёнок	17.396
машинка	17.383
подход	17.382
микрофон	17.375
кора	17.362
листок	17.314
губернатор	17.295
объятие	17.275
бюро	17.269
похищение	17.253
кандидат	17.247
засада	17.210
извинение	17.203
монастырь	17.203
будка	17.194
плавание	17.179
окончание	17.170
неожиданность	17.163
парнишка	17.153
цепочка	17.143
инструкция	17.128
сено	17.104
ручей	17.099
младенец	17.096
указание	17.087
колонна	17.086
тяжесть	17.078
примета	17.059
барабан	17.051
развлечение	17.046
блеск	17.041
рай	17.030
адмирал	17.026
телеграмма	17.012
переход	16.990
послание	16.986
округ	16.979
челюсть	16.974
дружище	16.972
рыбак	16.948
порция	16.942
стыд	16.922
пасть	16.917
шина	16.904
лётчик	16.889
еврей	16.867
паук	16.827
предупреждение	16.810
стойка	16.808
прелесть	16.796
стадо	16.775
кислород	16.767
скрипка	16.758
клиника	16.738
сценарий	16.719
террорист	16.713
имущество	16.668
доступ	16.661
старина	16.660
актриса	16.568
покойник	16.555
агентство	16.537
овца	16.531
назначение	16.511
коляска	16.498
парта	16.484
бык	16.465
развод	16.458
орёл	16.408
оборотень	16.362
открытка	16.357
скелет	16.346
заместитель	16.346
жалоба	16.305
оборона	16.304
кошелёк	16.273
сопротивление	16.271
новое	16.270
малышка	16.269
приговор	16.210
чтение	16.210
июнь	16.205
всадник	16.192
каблук	16.188
звон	16.161
грабитель	16.149
четверг	16.137
турист	16.134
видео	16.132
школьник	16.121
подъезд	16.120
миссия	16.120
матч	16.058
стоп	16.049
минуточка	16.041
простыня	16.030
колония	16.011
исчезновение	15.993
эпизод	15.992
пластинка	15.972
манера	15.972
случайность	15.968
июль	15.909
гроза	15.891
намёк	15.848
поражение	15.829
плен	15.826
сражение	15.820
местность	15.803
оборудование	15.797
дрянь	15.789
багажник	15.762
ребро	15.746
освобождение	15.744
зрелище	15.739
кран	15.737
плод	15.735
жажда	15.734
черепаха	15.714
гонка	15.713
галерея	15.686
статуя	15.654
рецепт	15.643
беспорядок	15.639
сенатор	15.632
тротуар	15.625
собачка	15.618
поза	15.617
жильё	15.613
бревно	15.585
звание	15.583
ставка	15.582
кассета	15.546
братишка	15.544
холл	15.544
ток	15.532
матушка	15.527
салат	15.511
крестьянин	15.497
телевидение	15.497
эфир	15.488
семя	15.474
англичанин	15.457
пульт	15.435
петух	15.433
готовность	15.417
купол	15.384
путешественник	15.369
описание	15.363
кара	15.360
одноклассник	15.359
акция	15.352
внешность	15.352
лужа	15.350
произведение	15.336
пожарный	15.328
килограмм	15.326
шерсть	15.305
хрен	15.292
щель	15.292
орден	15.288
общение	15.278
воспитание	15.271
ворона	15.244
хирург	15.213
батарея	15.195
детишки	15.152
химия	15.144
старшина	15.144
сундук	15.108
обложка	15.082
шёпот	15.052
монах	15.031
печение	15.029
приют	15.010
дверца	14.987
нота	14.968
партизан	14.957
жук	14.946
украшение	14.943
плакат	14.927
вероятность	14.922
мыло	14.914
приз	14.912
октябрь	14.907
оборот	14.901
миллиард	14.895
премия	14.875
японец	14.868
сеньор	14.859
капуста	14.853
пирожок	14.850
даль	14.827
сантиметр	14.819
трагедия	14.814
разок	14.811
стать	14.798
хулиган	14.792
дуб	14.788
эксперт	14.772
кличка	14.771
пение	14.766
прибыль	14.753
интервью	14.750
рожа	14.720
склон	14.702
сучок	14.690
раковина	14.689
змей	14.683
мак	14.681
мелодия	14.675
салфетка	14.668
хан	14.656
сущность	14.650
заведение	14.643
защитник	14.636
сайт	14.636
петля	14.631
овощ	14.610
грань	14.604
сыщик	14.602
разведчик	14.597
снаряд	14.594
редакция	14.594
ураган	14.591
копейка	14.583
кит	14.580
пианино	14.549
предчувствие	14.548
пытка	14.547
наручник	14.535
фигня	14.523
головка	14.520
расход	14.508
питание	14.488
вторник	14.457
процедура	14.453
явление	14.450
злодей	14.450
собственность	14.439
зерно	14.436
посылка	14.417
песенка	14.411
трещина	14.407
корона	14.391
рыбалка	14.389
памятник	14.384
обломок	14.375
пароль	14.373
выпуск	14.368
преподаватель	14.365
стража	14.346
разбойник	14.334
королевство	14.330
залив	14.324
лидер	14.322
вирус	14.301
нитка	14.290
юмор	14.289
царство	14.288
погоня	14.248
толстяк	14.239
похититель	14.216
касса	14.207
отметка	14.163
элемент	14.155
поручение	14.119
достижение	14.112
мышца	14.096
менеджер	14.086
стоянка	14.085
оправдание	14.083
умница	14.078
печаль	14.075
двойка	14.074
ягода	14.063
находка	14.054
печка	14.053
джунгли	14.047
стадион	14.031
следствие	14.022
порода	14.004
тележка	13.991
ветвь	13.984
окошко	13.981
эхо	13.964
горшок	13.956
хижина	13.949
контракт	13.944
порошок	13.935
содержание	13.927
конёк	13.922
тупик	13.910
букет	13.908
обыск	13.906
прикрытие	13.894
транспорт	13.887
министерство	13.882
кепка	13.872
мамаша	13.863
бак	13.861
поп	13.857
тройка	13.848
коготь	13.842
пончик	13.827
республика	13.823
символ	13.809
эпоха	13.808
уборка	13.803
иголка	13.803
действительность	13.801
тропинка	13.781
полоска	13.778
апрель	13.751
пленник	13.749
препятствие	13.739
побережье	13.731
рация	13.727
казнь	13.717
блок	13.712
сеанс	13.712
наступление	13.707
заложник	13.702
основное	13.698
сирота	13.692
сосна	13.690
галактика	13.669
торговля	13.662
царапина	13.626
травма	13.626
акт	13.612
грохот	13.609
схватка	13.590
персонаж	13.587
зависть	13.581
пресса	13.579
сторож	13.572
блондинка	13.564
командование	13.560
преимущество	13.548
болван	13.514
колокол	13.512
месье	13.505
продолжение	13.499
ритм	13.457
мужество	13.453
советник	13.453
посол	13.448
драгоценность	13.447
фонтан	13.442
тропа	13.436
око	13.435
капелька	13.418
бедняга	13.417
ножницы	13.416
аптека	13.409
обучение	13.407
шок	13.377
правление	13.374
гном	13.364
цезарь	13.361
формула	13.327
висок	13.327
церемония	13.300
братство	13.291
пулемёт	13.288
тормоз	13.280
коммунист	13.273
старт	13.272
толчок	13.262
тонна	13.254
заметка	13.246
тесто	13.236
речка	13.233
разрыв	13.208
ступень	13.206
душ	13.196
взвод	13.190
сдача	13.188
вечность	13.186
бриллиант	13.178
фонд	13.162
маршал	13.158
пароход	13.157
логика	13.141
нить	13.139
колбаса	13.130
жулик	13.120
обморок	13.112
старичок	13.110
блокнот	13.101
гудок	13.095
внучка	13.086
копьё	13.077
глоток	13.075
трюк	13.060
табак	13.060
пропуск	13.055
насекомое	13.048
мероприятие	13.031
воробей	13.026
исполнение	13.015
табличка	13.012
пульс	13.006
особенность	13.000
бухта	12.982
исход	12.965
кинжал	12.958
бродяга	12.937
клад	12.937
звено	12.931
бедро	12.920
дисциплина	12.909
натура	12.908
повязка	12.896
строчка	12.896
мерзавец	12.880
жилец	12.877
мороз	12.875
негр	12.865
почка	12.860
заговор	12.849
шарф	12.847
стаканчик	12.816
щётка	12.787
укол	12.781
ноябрь	12.757
плач	12.725
китаец	12.720
торговец	12.718
кончик	12.703
патруль	12.698
джип	12.689
ми	12.673
командор	12.672
тайник	12.671
белка	12.651
сетка	12.650
человечек	12.647
осмотр	12.640
ребёночек	12.639
сочувствие	12.626
опера	12.626
браслет	12.625
плата	12.622
заслуга	12.618
упражнение	12.607
колокольчик	12.606
наследник	12.606
доход	12.569
пирс	12.565
подвиг	12.551
бумажник	12.550
правитель	12.540
обращение	12.537
бум	12.533
отражение	12.530
трон	12.504
чистота	12.504
скот	12.503
конфликт	12.487
игла	12.473
коктейль	12.472
разочарование	12.462
помидор	12.461
затея	12.458
сова	12.458
фотограф	12.451
империя	12.429
кастрюля	12.408
червь	12.396
настоящее	12.390
седло	12.379
жир	12.364
усталость	12.357
доброта	12.348
парашют	12.344
рычаг	12.343
ель	12.342
коленка	12.321
муравей	12.317
фига	12.315
веко	12.304
орбита	12.273
кол	12.268
миска	12.268
укрытие	12.243
ребятки	12.233
пирамида	12.233
нефть	12.218
па	12.215
серебро	12.211
топливо	12.207
аромат	12.205
сочинение	12.199
сигнализация	12.192
шов	12.178
пила	12.171
крем	12.167
красавец	12.158
револьвер	12.145
свалка	12.134
баня	12.134
установка	12.118
читатель	12.104
умение	12.099
хищник	12.065
обрыв	12.061
рама	12.054
герцог	12.052
маньяк	12.046
недоразумение	12.043
перспектива	12.038
граната	12.034
репутация	12.034
особняк	12.028
квадрат	12.023
старость	12.011
трусы	12.005
досада	11.989
огород	11.984
минимум	11.980
раздевалка	11.978
ранение	11.967
занавеска	11.943
цивилизация	11.928
асфальт	11.926
урожай	11.925
слежка	11.923
рельс	11.906
коробок	11.905
грусть	11.905
шкафчик	11.893
горка	11.890
наследство	11.877
барон	11.839
банан	11.821
поклонник	11.817
декабрь	11.817
насилие	11.809
скука	11.799
справка	11.795
соперник	11.781
частица	11.779
чертёж	11.765
акцент	11.757
налог	11.753
семейство	11.730
зажигалка	11.704
вопль	11.693
этап	11.693
комар	11.692
материя	11.680
учение	11.675
верхушка	11.670
таракан	11.670
шлюпка	11.669
сосиска	11.666
чан	11.663
контейнер	11.645
аплодисменты	11.642
великан	11.629
повреждение	11.628
обычай	11.627
сообщник	11.627
официант	11.618
трамвай	11.615
сюжет	11.610
стройка	11.609
повелитель	11.607
январь	11.603
треск	11.599
трасса	11.589
строка	11.583
пепел	11.573
предательство	11.573
подтверждение	11.565
крокодил	11.565
происхождение	11.562
пионер	11.561
отставка	11.557
старое	11.547
враньё	11.536
шампанское	11.534
свидетельство	11.528
верность	11.524
огурец	11.512
розыск	11.512
белок	11.502
равновесие	11.499
шахматы	11.498
чаша	11.496
колдун	11.493
катушка	11.493
постой	11.490
попугай	11.488
оператор	11.484
удочка	11.475
проволока	11.471
крюк	11.446
механик	11.442
лезвие	11.437
цыган	11.431
базар	11.430
проводник	11.410
весло	11.402
беглец	11.402
профессионал	11.390
болтовня	11.385
чек	11.383
племянница	11.363
ядро	11.355
вилка	11.353
фотка	11.345
ноутбук	11.338
подземелье	11.324
расположение	11.317
сумерки	11.306
конюшня	11.304
возражение	11.300
фигурка	11.290
канат	11.263
жвачка	11.253
буфет	11.239
пристань	11.234
шапочка	11.227
красавчик	11.216
медицина	11.206
ком	11.195
психолог	11.188
храбрость	11.180
ученица	11.173
сосуд	11.173
трактор	11.170
дурачок	11.163
запястье	11.140
фантастика	11.126
плот	11.124
спуск	11.108
известие	11.105
дежурство	11.104
соус	11.081
тост	11.071
пропасть	11.064
инстинкт	11.061
чума	11.053
порох	11.050
окружение	11.036
поводок	11.030
мрак	11.022
багаж	11.007
бас	10.996
липа	10.988
график	10.976
зависимость	10.974
технология	10.973
дуга	10.966
вой	10.966
красотка	10.964
изучение	10.948
лиса	10.948
мудрость	10.946
алмаз	10.939
выборы	10.936
кайф	10.931
пузырёк	10.923
хранилище	10.907
темп	10.905
спортсмен	10.901
хранитель	10.900
витрина	10.898
файл	10.891
стон	10.887
кинотеатр	10.883
спинка	10.858
бизнесмен	10.846
кристалл	10.845
парад	10.843
разряд	10.842
высочество	10.839
камин	10.832
авторитет	10.831
лапка	10.830
дикарь	10.827
конференция	10.818
координата	10.817
общежитие	10.807
канава	10.803
ордер	10.790
ирония	10.763
обсуждение	10.744
смесь	10.733
командировка	10.730
порыв	10.719
луг	10.714
коллектив	10.703
свист	10.694
поросёнок	10.691
восхищение	10.671
архив	10.660
посещение	10.658
звездолёт	10.656
фишка	10.656
мячик	10.656
профиль	10.643
прах	10.640
хитрость	10.637
кишка	10.629
кисть	10.625
союзник	10.618
перекрёсток	10.618
размышление	10.615
неудачник	10.615
глина	10.600
ячейка	10.600
волшебство	10.592
дельфин	10.583
брызги	10.580
пицца	10.572
прибытие	10.565
измена	10.555
штора	10.552
маяк	10.545
одолжение	10.527
коробочка	10.512
обочина	10.507
удостоверение	10.502
мафия	10.474
инопланетянин	10.469
ограда	10.463
изобретение	10.455
отсек	10.453
коротышка	10.451
переезд	10.433
протест	10.418
хлопоты	10.414
мадемуазель	10.401
компас	10.394
администрация	10.390
дружка	10.383
аллея	10.377
булочка	10.359
персонал	10.353
воротник	10.335
лошадка	10.327
увлечение	10.324
чернила	10.321
важность	10.316
ля	10.314
копыто	10.303
владение	10.299
секретарша	10.293
телега	10.291
иностранец	10.285
помойка	10.283
фотоаппарат	10.279
ролик	10.266
дорогуша	10.259
хлам	10.257
стихотворение	10.256
февраль	10.256
якорь	10.255
гул	10.252
протяжение	10.242
фара	10.238
батальон	10.228
монетка	10.221
жучок	10.203
вдова	10.196
минус	10.184
восстание	10.183
тыл	10.172
медвежонок	10.166
кубик	10.160
дядюшка	10.153
алиби	10.151
гарантия	10.147
выдумка	10.139
треугольник	10.137
чиновник	10.124
пребывание	10.114
шнурок	10.108
убеждение	10.080
повесть	10.079
уговор	10.071
спортзал	10.054
чудак	10.051
упор	10.038
парик	10.035
шериф	10.020
станок	10.005
причал	9.993
видимость	9.983
орешек	9.983
грош	9.962
рой	9.957
сорт	9.937
суета	9.930
бомж	9.925
спаситель	9.916
бухгалтер	9.913
инициатива	9.911
стопа	9.911
зонтик	9.906
манёвр	9.898
оттенок	9.889
чашечка	9.886
получение	9.884
секция	9.878
величина	9.876
звёздочка	9.876
обход	9.870
выгода	9.862
взрывчатка	9.858
редкость	9.854
балл	9.850
рекорд	9.847
помеха	9.844
ветерок	9.836
ущерб	9.830
словечко	9.820
штраф	9.817
лабиринт	9.817
бинокль	9.815
злоба	9.814
строитель	9.814
татуировка	9.811
цех	9.803
пена	9.800
рок	9.799
учреждение	9.798
скамья	9.787
доброволец	9.782
ресница	9.775
мощность	9.767
монитор	9.761
мишень	9.752
сигара	9.742
поляна	9.729
хаос	9.729
певец	9.715
четвёрка	9.709
секундочка	9.707
шкатулка	9.701
дева	9.699
единица	9.691
дрожь	9.687
юрист	9.682
юность	9.681
зелень	9.671
кампания	9.668
официантка	9.668
вулкан	9.665
карлик	9.650
выпивка	9.644
хранение	9.642
клей	9.640
крот	9.639
пятка	9.615
сектор	9.612
походка	9.611
визг	9.601
наслаждение	9.597
подсказка	9.588
цветочек	9.584
предприятие	9.581
проба	9.580
шорты	9.574
ниточка	9.567
комплимент	9.567
связка	9.561
инвалид	9.547
половинка	9.545
пальчик	9.525
захват	9.524
верблюд	9.518
зомби	9.515
взор	9.514
соседство	9.503
запрет	9.503
поправка	9.490
док	9.488
масштаб	9.486
краб	9.477
мел	9.470
экземпляр	9.459
вышка	9.456
ясность	9.447
запрос	9.446
корм	9.445
кризис	9.445
сложность	9.440
осёл	9.435
бульвар	9.428
окрестность	9.428
сало	9.424
маг	9.421
календарь	9.415
знамя	9.408
стрелок	9.398
чулок	9.397
апельсин	9.396
калитка	9.386
закуска	9.386
барьер	9.385
грипп	9.379
джин	9.373
часовой	9.369
чин	9.361
горилла	9.354
тур	9.344
паровоз	9.341
роба	9.339
братан	9.328
торжество	9.327
лось	9.327
осторожность	9.323
кладовка	9.314
математик	9.312
ребятишки	9.309
струна	9.306
замысел	9.306
заря	9.304
доза	9.294
навык	9.287
хата	9.277
религия	9.272
персона	9.272
прихожая	9.262
рапорт	9.257
косяк	9.220
груша	9.218
пастух	9.213
выкуп	9.213
мускул	9.211
инструктор	9.201
котёл	9.187
отбой	9.175
скатерть	9.170
наблюдатель	9.169
глотка	9.163
паутина	9.161
окраина	9.150
курок	9.129
лай	9.129
шланг	9.124
лапша	9.122
староста	9.120
аргумент	9.119
уничтожение	9.117
свойство	9.116
винт	9.109
лад	9.109
упаковка	9.108
пух	9.097
трибуна	9.097
бокс	9.095
перелом	9.089
бедняжка	9.077
сияние	9.070
разгар	9.066
отчим	9.063
мех	9.055
свисток	9.053
барышня	9.048
насмешка	9.046
мошенник	9.038
ассистент	9.029
рис	9.023
бешенство	9.015
финал	9.011
столкновение	9.008
первое	9.005
аэродром	8.993
оскорбление	8.992
клык	8.990
прогресс	8.986
почтальон	8.983
тайга	8.981
жадность	8.977
диплом	8.972
супруг	8.970
соображение	8.961
профи	8.958
страховка	8.955
соглашение	8.953
космонавт	8.945
забава	8.938
аквариум	8.929
наличие	8.927
карета	8.920
шляпка	8.902
страж	8.898
потомок	8.892
плоть	8.890
будильник	8.888
батарейка	8.886
столетие	8.883
поздравление	8.879
корзинка	8.877
коса	8.872
раса	8.871
сука	8.866
черепашка	8.861
дюжина	8.860
опоздание	8.852
приготовление	8.851
хребет	8.849
обязательство	8.848
постройка	8.844
заряд	8.841
комментарий	8.834
бегство	8.831
вывеска	8.831
залог	8.823
замена	8.820
простор	8.818
врата	8.811
богач	8.804
сфера	8.803
гигант	8.799
учёт	8.788
ворон	8.785
композитор	8.782
снежок	8.765
знаменитость	8.754
заболевание	8.751
училище	8.744
посольство	8.740
жестокость	8.733
наставник	8.723
груда	8.721
езда	8.721
лужайка	8.712
ревность	8.711
перец	8.708
перила	8.704
землетрясение	8.704
оса	8.698
пропажа	8.697
водоросль	8.694
волосок	8.676
кузов	8.667
пижама	8.665
препарат	8.663
прохожий	8.657
дамочка	8.653
лавочка	8.633
шуба	8.632
аллергия	8.621
пейзаж	8.619
повозка	8.614
казино	8.609
нянька	8.600
капюшон	8.595
роща	8.594
казак	8.590
ступня	8.590
нрав	8.586
отвращение	8.582
лик	8.582
государь	8.579
использование	8.569
батюшка	8.564
студентка	8.560
кредит	8.558
снайпер	8.557
бармен	8.556
грамм	8.552
энтузиазм	8.546
приветствие	8.543
десятка	8.535
вежливость	8.533
листовка	8.530
рукопись	8.529
лихорадка	8.525
турнир	8.516
прикосновение	8.511
близость	8.506
подоконник	8.498
сопровождение	8.494
струя	8.493
водопад	8.489
клочок	8.473
инцидент	8.472
спрос	8.466
котлета	8.465
реплика	8.464
матрас	8.463
ром	8.461
поднос	8.456
мощь	8.455
мельница	8.446
подразделение	8.438
физиономия	8.436
переживание	8.432
стоимость	8.421
панель	8.417
оболочка	8.417
предлог	8.416
стопка	8.413
паразит	8.411
спешка	8.403
родня	8.401
доставка	8.399
лимон	8.396
слюна	8.390
облик	8.384
швабра	8.371
сходство	8.364
интернат	8.357
демонстрация	8.354
интуиция	8.342
подделка	8.339
задержка	8.328
пакетик	8.328
зацепка	8.326
лак	8.317
шут	8.296
графиня	8.294
корка	8.288
полюс	8.288
фуражка	8.278
рекомендация	8.274
раздумье	8.273
расстройство	8.273
рояль	8.270
косточка	8.266
киоск	8.266
воздействие	8.264
репортёр	8.263
терраса	8.259
подлец	8.254
фокусник	8.249
прилавок	8.245
уста	8.243
чучело	8.238
бланк	8.231
дядька	8.229
динозавр	8.227
логово	8.225
кузнец	8.215
нежность	8.213
богиня	8.213
зануда	8.213
хлопья	8.206
бедствие	8.205
грек	8.201
электроника	8.197
уборщица	8.196
прожектор	8.192
ящерица	8.190
преданность	8.188
печень	8.188
обитатель	8.181
амбар	8.180
радуга	8.176
анекдот	8.175
вена	8.170
пари	8.165
клюв	8.163
трос	8.161
мох	8.157
тумбочка	8.144
завещание	8.144
факел	8.143
дивизия	8.135
фут	8.129
укус	8.128
си	8.128
архитектор	8.127
потребность	8.126
фанат	8.123
витамин	8.123
зараза	8.112
педаль	8.112
стресс	8.109
меню	8.107
комплекс	8.101
выпускник	8.100
собор	8.100
русалка	8.094
мсье	8.089
свечка	8.084
макароны	8.081
спасатель	8.080
аудитория	8.079
честность	8.074
эвакуация	8.065
жила	8.062
бригадир	8.055
сторонка	8.049
биология	8.048
пучок	8.041
таз	8.038
роса	8.037
поэзия	8.036
бутылочка	8.033
коврик	8.033
комендант	8.032
кашель	8.026
ген	8.026
подошва	8.020
скафандр	8.018
драма	8.016
иллюзия	8.014
истребитель	8.011
клок	8.007
выполнение	8.003
гранат	7.999
дурь	7.998
барахло	7.994
усадьба	7.989
рёв	7.989
вдохновение	7.988
повышение	7.982
опасение	7.981
жуть	7.977
наркоман	7.976
сатана	7.976
одобрение	7.968
пинок	7.962
погреб	7.958
колебание	7.956
атом	7.954
ваза	7.921
заросль	7.921
леденец	7.913
пи	7.911
лепёшка	7.910
камешек	7.907
оперативник	7.903
талисман	7.899
обезьянка	7.894
сталь	7.882
милочка	7.879
футболист	7.874
галлюцинация	7.874
кислота	7.873
разрушение	7.867
течь	7.860
испуг	7.857
шуточка	7.854
метеорит	7.854
тина	7.844
презрение	7.839
определение	7.839
бинт	7.838
ритуал	7.838
опора	7.837
физик	7.835
лёгкость	7.834
генератор	7.827
садовник	7.826
гель	7.824
пирожное	7.822
тара	7.816
степь	7.816
умник	7.810
довод	7.809
дискотека	7.805
ноздря	7.802
трофей	7.802
шайка	7.801
конкурент	7.797
резинка	7.792
мастерство	7.790
странник	7.788
помада	7.788
слушатель	7.777
киллер	7.776
певица	7.773
гольф	7.766
клинок	7.766
стремление	7.766
картофель	7.761
гостья	7.760
замешательство	7.759
освещение	7.755
продюсер	7.755
боксёр	7.746
фермер	7.745
колпак	7.745
странность	7.744
полотно	7.743
ярмарка	7.742
преследование	7.740
лень	7.738
налёт	7.733
малость	7.725
комедия	7.722
воровство	7.721
конструкция	7.718
мол	7.718
соединение	7.705
ожог	7.698
присмотр	7.692
пьяница	7.689
лён	7.684
дистанция	7.674
стан	7.673
кавалер	7.669
лебедь	7.667
паста	7.666
алкоголь	7.664
вилла	7.661
ливень	7.659
приманка	7.657
телескоп	7.653
приёмная	7.646
садик	7.630
салют	7.628
арбуз	7.621
телохранитель	7.620
показатель	7.614
измерение	7.602
купец	7.597
передняя	7.594
вестибюль	7.594
веранда	7.583
география	7.570
телёнок	7.564
набережная	7.555
мат	7.551
носилки	7.546
яблоня	7.540
борец	7.538
баран	7.538
утешение	7.535
талия	7.535
макушка	7.533
похвала	7.525
сладость	7.524
пальма	7.521
аренда	7.521
эра	7.516
применение	7.515
личико	7.503
сплетня	7.495
объём	7.494
солома	7.489
медик	7.480
спонсор	7.470
яичница	7.467
узор	7.466
оплата	7.463
эльф	7.459
санитар	7.457
малышок	7.456
повестка	7.455
плотина	7.455
миллионер	7.443
ссылка	7.438
миледи	7.436
скальпель	7.435
останки	7.433
пингвин	7.428
тактика	7.422
червяк	7.410
пята	7.407
батя	7.399
безобразие	7.394
ветеран	7.391
арена	7.391
барабанщик	7.385
крылышко	7.380
тыква	7.373
фестиваль	7.372
вал	7.345
булка	7.344
гавань	7.343
снаряжение	7.340
творчество	7.339
консультация	7.337
ошейник	7.337
банкир	7.337
занавес	7.335
исследователь	7.331
прицел	7.329
специальность	7.326
бритва	7.323
плитка	7.319
дипломат	7.316
департамент	7.300
второе	7.299
приёмник	7.291
поединок	7.290
тетрадка	7.281
антенна	7.277
психиатр	7.272
вторжение	7.268
палач	7.264
биография	7.262
счёты	7.261
колдовство	7.260
ворот	7.258
подкрепление	7.257
мучение	7.250
кабель	7.248
стражник	7.246
горничная	7.245
баллон	7.245
механика	7.240
берет	7.234
подлодка	7.234
башмак	7.227
морковка	7.222
возмущение	7.222
равнина	7.215
ноша	7.214
икра	7.212
жеребец	7.212
вдох	7.207
инфекция	7.203
форт	7.202
стрижка	7.201
скважина	7.200
содержимое	7.199
скульптура	7.195
хвостик	7.188
жилет	7.185
совершенство	7.185
беженец	7.181
мачта	7.177
философия	7.173
уравнение	7.167
мыс	7.164
лимузин	7.164
милорд	7.161
восстановление	7.158
кувшин	7.154
двойник	7.154
зов	7.149
субъект	7.138
подполковник	7.134
призыв	7.133
миф	7.124
строение	7.118
разработка	7.115
пехота	7.111
треть	7.110
выключатель	7.108
чемпионат	7.104
проспект	7.104
идеал	7.102
продавщица	7.099
зайчик	7.094
истерика	7.092
лимонад	7.089
нация	7.084
скаут	7.082
балет	7.081
собеседник	7.072
угощение	7.069
виноград	7.069
мораль	7.068
стадия	7.062
ковбой	7.062
подача	7.060
щи	7.058
скрип	7.056
заголовок	7.054
чутьё	7.051
размах	7.049
ветеринар	7.033
раздражение	7.033
цветной	7.031
вмешательство	7.029
водяной	7.029
опека	7.028
колонка	7.028
клан	7.024
разборка	7.021
рукоятка	7.020
участь	7.020
жилище	7.018
отход	7.012
голубчик	7.003
претензия	7.002
колечко	6.998
выходка	6.995
дворник	6.993
унижение	6.992
диагноз	6.987
рубаха	6.983
пособие	6.972
пола	6.965
структура	6.963
маленькая	6.961
мундир	6.961
бросок	6.959
гвардия	6.958
удовлетворение	6.957
насос	6.951
диета	6.950
комбинезон	6.948
кулиса	6.945
предосторожность	6.940
рюмка	6.937
термин	6.924
скидка	6.924
купе	6.919
передатчик	6.917
кузнечик	6.914
консультант	6.912
низ	6.912
бунт	6.903
проезд	6.903
пень	6.899
вата	6.898
шоколадка	6.897
радиус	6.894
категория	6.892
конфетка	6.891
диктор	6.887
местонахождение	6.885
кукуруза	6.882
проявление	6.879
унитаз	6.872
голосование	6.868
икона	6.865
рывок	6.863
сквер	6.863
братик	6.857
мясник	6.855
овраг	6.846
кубок	6.834
таблица	6.834
нарушитель	6.833
вешалка	6.826
такт	6.821
фейерверк	6.820
каток	6.816
выигрыш	6.812
колдунья	6.810
героиня	6.807
розыгрыш	6.806
соответствие	6.806
горечь	6.795
губка	6.794
физкультура	6.793
окоп	6.791
штуковина	6.789
глупец	6.780
казарма	6.774
бункер	6.773
прикол	6.769
бездельник	6.765
комбинация	6.758
загар	6.757
перестрелка	6.755
астероид	6.755
сани	6.734
изба	6.733
ласка	6.730
светлость	6.725
пожелание	6.723
округа	6.722
брюхо	6.721
плотник	6.720
прут	6.718
листва	6.711
обои	6.706
невидимка	6.704
броня	6.704
крона	6.703
особа	6.703
словарь	6.703
симпатия	6.702
ось	6.701
дяденька	6.701
качели	6.699
шнур	6.684
епископ	6.680
завуч	6.672
комок	6.671
опухоль	6.669
гребень	6.666
капитал	6.664
гардероб	6.664
гильза	6.662
несправедливость	6.662
митинг	6.661
экспертиза	6.658
ленточка	6.649
машинист	6.648
психология	6.647
решимость	6.647
телик	6.634
газон	6.632
суша	6.631
возбуждение	6.626
большевик	6.619
мент	6.615
шест	6.615
шёлк	6.613
купюра	6.613
блузка	6.610
постановка	6.603
скотч	6.597
морг	6.596
автограф	6.584
соломинка	6.584
калибр	6.583
поклон	6.578
мачеха	6.573
магнитофон	6.570
ширина	6.565
жюри	6.564
штурм	6.560
наглость	6.559
помощница	6.558
восход	6.556
лом	6.555
покушение	6.550
диспетчер	6.541
аккумулятор	6.538
гол	6.536
цилиндр	6.534
частота	6.533
ёжик	6.530
мешочек	6.528
фартук	6.526
взлёт	6.519
косичка	6.516
эль	6.516
шорох	6.512
золушка	6.510
шашка	6.505
франк	6.500
независимость	6.494
сторонник	6.493
исполнитель	6.489
сковородка	6.474
костыль	6.470
зарядка	6.460
уловка	6.455
заблуждение	6.452
курьер	6.450
финн	6.447
просмотр	6.445
надзиратель	6.434
наушник	6.433
пшеница	6.426
правосудие	6.426
зрачок	6.424
главарь	6.420
недоумение	6.416
факультет	6.416
приближение	6.413
чипсы	6.411
конгресс	6.406
кузина	6.403
чип	6.396
уборная	6.392
упоминание	6.391
анкета	6.385
капрал	6.385
пенсионер	6.379
кабинка	6.377
сооружение	6.377
щелчок	6.368
мамка	6.362
годовщина	6.362
живопись	6.356
лис	6.356
милиционер	6.349
бета	6.348
утёс	6.337
издание	6.334
устав	6.329
дробь	6.322
сабля	6.320
итальянец	6.319
почтение	6.318
прилив	6.316
комод	6.315
хлопок	6.314
радиостанция	6.309
русло	6.308
духи	6.308
жаба	6.301
силуэт	6.301
владыка	6.294
кузен	6.292
клюшка	6.290
складка	6.289
магнит	6.285
знаток	6.285
цент	6.282
корреспондент	6.278
романтика	6.274
варение	6.273
сочетание	6.272
рядовой	6.270
веснушка	6.269
соловей	6.268
свинка	6.266
функция	6.265
тоник	6.263
подмога	6.262
чайка	6.255
парикмахер	6.245
линейка	6.244
шифр	6.242
раствор	6.236
метла	6.236
свод	6.233
штык	6.230
мушкетёр	6.228
мудрец	6.227
прислуга	6.227
котелок	6.225
превосходительство	6.217
серьга	6.213
черёд	6.208
статус	6.208
троица	6.199
подряд	6.197
джинн	6.193
кабан	6.192
питомец	6.188
мурашки	6.181
штурвал	6.180
очаг	6.169
старание	6.162
водичка	6.161
раскопка	6.160
вальс	6.158
ушко	6.157
карусель	6.156
ястреб	6.156
климат	6.156
активность	6.150
растерянность	6.149
милосердие	6.148
воспитатель	6.134
горожанин	6.133
рубеж	6.132
съезд	6.130
археолог	6.129
гарь	6.127
шпага	6.125
караул	6.122
создатель	6.117
чемоданчик	6.113
топ	6.106
балка	6.106
величие	6.103
титул	6.100
медальон	6.100
расставание	6.100
подножие	6.098
чертовщина	6.098
лепесток	6.096
счастливчик	6.095
як	6.091
сокол	6.087
творение	6.084
забастовка	6.078
опрос	6.078
репортаж	6.078
супермаркет	6.068
синьор	6.067
нагрузка	6.057
обрывок	6.047
кон	6.041
матка	6.041
визитка	6.040
пир	6.030
преследователь	6.030
кроватка	6.030
чужак	6.029
трубочка	6.019
испанец	6.017
колея	6.017
академик	6.015
курорт	6.009
алгебра	6.008
купальник	6.008
морщина	6.000
заработок	6.000
капкан	5.999
утверждение	5.997
подсудимый	5.995
общественность	5.990
увольнение	5.989
лопатка	5.989
мах	5.983
поговорка	5.982
бетон	5.979
вожак	5.979
рубка	5.977
теннис	5.970
навоз	5.967
недоверие	5.963
незнакомка	5.962
экспонат	5.959
слабак	5.955
симптом	5.954
икс	5.949
полпути	5.949
ива	5.947
импульс	5.947
трюм	5.947
литр	5.946
залп	5.944
консервы	5.939
гусеница	5.933
обманщик	5.927
дебил	5.922
лёт	5.921
заноза	5.920
гипотеза	5.919
радиация	5.913
олимпиада	5.910
дубинка	5.903
бездна	5.903
взятка	5.903
сервер	5.899
дискуссия	5.898
декорация	5.890
блинчик	5.887
здоровяк	5.886
коньяк	5.882
вишня	5.881
подобие	5.878
присяга	5.876
линза	5.874
роскошь	5.870
бедняк	5.867
дуэль	5.865
промах	5.865
грабёж	5.862
справа	5.856
характеристика	5.855
геолог	5.855
шприц	5.851
пантера	5.850
переписка	5.846
десерт	5.842
царица	5.842
превращение	5.837
шедевр	5.835
ниша	5.833
критика	5.832
баржа	5.831
плесень	5.826
депутат	5.823
сувенир	5.817
эпидемия	5.817
ил	5.816
экономика	5.812
развалины	5.809
справочник	5.809
рабство	5.808
карантин	5.805
зола	5.805
старшеклассник	5.804
рейд	5.804
отвёртка	5.803
бублик	5.801
простуда	5.801
тошнота	5.797
кладовая	5.791
штурман	5.790
раздел	5.787
вознаграждение	5.784
алтарь	5.780
худо	5.775
смола	5.773
арка	5.773
стирка	5.766
крушение	5.761
служанка	5.757
обследование	5.754
квитанция	5.753
стратегия	5.752
стебель	5.744
сводка	5.743
клавиша	5.739
доченька	5.735
комплект	5.735
яблочко	5.734
депо	5.722
аттракцион	5.721
поместье	5.716
депрессия	5.715
куколка	5.709
позвоночник	5.707
изумление	5.705
цитата	5.704
напоминание	5.704
пророк	5.704
чудище	5.703
стог	5.696
промежуток	5.694
астронавт	5.693
ветчина	5.690
обряд	5.684
булавка	5.681
выезд	5.674
усталь	5.673
телек	5.673
престол	5.671
медь	5.670
отзыв	5.669
десятилетие	5.667
котик	5.666
хоккей	5.665
верста	5.664
крестик	5.661
мель	5.660
излучение	5.659
разлука	5.653
любимец	5.652
смущение	5.652
прогноз	5.647
рудник	5.644
передышка	5.643
принадлежность	5.642
кнут	5.641
малец	5.638
пушок	5.638
солдатик	5.637
осложнение	5.635
люстра	5.634
лотерея	5.632
горох	5.629
проведение	5.627
шахтёр	5.622
возглас	5.620
жрец	5.618
ласточка	5.617
косметика	5.616
попка	5.610
молодчина	5.608
фундамент	5.603
философ	5.601
пылесос	5.600
историк	5.599
крейсер	5.599
пятнышко	5.591
газировка	5.589
санаторий	5.584
ракушка	5.578
прорыв	5.578
перелёт	5.578
выручка	5.576
политик	5.573
неловкость	5.571
указ	5.566
баночка	5.561
чеснок	5.560
часовня	5.560
пощада	5.559
химик	5.557
алхимик	5.555
судорога	5.555
изгородь	5.547
частность	5.546
заводь	5.539
рыжик	5.538
трата	5.538
поэма	5.537
покрывало	5.537
шах	5.533
сотрясение	5.532
птенец	5.531
показ	5.529
бюджет	5.527
шип	5.525
подвох	5.517
артиллерия	5.517
передвижение	5.517
зять	5.514
комета	5.508
напасть	5.507
уха	5.506
спец	5.505
состязание	5.504
колода	5.504
кандидатура	5.503
всплеск	5.501
изобретатель	5.500
пазуха	5.496
марля	5.494
фитиль	5.494
резина	5.490
вожатый	5.485
рассудок	5.483
преступность	5.481
страничка	5.481
кипяток	5.480
преграда	5.468
трость	5.468
кирка	5.468
евро	5.468
окурок	5.461
хакер	5.460
кофта	5.459
превосходство	5.455
удобство	5.454
воронка	5.448
рисование	5.447
пощёчина	5.446
кодекс	5.441
клубника	5.436
пас	5.435
маэстро	5.433
кафедра	5.429
взлом	5.424
перевозка	5.420
карьер	5.419
кустарник	5.416
дуло	5.414
сообщество	5.413
пик	5.411
разгадка	5.404
издательство	5.399
ловля	5.395
суматоха	5.390
муза	5.386
разнообразие	5.385
капот	5.380
толщина	5.376
стипендия	5.374
откос	5.367
припадок	5.365
домработница	5.364
свинец	5.358
склеп	5.355
недовольство	5.354
отступление	5.351
пустырь	5.351
пружина	5.350
классика	5.350
заявка	5.349
кекс	5.341
каска	5.340
материк	5.338
скула	5.337
духовка	5.334
ромашка	5.329
микроб	5.325
улей	5.324
марсианин	5.323
внутренность	5.321
шаман	5.319
уйма	5.317
упрёк	5.317
алкоголик	5.313
организатор	5.308
зонт	5.308
альфа	5.303
грузчик	5.302
ладошка	5.298
администратор	5.294
вклад	5.291
люкс	5.291
носик	5.285
астроном	5.282
турок	5.281
улитка	5.281
обзор	5.280
выдержка	5.280
инфаркт	5.275
трап	5.275
обстрел	5.272
мышление	5.271
завершение	5.268
тяга	5.267
бес	5.267
ёж	5.267
сандалия	5.260
давность	5.259
слива	5.252
стихия	5.247
сустав	5.245
интеллект	5.243
резерв	5.243
креветка	5.239
среднее	5.239
дань	5.238
зелье	5.237
манер	5.236
задачка	5.235
фрагмент	5.234
путаница	5.228
кратер	5.225
шлюз	5.221
болт	5.219
фланг	5.219
землянин	5.218
таксист	5.215
ресурс	5.213
мазь	5.213
спирт	5.213
мультик	5.211
листочек	5.210
мизинец	5.205
пыл	5.205
гробница	5.205
дубина	5.200
запуск	5.195
вскрытие	5.195
пикник	5.194
возня	5.192
зверёк	5.190
полномочие	5.189
электростанция	5.187
парковка	5.185
снежинка	5.180
сестричка	5.179
любовник	5.177
магистр	5.175
демократия	5.171
оригинал	5.169
группировка	5.163
дума	5.159
выговор	5.154
корочка	5.153
шлюха	5.149
гимн	5.149
ходьба	5.149
бесконечность	5.145
сопляк	5.142
каштан	5.137
ссадина	5.134
созвездие	5.132
глушь	5.129
глобус	5.129
лира	5.128
персик	5.127
язва	5.122
дворянин	5.122
призвание	5.121
жетон	5.119
школьница	5.117
фюрер	5.111
макияж	5.108
смятение	5.108
светофор	5.104
мерзость	5.104
актив	5.097
утрата	5.097
сыночек	5.091
прима	5.089
синьора	5.086
брезент	5.085
му	5.084
туловище	5.078
лазарет	5.075
неудобство	5.072
яичко	5.063
дровосек	5.063
приложение	5.060
флажок	5.058
слесарь	5.055
боцман	5.049
сотрудничество	5.047
танцор	5.046
мумия	5.045
бдительность	5.042
мышонок	5.032
чулан	5.030
поступление	5.029
гипноз	5.027
рентген	5.021
аукцион	5.020
различие	5.020
клапан	5.019
голосок	5.011
вонь	5.009
кайло	5.009
ножик	5.006
отвага	5.005
раунд	5.005
приказание	5.005
педагог	5.003
шестёрка	5.002
кейс	4.994
писк	4.994
подставка	4.994
наёмник	4.991
вздор	4.990
бородка	4.988
забрало	4.988
буксир	4.985
аптечка	4.985
пролёт	4.982
колхоз	4.982
осуждение	4.981
пёсик	4.980
самец	4.980
маркиз	4.979
прокуратура	4.979
медуза	4.977
кредитка	4.977
караван	4.976
маскировка	4.974
камушек	4.973
футляр	4.972
хватка	4.968
деточка	4.966
глыба	4.965
эгоист	4.964
рассуждение	4.962
горючее	4.956
отравление	4.956
проникновение	4.953
сироп	4.953
ринг	4.952
балбес	4.950
диалог	4.946
увеличение	4.946
утёнок	4.940
хобби	4.939
убыток	4.934
вылет	4.934
наконечник	4.931
йод	4.927
патриот	4.917
императрица	4.917
гипс	4.916
урна	4.914
берёза	4.913
искатель	4.912
сестрица	4.910
флейта	4.909
разногласие	4.908
любезность	4.908
воротничок	4.899
дырочка	4.895
гармония	4.894
магазинчик	4.891
лопух	4.890
чистка	4.887
кактус	4.882
вахта	4.882
выступ	4.880
болтун	4.876
максимум	4.876
закрытие	4.876
грубость	4.874
виски	4.874
лига	4.872
семинар	4.868
авиация	4.867
ассоциация	4.864
спираль	4.864
говор	4.863
сострадание	4.863
бич	4.862
провинция	4.861
семечко	4.858
склонность	4.851
правота	4.845
потрясение	4.844
балерина	4.841
переворот	4.841
перстень	4.839
ночёвка	4.836
бор	4.834
аппаратура	4.831
отпор	4.829
познание	4.828
калека	4.827
перегородка	4.826
талон	4.825
тик	4.824
каталог	4.822
сверчок	4.820
привязанность	4.816
община	4.815
континент	4.811
отстой	4.811
проём	4.810
карнавал	4.806
отправка	4.805
туфелька	4.803
утюг	4.803
заправка	4.803
прятки	4.796
коллекционер	4.793
путник	4.791
известность	4.788
заход	4.787
мурашка	4.786
обслуживание	4.785
рожок	4.785
подсчёт	4.782
коттедж	4.781
видеокамера	4.779
кило	4.777
микроскоп	4.776
отличник	4.773
клиентка	4.771
горошек	4.767
хорёк	4.766
профсоюз	4.761
массаж	4.759
вступление	4.759
пластырь	4.756
шутник	4.756
выживание	4.754
град	4.753
девиз	4.750
конечность	4.749
верёвочка	4.747
очистка	4.744
стычка	4.741
навес	4.738
горсть	4.736
отрывок	4.734
боязнь	4.728
шалаш	4.720
вооружение	4.719
объектив	4.719
бактерия	4.717
мартышка	4.717
фильтр	4.713
распространение	4.712
жемчужина	4.709
федерация	4.709
клубок	4.708
вражда	4.706
сапёр	4.700
какао	4.696
премьера	4.693
скачок	4.693
переплёт	4.689
поселение	4.686
негодование	4.686
азарт	4.685
сенсация	4.683
сокращение	4.678
делегация	4.676
мушка	4.676
рифма	4.676
тысячелетие	4.676
пролив	4.674
чехол	4.674
бочонок	4.674
компаньон	4.664
беременность	4.662
улов	4.659
таверна	4.658
петрушка	4.658
воск	4.657
популярность	4.656
сливки	4.655
ода	4.653
псевдоним	4.651
воспаление	4.650
стержень	4.648
спутница	4.647
ничтожество	4.647
изделие	4.646
прядь	4.646
дельта	4.639
афиша	4.637
людоед	4.635
герб	4.634
варежка	4.634
цикл	4.633
облава	4.632
гарнизон	4.631
боевик	4.622
родинка	4.621
блоха	4.620
дозор	4.616
коммуна	4.616
промышленность	4.616
почёт	4.615
воплощение	4.613
геометрия	4.606
финансы	4.605
электричка	4.605
формальность	4.605
грива	4.598
кушетка	4.591
ночлег	4.590
тролль	4.588
веер	4.584
коммунизм	4.582
серьёзность	4.579
табуретка	4.578
фактор	4.577
островок	4.575
дурень	4.568
славка	4.567
эволюция	4.565
предсказание	4.558
изолятор	4.557
абсурд	4.554
родственница	4.552
раскаяние	4.551
жандарм	4.550
неделька	4.545
завал	4.542
пробежка	4.531
лифчик	4.531
утечка	4.530
одеколон	4.529
бардак	4.524
сохранение	4.523
лицензия	4.514
байка	4.513
козырь	4.513
парикмахерская	4.512
ранг	4.512
гимнастика	4.510
щупальце	4.510
завеса	4.510
жесть	4.504
бессонница	4.500
баскетбол	4.500
расспрос	4.494
гравитация	4.493
стенд	4.486
берлога	4.485
неприязнь	4.481
терапия	4.479
тусовка	4.479
периметр	4.478
сохранность	4.476
корыто	4.476
самочувствие	4.470
конвой	4.466
кривая	4.466
козырёк	4.464
усмешка	4.463
колёсико	4.460
дождик	4.459
лава	4.456
парламент	4.453
ложечка	4.450
разрез	4.447
леший	4.447
блондин	4.444
чека	4.436
фараон	4.432
гостеприимство	4.429
лесник	4.427
болельщик	4.427
пасха	4.427
овчарка	4.425
чаёк	4.423
семейка	4.420
холст	4.418
виновник	4.416
комнатка	4.416
статуэтка	4.411
нутро	4.409
темница	4.408
малютка	4.404
лодыжка	4.404
купание	4.404
оформление	4.404
ощупь	4.403
погон	4.401
здравие	4.401
сосок	4.399
воровка	4.399
тушь	4.399
затруднение	4.397
динамит	4.396
щепка	4.395
манекен	4.395
очертание	4.395
гимназия	4.393
презентация	4.393
портной	4.392
сиделка	4.392
венок	4.391
репа	4.388
га	4.388
досье	4.386
кузня	4.385
бедность	4.385
нотка	4.383
личинка	4.380
привилегия	4.378
регистрация	4.377
техник	4.376
попадание	4.374
костюмчик	4.374
заказчик	4.373
пепельница	4.373
сет	4.369
детёныш	4.368
продукция	4.359
перемещение	4.357
траншея	4.356
имение	4.355
учительская	4.354
колокольня	4.352
комикс	4.352
шрифт	4.350
суждение	4.346
водолаз	4.346
реактор	4.345
мгла	4.344
мальчуган	4.340
монахиня	4.338
далёко	4.337
счётчик	4.336
лжец	4.329
морковь	4.327
свёрток	4.325
милка	4.324
сугроб	4.319
добавка	4.317
беседка	4.316
веник	4.316
везение	4.314
смотритель	4.312
ночка	4.309
лентяй	4.304
грабли	4.304
христианин	4.304
позволение	4.302
близняшка	4.301
усик	4.298
стажёр	4.297
шеренга	4.296
пересадка	4.295
обработка	4.292
прослушивание	4.292
тёлка	4.291
опекун	4.291
блокада	4.291
виза	4.291
порез	4.288
балда	4.286
одуванчик	4.286
благополучие	4.282
благословение	4.278
восьмёрка	4.275
банкет	4.275
ботаник	4.275
кораблик	4.272
грядка	4.270
кукушка	4.269
крендель	4.268
улыбочка	4.267
кремль	4.265
малина	4.263
биржа	4.258
чаща	4.257
неизвестность	4.255
сударь	4.253
соблазн	4.251
бант	4.247
противоречие	4.245
надзор	4.245
бочок	4.243
гадюка	4.242
стрекоза	4.240
полено	4.239
конституция	4.238
поимка	4.236
поляк	4.235
скорбь	4.234
омлет	4.234
пёрышко	4.233
порок	4.232
невиновность	4.230
филиал	4.228
шакал	4.228
диаметр	4.226
сударыня	4.224
лилия	4.224
окунь	4.222
начальница	4.221
пешка	4.220
выздоровление	4.217
колючка	4.217
осада	4.217
фаза	4.215
дюйм	4.214
керосин	4.213
молекула	4.212
воришка	4.211
тёща	4.204
вафля	4.203
грибок	4.202
капсула	4.201
пузо	4.200
гангстер	4.199
протез	4.198
следопыт	4.198
влага	4.198
курсант	4.196
торпеда	4.195
селёдка	4.195
рабыня	4.193
срыв	4.191
девчата	4.191
блюдечко	4.188
предохранитель	4.185
расплата	4.184
принятие	4.183
обеспечение	4.181
цемент	4.180
датчик	4.179
тополь	4.178
вещица	4.178
пригород	4.178
ловкость	4.174
покров	4.172
грим	4.172
пряник	4.170
самка	4.170
араб	4.168
обсерватория	4.168
наводка	4.165
скромность	4.165
кобыла	4.165
грёза	4.164
шантаж	4.164
бычок	4.160
дворик	4.157
поджог	4.157
чёлка	4.152
ров	4.152
весы	4.148
одноклассница	4.146
улучшение	4.146
отдельность	4.144
автоответчик	4.143
синдром	4.142
метель	4.142
сговор	4.141
уголовник	4.141
облачко	4.139
канализация	4.139
диссертация	4.137
задержание	4.133
кондиционер	4.130
постановление	4.130
бойфренд	4.129
самолюбие	4.124
декан	4.123
латынь	4.121
повстанец	4.119
заповедник	4.114
благодать	4.112
ниндзя	4.112
отопление	4.111
реанимация	4.111
барак	4.108
комп	4.099
батон	4.099
дятел	4.098
пудель	4.097
возмездие	4.095
контрабанда	4.095
иск	4.095
полнолуние	4.094
безумец	4.091
грамота	4.090
надобность	4.089
вратарь	4.085
приличие	4.085
прокат	4.080
властелин	4.079
дичь	4.077
финиш	4.074
дирижёр	4.070
упырь	4.070
любовница	4.069
скорпион	4.069
искорка	4.063
трепет	4.062
рукопожатие	4.061
заклятие	4.060
самурай	4.056
волшебница	4.054
туз	4.054
холостяк	4.054
пристрастие	4.053
канистра	4.052
метка	4.052
ничья	4.051
арсенал	4.050
риф	4.050
кардинал	4.049
бессмертие	4.048
лоток	4.048
ледник	4.046
швейцар	4.046
гонщик	4.045
энциклопедия	4.045
корешок	4.044
идол	4.041
подполье	4.041
моль	4.041
цыганка	4.040
наклейка	4.039
бобёр	4.039
наставление	4.037
психика	4.037
волокно	4.036
трусость	4.035
выписка	4.035
секта	4.032
напор	4.030
наживка	4.024
клоп	4.023
взмах	4.022
спецназ	4.021
веточка	4.018
жемчуг	4.017
дизайнер	4.017
вентилятор	4.015
набросок	4.015
гидра	4.012
детдом	4.011
пекарня	4.010
дедуля	4.009
зеркальце	4.008
собеседование	4.008
продовольствие	4.005
обладатель	4.004
гармошка	4.003
катание	4.001
кобура	4.000
матрац	3.999
кок	3.997
вошь	3.993
гражданка	3.991
ослик	3.990
прыщ	3.988
лакей	3.985
миллиметр	3.984
комфорт	3.981
амулет	3.974
сбережение	3.973
загон	3.973
алфавит	3.972
юбилей	3.971
притяжение	3.971
баллончик	3.971
перебор	3.968
архитектура	3.968
укрепление	3.967
слог	3.965
ранец	3.963
лунка	3.960
дерзость	3.957
бот	3.955
клин	3.954
неохота	3.954
устрица	3.953
контур	3.953
запор	3.953
траектория	3.951
цистерна	3.950
последовательность	3.950
валюта	3.950
пророчество	3.948
упорство	3.947
перевал	3.947
кисточка	3.947
лавина	3.946
курение	3.946
плавник	3.944
издевательство	3.943
лишение	3.943
вентиляция	3.942
пословица	3.940
упрямство	3.935
селение	3.934
дыня	3.933
бытие	3.932
сборная	3.930
затвор	3.929
горчица	3.925
покрышка	3.924
аванс	3.924
интонация	3.924
посредник	3.915
подлость	3.910
достопримечательность	3.905
гонорар	3.905
продвижение	3.904
гирлянда	3.903
лихо	3.903
земляк	3.900
планшет	3.900
сердечко	3.898
ведёрко	3.897
гастроль	3.890
клавиатура	3.889
лиана	3.887
проступок	3.886
предводитель	3.886
булыжник	3.883
заражение	3.882
ускорение	3.882
хруст	3.882
смог	3.880
мопед	3.879
мамонт	3.878
огорчение	3.876
откровение	3.875
гамма	3.867
простота	3.867
иго	3.865
изготовление	3.865
баланс	3.863
проповедь	3.862
рысь	3.860
проделка	3.859
искушение	3.859
отклонение	3.857
скачка	3.857
кросс	3.854
этикетка	3.851
клён	3.850
старец	3.850
лисица	3.849
вагончик	3.848
изменник	3.847
говядина	3.844
сорняк	3.843
очарование	3.843
свежесть	3.841
баррикада	3.841
ягнёнок	3.840
интрига	3.838
головокружение	3.838
курятник	3.837
компенсация	3.837
грунт	3.836
платочек	3.834
хлопец	3.830
расчёска	3.828
перемирие	3.828
гуща	3.828
западня	3.824
кровотечение	3.823
плантация	3.823
возврат	3.822
пилюля	3.818
пастор	3.817
сбой	3.815
недвижимость	3.815
мольба	3.813
пони	3.813
статистика	3.811
жалование	3.808
эшелон	3.807
директриса	3.807
каприз	3.806
преступница	3.804
курильщик	3.799
бегемот	3.798
мошенничество	3.798
целость	3.797
осьминог	3.796
шу	3.794
сквозняк	3.793
застава	3.793
шатёр	3.792
сырость	3.791
артерия	3.791
приспособление	3.787
брюнетка	3.787
артистка	3.784
узник	3.783
романтик	3.782
клумба	3.782
тюлень	3.780
сумасшествие	3.778
деятель	3.778
кассир	3.766
избыток	3.765
мозоль	3.765
джаз	3.764
флакон	3.761
наводнение	3.761
покровитель	3.759
розетка	3.759
радист	3.758
малёк	3.757
универмаг	3.754
пограничник	3.751
кофточка	3.750
скорлупа	3.746
изюм	3.744
очевидец	3.741
роды	3.741
оратор	3.741
триумф	3.740
часок	3.740
частичка	3.736
экспресс	3.734
прошение	3.734
клещ	3.732
откровенность	3.731
олух	3.731
лозунг	3.729
носорог	3.727
янки	3.725
колготки	3.724
ангар	3.723
вещичка	3.721
пряжка	3.720
исповедь	3.719
таможня	3.717
расстрел	3.714
нехватка	3.713
сапожник	3.713
пиявка	3.712
ушиб	3.711
узелок	3.710
пластина	3.709
сеньора	3.708
мятежник	3.706
молот	3.706
контролёр	3.705
вылазка	3.705
наследие	3.702
искренность	3.702
взнос	3.701
вонючка	3.700
реликвия	3.698
блаженство	3.698
ругательство	3.697
десант	3.696
недра	3.695
штанишки	3.694
блёстка	3.691
ремесло	3.691
шайба	3.690
порча	3.689
кочка	3.685
успеваемость	3.685
мутант	3.679
ремешок	3.678
дог	3.677
мантия	3.677
паёк	3.677
пробуждение	3.675
дешёвка	3.674
нищета	3.673
капельница	3.671
ансамбль	3.671
усердие	3.670
дизайн	3.668
шпана	3.668
моллюск	3.667
шкала	3.665
бомбардировщик	3.663
вездеход	3.661
расправа	3.658
благородство	3.655
симка	3.654
отбор	3.652
мамуля	3.647
бульдог	3.647
классик	3.646
имидж	3.646
критик	3.642
арифметика	3.641
жребий	3.639
невестка	3.638
голубка	3.638
ртуть	3.637
павильон	3.636
дубль	3.635
тётенька	3.635
стандарт	3.635
канцелярия	3.633
санки	3.633
братва	3.632
терминатор	3.632
биолог	3.632
султан	3.630
богатырь	3.629
благотворительность	3.628
крапива	3.628
ровесник	3.623
румянец	3.623
ключик	3.622
нары	3.619
конструктор	3.619
байкер	3.618
танцовщица	3.616
ре	3.615
бомбёжка	3.613
инициал	3.612
изгнание	3.612
накидка	3.611
вращение	3.611
контрразведка	3.608
разворот	3.608
лунатик	3.608
расписка	3.606
юнга	3.605
уголёк	3.605
мэрия	3.605
шпилька	3.605
курочка	3.603
корпорация	3.602
пюре	3.601
стружка	3.599
афера	3.598
посох	3.597
скопление	3.596
йогурт	3.595
разоблачение	3.595
подкова	3.594
старейшина	3.594
зажим	3.594
гвоздик	3.592
ананас	3.592
малолетка	3.591
жижа	3.590
девчушка	3.588
ржавчина	3.587
восприятие	3.585
лазейка	3.584
рогатка	3.581
униформа	3.580
композиция	3.578
пресс	3.576
голландец	3.575
мститель	3.575
библиотекарь	3.575
брошюра	3.574
бульон	3.574
начинка	3.574
кетчуп	3.573
пловец	3.570
древность	3.570
посланник	3.570
ковчег	3.569
острота	3.569
хохот	3.569
диктофон	3.565
трибунал	3.565
фаворит	3.564
браконьер	3.564
аккорд	3.563
гайка	3.562
шаль	3.561
донна	3.554
экономия	3.552
панцирь	3.551
толика	3.550
экстрасенс	3.546
пациентка	3.543
обыкновение	3.542
чёртик	3.541
грот	3.541
выдох	3.534
валун	3.534
кобра	3.529
разъезд	3.525
ракетка	3.525
гестапо	3.525
топот	3.524
валет	3.523
ограничение	3.522
ларёк	3.522
борщ	3.522
леопард	3.521
паром	3.519
изоляция	3.515
клевета	3.515
безделушка	3.515
новинка	3.514
удобрение	3.511
лаз	3.511
женитьба	3.509
революционер	3.508
повторение	3.507
уран	3.504
бусы	3.504
воспитательница	3.503
супермен	3.501
дамба	3.499
язычок	3.499
блюдце	3.497
быстрота	3.492
художница	3.492
сера	3.491
мусульманин	3.490
головоломка	3.489
титан	3.489
ямка	3.489
фасад	3.484
подарочек	3.480
стервятник	3.480
ложа	3.480
гамбургер	3.480
привод	3.480
носитель	3.480
клип	3.479
дымок	3.478
шашлык	3.476
остриё	3.473
донесение	3.470
подсобка	3.468
обаяние	3.467
денежка	3.466
поклонница	3.464
домохозяйка	3.464
высадка	3.463
пехотинец	3.463
пристав	3.463
мятеж	3.461
широта	3.459
пуд	3.457
попутчик	3.456
малявка	3.455
разбор	3.454
высказывание	3.453
лог	3.451
въезд	3.451
пат	3.450
ограждение	3.449
кисонька	3.446
обёртка	3.445
сенат	3.444
параграф	3.443
запятая	3.443
полушарие	3.443
ведение	3.441
изгиб	3.441
постоялец	3.440
работёнка	3.438
парок	3.438
дополнение	3.437
бухгалтерия	3.437
кенгуру	3.436
помин	3.433
лучик	3.432
фальшивка	3.430
леска	3.430
кадет	3.429
ария	3.428
конюх	3.426
бремя	3.425
омут	3.425
переполох	3.418
резиденция	3.417
сплетница	3.416
шило	3.416
мичман	3.415
буфер	3.414
викинг	3.413
указатель	3.410
журналистка	3.410
делегат	3.410
бойня	3.410
пельмень	3.405
сухарь	3.402
киса	3.402
отсчёт	3.401
аспирин	3.400
дезертир	3.399
петушок	3.398
карниз	3.398
гвардеец	3.398
землянка	3.398
морщинка	3.396
пометка	3.394
мираж	3.391
труппа	3.391
обойма	3.391
горн	3.391
писательница	3.390
поставка	3.389
огурчик	3.389
скутер	3.388
медикамент	3.387
ас	3.384
электрон	3.383
аттестат	3.383
рефлекс	3.382
шипение	3.381
пелёнка	3.381
могущество	3.381
хит	3.379
карате	3.376
прадед	3.375
рассказчик	3.374
вмятина	3.374
рычание	3.373
вождение	3.372
кроссворд	3.371
прохлада	3.370
химчистка	3.370
девятка	3.369
любимчик	3.368
шкурка	3.367
произвол	3.367
принтер	3.367
угон	3.365
служитель	3.365
царевич	3.364
орда	3.363
неведение	3.363
щедрость	3.362
обрез	3.362
рассмотрение	3.361
строгость	3.361
лысина	3.360
предназначение	3.359
водопровод	3.356
форум	3.355
фата	3.354
планка	3.351
сфинкс	3.350
лупа	3.350
завязка	3.349
эскадрилья	3.347
промысел	3.344
квартирка	3.344
пелена	3.340
местоположение	3.339
дельце	3.336
весельчак	3.335
раскладушка	3.334
прививка	3.332
изобилие	3.329
стюардесса	3.329
пешеход	3.327
крайность	3.327
проигрыш	3.326
кромка	3.324
клон	3.323
поставщик	3.322
зачёт	3.321
сессия	3.321
работница	3.320
глубь	3.318
выпь	3.318
зажигание	3.318
должник	3.315
конус	3.315
краса	3.314
кореец	3.314
пластик	3.312
кореш	3.312
сортир	3.312
гормон	3.310
разгром	3.308
киска	3.307
пожарник	3.307
путёвка	3.303
погружение	3.302
ручеёк	3.301
бульдозер	3.301
подножка	3.301
ищейка	3.300
противоположность	3.298
мул	3.297
желе	3.296
чужое	3.296
засов	3.296
мрамор	3.295
винтик	3.291
страшило	3.286
термос	3.285
флора	3.283
нахал	3.282
потоп	3.281
отправление	3.279
барсук	3.278
единорог	3.278
жилетка	3.278
прочность	3.278
галька	3.277
древесина	3.276
шампунь	3.276
уныние	3.276
дудка	3.276
прачечная	3.275
монолог	3.273
дот	3.272
виноградник	3.272
лицей	3.272
возрождение	3.272
рыдание	3.270
растительность	3.270
сарказм	3.268
жужжание	3.268
ложе	3.267
монтаж	3.266
гид	3.265
храбрец	3.265
стишок	3.264
обруч	3.263
страус	3.262
айсберг	3.260
свёкла	3.255
ловец	3.255
камыш	3.254
подмышка	3.253
фойе	3.249
светлячок	3.249
распорядок	3.243
свита	3.240
эскиз	3.240
суеверие	3.239
вычисление	3.239
гримаса	3.236
бантик	3.235
рукавица	3.234
клеймо	3.233
равнодушие	3.231
тюльпан	3.231
изумруд	3.230
яга	3.229
пересечение	3.228
погибель	3.226
основатель	3.222
католик	3.221
ухмылка	3.221
договорённость	3.221
кипа	3.219
зайка	3.217
тиран	3.216
привал	3.214
нюх	3.212
джем	3.211
перегрузка	3.210
провокация	3.209
примирение	3.207
пивко	3.206
смешок	3.205
солидарность	3.205
сборище	3.201
обитель	3.199
дымка	3.197
приобретение	3.196
картон	3.196
отсрочка	3.194
сапожок	3.191
мистика	3.190
отговорка	3.189
енот	3.188
казначей	3.188
деревушка	3.188
подол	3.184
неразбериха	3.184
поличное	3.184
провизия	3.181
прямая	3.179
грешник	3.179
корь	3.177
маскарад	3.177
кроха	3.175
небоскрёб	3.175
ботаника	3.175
канарейка	3.173
мемуары	3.173
пудра	3.172
пропаганда	3.167
дружина	3.163
бачок	3.162
затмение	3.162
захватчик	3.162
компромисс	3.162
вакуум	3.160
пробирка	3.159
щука	3.158
ом	3.158
объединение	3.156
прок	3.156
овечка	3.152
жираф	3.152
горб	3.152
содействие	3.151
эмблема	3.145
нерешительность	3.145
крах	3.144
курточка	3.144
употребление	3.141
соучастник	3.141
ёлочка	3.141
руда	3.140
американка	3.140
ведомство	3.140
репетитор	3.139
легион	3.138
наличные	3.138
столбик	3.137
тонкость	3.137
шинель	3.135
сборник	3.135
наездник	3.134
криминалист	3.129
громила	3.128
извозчик	3.127
песочница	3.125
сиятельство	3.124
обвал	3.124
оладья	3.123
хвала	3.121
отрава	3.120
отмена	3.115
предрассудок	3.115
дуэт	3.114
чародей	3.112
иероглиф	3.112
фанера	3.108
зёрнышко	3.106
гребешок	3.106
пожертвование	3.105
канун	3.104
душка	3.103
смазка	3.100
облом	3.099
сосулька	3.097
модуль	3.096
нотация	3.095
улочка	3.093
лайнер	3.093
компот	3.092
клешня	3.091
досуг	3.091
самозванец	3.089
маргаритка	3.087
погрузка	3.087
гонец	3.086
замужество	3.084
деревяшка	3.084
припас	3.084
аномалия	3.082
кустик	3.080
процессия	3.079
галка	3.079
телеграф	3.075
пастбище	3.075
пламень	3.074
плеть	3.072
макет	3.071
глюк	3.069
равенство	3.069
парусник	3.068
танго	3.068
иллюминатор	3.067
йога	3.065
перекладина	3.064
чаепитие	3.061
рвота	3.061
головорез	3.060
дощечка	3.057
шкипер	3.056
иммунитет	3.054
избавление	3.054
кумир	3.054
тир	3.053
череда	3.053
помещик	3.052
рея	3.052
построение	3.052
обшивка	3.051
потенциал	3.049
водород	3.048
плеер	3.048
распродажа	3.047
часик	3.046
отличница	3.045
вол	3.044
фляжка	3.042
блог	3.041
храп	3.040
насморк	3.039
спица	3.038
струйка	3.036
балаган	3.035
скат	3.033
запчасть	3.032
римлянин	3.032
паркет	3.031
скоба	3.031
венец	3.031
животик	3.030
расклад	3.025
забег	3.024
копилка	3.021
проповедник	3.019
портал	3.018
оптимизм	3.018
пятачок	3.017
мотоциклист	3.015
консерватория	3.014
хутор	3.013
металлолом	3.013
опушка	3.012
чета	3.010
торг	3.010
сослуживец	3.009
синева	3.009
активист	3.008
пташка	3.008
взаимоотношение	3.006
подстилка	3.005
партнёрша	3.005
плед	3.003
настройка	3.002
культ	3.000
айфон	3.000
аквапарк	3.000
аккаунт	3.000
андроид	3.000
аниме	3.000
апгрейд	3.000
артефакт	3.000
баг	3.000
беспилотник	3.000
бластер	3.000
блогер	3.000
бонус	3.000
ботан	3.000
боулинг	3.000
браузер	3.000
бренд	3.000
бронежилет	3.000
будни	3.000
бургер	3.000
буррито	3.000
бутик	3.000
вакансия	3.000
валентинка	3.000
вебка	3.000
видеоигра	3.000
видеонаблюдение	3.000
влог	3.000
внедорожник	3.000
гаджет	3.000
геймер	3.000
геймпад	3.000
геймплей	3.000
гендиректор	3.000
гоблин	3.000
грааль	3.000
гримёрка	3.000
гуманоид	3.000
гуру	3.000
дальнобойщик	3.000
джакузи	3.000
джедай	3.000
диджей	3.000
дилер	3.000
дискета	3.000
домофон	3.000
донат	3.000
доспех	3.000
дроид	3.000
дрон	3.000
заморочка	3.000
иномарка	3.000
капучино	3.000
караоке	3.000
кастинг	3.000
квадрокоптер	3.000
квест	3.000
киборг	3.000
клещи	3.000
козни	3.000
косплей	3.000
крафт	3.000
кэш	3.000
лаг	3.000
лайк	3.000
латте	3.000
левел	3.000
лейбл	3.000
линк	3.000
лобстер	3.000
логин	3.000
логотип	3.000
лузер	3.000
лут	3.000
манга	3.000
мем	3.000
металлоискатель	3.000
микроволновка	3.000
моб	3.000
мод	3.000
ноут	3.000
нуб	3.000
общага	3.000
онлайн	3.000
орк	3.000
отключка	3.000
отмазка	3.000
офлайн	3.000
очкарик	3.000
пазл	3.000
памперс	3.000
панда	3.000
партнёрство	3.000
патч	3.000
пентхаус	3.000
пиксель	3.000
пиранья	3.000
плавки	3.000
плейлист	3.000
подкаст	3.000
пожитки	3.000
покемон	3.000
полтергейст	3.000
попкорн	3.000
постер	3.000
прайд	3.000
приквел	3.000
проводы	3.000
противоядие	3.000
процессор	3.000
ранчо	3.000
распечатка	3.000
релиз	3.000
ремейк	3.000
репост	3.000
риелтор	3.000
роддом	3.000
родео	3.000
ролл	3.000
рэп	3.000
рэпер	3.000
рюкзачок	3.000
сантехник	3.000
саундтрек	3.000
селфи	3.000
сени	3.000
сиквел	3.000
скилл	3.000
скин	3.000
скриншот	3.000
слоган	3.000
слюни	3.000
смайл	3.000
смайлик	3.000
смартфон	3.000
смузи	3.000
снеговик	3.000
снегурочка	3.000
спам	3.000
спецназовец	3.000
спецслужба	3.000
спойлер	3.000
страшилка	3.000
стрим	3.000
стример	3.000
суперзвезда	3.000
супчик	3.000
суши	3.000
тамбур	3.000
телепат	3.000
тестирование	3.000
тизер	3.000
трейлер	3.000
тренд	3.000
ужастик	3.000
узы	3.000
универ	3.000
училка	3.000
фанатка	3.000
фанфик	3.000
фастфуд	3.000
феникс	3.000
феномен	3.000
флешка	3.000
фломастер	3.000
фотоальбом	3.000
фоторобот	3.000
фрик	3.000
хайп	3.000
хак	3.000
хостинг	3.000
часики	3.000
чат	3.000
чекпоинт	3.000
чизбургер	3.000
читер	3.000
чётки	3.000
шаурма	3.000
шашки	3.000
шутер	3.000
эмодзи	3.000
эспрессо	3.000
собрат	2.999
агрессия	2.998
пансион	2.998
диверсант	2.997
парадокс	2.997
подсознание	2.996
поясница	2.994
антиквариат	2.992
астрономия	2.991
сыпь	2.990
рейтинг	2.988
оранжерея	2.987
самовар	2.987
растяпа	2.985
панк	2.983
атлас	2.979
отгул	2.977
сцепление	2.976
старикашка	2.975
потомство	2.975
лекарь	2.971
посмешище	2.971
ругань	2.968
диверсия	2.967
вредитель	2.967
бедолага	2.967
ирландец	2.967
консул	2.967
злоумышленник	2.964
аптекарь	2.964
сплав	2.963
твёрдость	2.962
листик	2.958
лечебница	2.958
дворецкий	2.958
атаман	2.955
оплошность	2.953
папироса	2.953
бархат	2.952
авеню	2.951
толща	2.949
насыпь	2.949
сев	2.948
предписание	2.948
покрытие	2.947
канцлер	2.947
раскрытие	2.946
поликлиника	2.944
штамп	2.943
адреналин	2.943
свидетельница	2.942
амбиция	2.942
птаха	2.940
хроника	2.939
бейсболка	2.938
шхуна	2.938
жительство	2.938
уборщик	2.937
журавль	2.936
пойма	2.935
обуза	2.930
ампула	2.930
кучер	2.930
отлёт	2.925
полочка	2.925
яр	2.925
диктатор	2.925
заговорщик	2.924
крупа	2.923
мойка	2.923
дрозд	2.922
перрон	2.921
навигация	2.920
галочка	2.919
квалификация	2.919
клеточка	2.918
карп	2.918
заповедь	2.915
кулон	2.914
штрих	2.913
лазер	2.913
наклон	2.913
быль	2.912
типография	2.911
дантист	2.910
бородач	2.910
хворост	2.908
угрызение	2.908
хирургия	2.907
отшельник	2.907
затрата	2.907
громкость	2.906
невежество	2.903
казна	2.903
конкуренция	2.903
жаркое	2.902
свиток	2.902
неуверенность	2.901
ширма	2.901
спиртное	2.900
контрабандист	2.900
абориген	2.897
переделка	2.894
рулон	2.893
осуществление	2.893
полуостров	2.893
альпинист	2.892
кнопочка	2.891
сирень	2.890
передник	2.890
кружево	2.890
овсянка	2.890
зебра	2.888
наследница	2.887
спектр	2.886
родство	2.886
нашивка	2.885
безразличие	2.881
слияние	2.879
пекло	2.879
горячее	2.879
горошина	2.879
мытьё	2.876
лягушонок	2.876
скрипач	2.875
приземление	2.873
полость	2.870
сервис	2.870
динамика	2.869
мандарин	2.866
вилы	2.864
транспортёр	2.863
ящер	2.862
мультфильм	2.860
виолончель	2.860
милашка	2.859
комочек	2.857
штанина	2.856
врун	2.856
грубиян	2.856
самообладание	2.855
настойчивость	2.853
электрик	2.852
сотрудница	2.850
радар	2.847
матрица	2.847
отброс	2.845
карцер	2.844
шалость	2.842
светило	2.842
трясина	2.842
каньон	2.841
фельдшер	2.840
дупло	2.838
сэндвич	2.838
фасоль	2.838
скрежет	2.837
батька	2.837
филин	2.836
хам	2.836
трубач	2.835
снижение	2.835
отметина	2.834
овёс	2.833
индейка	2.831
ювелир	2.829
браток	2.828
движок	2.827
колбаска	2.827
теплота	2.826
ломтик	2.826
распределение	2.825
щетина	2.824
воспитанник	2.824
княжна	2.824
чум	2.822
сумрак	2.821
охапка	2.821
творец	2.820
отечество	2.819
вердикт	2.819
мотылёк	2.814
минерал	2.812
выпад	2.812
травинка	2.812
мечтание	2.811
прабабушка	2.811
озноб	2.810
кухарка	2.809
великолепие	2.808
бугор	2.807
обет	2.806
родник	2.806
кандалы	2.806
печёнка	2.805
хомяк	2.804
крещение	2.804
негатив	2.804
ясли	2.803
майонез	2.803
круча	2.801
слушание	2.801
жанр	2.800
поручик	2.799
жестянка	2.798
адъютант	2.798
старикан	2.797
информатор	2.793
реалист	2.791
приоритет	2.790
ставня	2.789
мерка	2.789
маркер	2.788
гам	2.787
авантюра	2.786
маникюр	2.786
штукатурка	2.784
мадонна	2.784
невесомость	2.783
карма	2.782
траур	2.782
ломбард	2.782
приданое	2.782
коровка	2.781
ярд	2.780
риза	2.780
локон	2.779
подсолнух	2.777
позвонок	2.777
дирижабль	2.776
факс	2.774
ящичек	2.773
последователь	2.772
индюк	2.772
каморка	2.772
уксус	2.772
комик	2.770
психопат	2.770
отчество	2.767
валенок	2.767
удаление	2.764
реформа	2.764
пустошь	2.761
иллюстрация	2.761
соболезнование	2.760
впадина	2.760
шик	2.759
донор	2.757
побуждение	2.754
пыльца	2.752
гнёздышко	2.751
юнец	2.750
жеребёнок	2.747
поминки	2.746
эсминец	2.746
фанатик	2.746
скульптор	2.745
придача	2.745
запал	2.744
велосипедист	2.742
гранд	2.742
шпионка	2.742
метеор	2.742
днище	2.741
смокинг	2.741
противогаз	2.741
лодырь	2.740
тиф	2.739
обличие	2.739
сценарист	2.738
домино	2.738
десантник	2.737
гадалка	2.737
горстка	2.735
нечисть	2.735
отблеск	2.735
холера	2.735
фа	2.731
расцвет	2.731
лохмотья	2.730
вечерок	2.730
кавалерия	2.729
норка	2.729
чадо	2.728
ар	2.727
муравейник	2.727
претендент	2.726
волчонок	2.725
уют	2.725
гибрид	2.723
единство	2.722
династия	2.721
пикап	2.719
гарпун	2.718
концентрация	2.718
мечтатель	2.718
эгоизм	2.718
заклад	2.716
волейбол	2.716
баронесса	2.714
френч	2.709
мор	2.709
половица	2.706
шурин	2.705
концепция	2.705
крепыш	2.705
премьер	2.703
пласт	2.702
аристократ	2.701
поплавок	2.700
кошечка	2.699
новобранец	2.697
сметана	2.697
лама	2.696
посвящение	2.696
паралич	2.695
стёклышко	2.694
переправа	2.692
наркоз	2.691
террор	2.691
держава	2.689
деление	2.686
скобка	2.686
пяток	2.685
вибрация	2.685
надгробие	2.684
атлант	2.684
вырезка	2.683
горячка	2.682
плотность	2.682
лосось	2.680
трусиха	2.679
прибой	2.675
пятак	2.675
росомаха	2.674
бильярд	2.673
абонент	2.672
охотница	2.671
подкладка	2.671
разбирательство	2.671
месторождение	2.671
англичанка	2.670
свинина	2.668
морж	2.667
брехня	2.665
симфония	2.665
этика	2.664
железяка	2.663
самооборона	2.663
пианист	2.662
эстрада	2.662
уединение	2.661
полянка	2.661
кокон	2.659
пленница	2.658
шиворот	2.658
сыворотка	2.656
плуг	2.655
лесоруб	2.655
божество	2.655
хлев	2.654
платьице	2.651
жакет	2.650
реквизит	2.650
неуважение	2.649
кудри	2.646
интерьер	2.645
шествие	2.644
усыновление	2.644
промедление	2.643
комбайн	2.643
застёжка	2.643
пакость	2.642
весточка	2.640
прокол	2.639
завет	2.639
кончина	2.639
куплет	2.639
фольга	2.638
настрой	2.638
бессмыслица	2.637
лауреат	2.636
невзгода	2.636
ножны	2.635
арбалет	2.635
носильщик	2.634
черновик	2.634
мостовая	2.633
пополнение	2.633
сеньорита	2.633
туша	2.633
сель	2.632
почесть	2.630
бормотание	2.630
хобот	2.629
самогон	2.629
элита	2.626
избушка	2.625
беготня	2.625
француженка	2.624
выяснение	2.623
слизь	2.623
ковш	2.622
авто	2.621
мечеть	2.620
карабин	2.619
достояние	2.619
издатель	2.618
шевелюра	2.616
голубок	2.616
вертушка	2.616
сверстник	2.615
гиря	2.615
прихоть	2.614
полководец	2.613
кофейня	2.611
пурга	2.611
пренебрежение	2.611
индекс	2.610
плоскость	2.609
апартамент	2.609
внушение	2.608
макака	2.606
обозрение	2.604
реконструкция	2.604
лямка	2.604
светильник	2.602
голубушка	2.601
нянечка	2.600
шпионаж	2.600
колонист	2.598
пилотка	2.597
умысел	2.597
предвкушение	2.596
жаворонок	2.596
людишки	2.593
жучка	2.593
причуда	2.593
чешуя	2.590
ягодка	2.590
заём	2.590
водоворот	2.589
эскалатор	2.589
терроризм	2.588
фарфор	2.588
стеллаж	2.588
явка	2.587
азбука	2.586
огнетушитель	2.586
бюст	2.585
набег	2.585
любимица	2.584
просвет	2.584
исток	2.583
табурет	2.582
рулетка	2.582
тренажёр	2.582
пупок	2.581
песчинка	2.580
наместник	2.579
киль	2.579
книжечка	2.579
предприниматель	2.579
шажок	2.579
магистраль	2.579
лыжник	2.578
нашествие	2.578
алгоритм	2.576
резервуар	2.575
щёчка	2.574
героизм	2.573
избиение	2.572
сборщик	2.570
конура	2.570
подсвечник	2.569
лощина	2.569
подчинение	2.568
слезинка	2.566
тиски	2.564
ориентировка	2.564
тюбик	2.563
зубок	2.563
подушечка	2.561
разновидность	2.561
вымысел	2.561
экскаватор	2.560
шейка	2.560
блик	2.559
празднование	2.559
заколка	2.559
сидень	2.556
секретность	2.556
барашек	2.556
подиум	2.555
египтянин	2.554
чернота	2.553
клерк	2.553
сценка	2.552
главнокомандующий	2.552
уклон	2.551
снабжение	2.551
глагол	2.551
мустанг	2.550
лапочка	2.548
корт	2.548
капитализм	2.547
медпункт	2.547
жезл	2.546
взломщик	2.546
оспа	2.545
дефект	2.545
качка	2.543
егерь	2.542
бамбук	2.542
оазис	2.541
писание	2.536
рыбина	2.535
смельчак	2.533
отлив	2.533
привкус	2.529
псина	2.529
кляп	2.529
инспекция	2.529
гитарист	2.529
неприятель	2.528
букашка	2.527
челнок	2.527
руина	2.526
упряжка	2.526
костяшка	2.524
манипуляция	2.523
раскат	2.522
расширение	2.521
черника	2.521
герцогиня	2.519
баранина	2.517
исправление	2.517
резьба	2.517
отвод	2.516
стойло	2.515
железка	2.515
эликсир	2.513
добродетель	2.512
росток	2.511
кожура	2.511
бородавка	2.511
репертуар	2.511
выпечка	2.511
ультиматум	2.509
клише	2.505
усмотрение	2.504
горлышко	2.503
тарелочка	2.503
жасмин	2.502
сердцебиение	2.502
самодеятельность	2.502
фазан	2.500
лилипут	2.498
публикация	2.497
теплоход	2.497
козлик	2.494
толстуха	2.493
хулиганство	2.492
семёрка	2.491
земляника	2.490
физрук	2.490
потроха	2.490
обидчик	2.489
соратник	2.489
пьянство	2.488
одеяние	2.487
патент	2.485
пристанище	2.484
стаж	2.484
орхидея	2.483
водоём	2.482
нелепость	2.481
сом	2.481
азот	2.481
посев	2.481
переключатель	2.480
клевер	2.478
птенчик	2.478
вестник	2.478
петарда	2.478
княгиня	2.478
седина	2.477
предание	2.476
пробоина	2.476
гильдия	2.475
выплата	2.474
калория	2.473
мученик	2.472
хлыст	2.472
крепление	2.471
бронза	2.470
пижон	2.470
терапевт	2.469
щиколотка	2.468
захоронение	2.467
расшифровка	2.467
республиканец	2.467
фляга	2.466
программист	2.465
гриф	2.465
подворотня	2.464
деяние	2.464
тихоня	2.463
рыбёшка	2.463
посланец	2.462
указка	2.461
трапеза	2.460
кудряшка	2.458
суслик	2.457
кинозвезда	2.456
приклад	2.456
мочалка	2.456
колыбель	2.456
пейджер	2.456
фрегат	2.456
полтинник	2.455
радиатор	2.455
поручень	2.455
теплица	2.452
снасть	2.452
басня	2.451
выскочка	2.450
карикатура	2.450
кубрик	2.449
трущоба	2.449
ориентир	2.448
национальность	2.447
махинация	2.447
батончик	2.446
угорь	2.446
маятник	2.446
стукач	2.445
нива	2.444
лоза	2.443
ласт	2.441
методика	2.441
туземец	2.440
видеозапись	2.437
силач	2.436
ямочка	2.436
паршивец	2.435
проживание	2.435
папаня	2.435
порка	2.434
отрезок	2.434
пах	2.434
избиратель	2.431
сладкое	2.430
стоматолог	2.429
затишье	2.429
табель	2.427
брешь	2.426
кузница	2.426
хват	2.426
старьё	2.425
холодок	2.424
распятие	2.423
рукоять	2.422
дротик	2.421
кувалда	2.421
повариха	2.419
приставка	2.419
городишко	2.417
массив	2.416
обнаружение	2.416
гамак	2.415
слепота	2.415
полигон	2.415
предшественник	2.414
телок	2.414
оккупация	2.412
социализм	2.411
эксплуатация	2.410
каменщик	2.409
ярлык	2.409
стремянка	2.409
буханка	2.409
сажа	2.408
энергетика	2.408
верзила	2.407
куб	2.407
гладиатор	2.404
воз	2.404
инкубатор	2.403
танкер	2.400
кремень	2.399
инерция	2.399
булочная	2.398
зрелость	2.397
мышеловка	2.397
крысолов	2.396
лаборант	2.395
бомбоубежище	2.395
трубопровод	2.395
кочерга	2.394
надёжность	2.394
преисподняя	2.391
побои	2.390
вакцина	2.389
головастик	2.388
утопленник	2.385
поддержание	2.384
перекличка	2.381
убор	2.380
слиток	2.379
антибиотик	2.378
полумесяц	2.378
марионетка	2.377
колба	2.376
железнодорожник	2.376
кров	2.375
чудик	2.375
динамик	2.374
мужичок	2.374
человечность	2.374
дебри	2.373
поджигатель	2.371
пчёлка	2.371
ликёр	2.370
прицеп	2.368
немка	2.368
починка	2.367
шелест	2.366
сканер	2.366
лагуна	2.364
предпочтение	2.364
попечитель	2.364
дымоход	2.363
тщеславие	2.363
мюзикл	2.362
снегопад	2.362
лебёдка	2.362
шитьё	2.361
кливер	2.360
трансляция	2.360
волонтёр	2.359
анатомия	2.357
пляска	2.357
омар	2.355
шмель	2.354
лоскут	2.354
толстовка	2.353
безделье	2.352
кондуктор	2.351
возникновение	2.350
кольт	2.350
опознание	2.350
совершение	2.350
насильник	2.349
радиоприёмник	2.348
бодрость	2.347
телосложение	2.345
картофелина	2.344
потасовка	2.344
перепуг	2.343
ириска	2.343
фора	2.342
отмель	2.341
коллегия	2.341
извержение	2.340
диванчик	2.339
пластика	2.337
гладь	2.336
негодник	2.336
белизна	2.336
параметр	2.335
капиталист	2.334
камбуз	2.333
старшой	2.332
рухлядь	2.331
скакун	2.331
недуг	2.331
рань	2.330
выдача	2.329
напарница	2.328
кокос	2.328
развязка	2.326
быт	2.324
трактир	2.322
гувернантка	2.321
двойняшка	2.320
боеприпас	2.320
европеец	2.317
снятие	2.316
маляр	2.315
тюк	2.315
царевна	2.315
марихуана	2.314
смертник	2.314
полмиллиона	2.313
борозда	2.313
баск	2.313
кедр	2.313
рулевой	2.312
заточение	2.311
апостол	2.310
зверюга	2.310
шпиль	2.308
пробел	2.307
пользование	2.307
наваждение	2.307
деньжата	2.307
взаимодействие	2.306
индивидуальность	2.305
закоулок	2.303
волчица	2.302
гряда	2.300
хвастун	2.299
автострада	2.298
стерлинг	2.298
отрыв	2.298
тростник	2.298
вояка	2.296
бекон	2.295
клик	2.294
вуаль	2.294
опаска	2.293
мельник	2.293
тесть	2.293
пуск	2.292
окраска	2.291
плющ	2.291
обвинитель	2.290
льдина	2.289
угодник	2.288
декларация	2.287
милок	2.287
кокс	2.285
тортик	2.285
дробовик	2.285
брелок	2.284
трусик	2.283
оживление	2.282
оправа	2.281
этикет	2.281
подтяжка	2.278
выброс	2.278
кормушка	2.278
раздача	2.278
выдра	2.277
сынишка	2.277
таможенник	2.276
распад	2.276
кладь	2.276
ангина	2.276
неисправность	2.274
фортуна	2.272
градусник	2.271
доблесть	2.271
молочко	2.269
чувствительность	2.269
волчок	2.269
сачок	2.269
сорочка	2.269
гравий	2.268
потеха	2.267
клюква	2.267
аист	2.266
новоселье	2.266
китель	2.265
самозащита	2.265
мордашка	2.265
тряпьё	2.264
питомник	2.262
троллейбус	2.261
лучник	2.258
невозможность	2.257
похлёбка	2.255
урон	2.255
деревце	2.254
коммуникация	2.253
бифштекс	2.252
пучина	2.252
варвар	2.252
плакса	2.251
полнота	2.251
рвение	2.251
акробат	2.249
луковица	2.249
ларь	2.246
парашютист	2.245
пансионат	2.243
прекращение	2.242
забвение	2.241
татарин	2.240
ликвидация	2.239
сорванец	2.238
краешек	2.238
мигрень	2.238
высокомерие	2.237
валькирия	2.237
аут	2.235
меньшинство	2.234
тумба	2.234
соотечественник	2.233
оцепенение	2.232
производитель	2.232
свечение	2.231
прибавка	2.231
гвоздика	2.230
вожжа	2.229
бритьё	2.228
брань	2.228
пардон	2.228
посудина	2.228
пристройка	2.227
натиск	2.226
правопорядок	2.226
лачуга	2.226
неполадка	2.224
дурдом	2.223
семестр	2.223
приток	2.222
туя	2.221
муть	2.221
оппозиция	2.221
пуговка	2.220
предательница	2.220
корица	2.219
мордочка	2.218
пенёк	2.217
слизняк	2.217
разгон	2.217
бюллетень	2.216
передряга	2.216
экскурсовод	2.216
засуха	2.216
удав	2.214
инъекция	2.214
рубец	2.214
туберкулёз	2.213
ключица	2.212
дефицит	2.212
углубление	2.211
алкаш	2.211
закусочная	2.210
тайм	2.209
тряпочка	2.209
похождение	2.207
форточка	2.206
милостыня	2.206
попечение	2.205
недоумок	2.201
ангелочек	2.201
пекарь	2.200
пика	2.200
причастность	2.198
метафора	2.197
чистильщик	2.197
лакомство	2.197
саванна	2.197
зародыш	2.197
тельце	2.196
колобок	2.196
жало	2.195
подписка	2.194
четвертак	2.194
фура	2.194
браунинг	2.193
нотариус	2.193
дебаты	2.193
восхождение	2.192
кулачок	2.192
филе	2.192
усилитель	2.191
сборка	2.190
готовка	2.189
жрица	2.189
бегун	2.188
разбег	2.187
развалина	2.185
завоевание	2.183
полусмерть	2.183
эскорт	2.182
подстава	2.180
оппонент	2.180
осознание	2.180
склероз	2.179
расщелина	2.179
куропатка	2.179
конспирация	2.178
грамматика	2.178
вектор	2.178
харя	2.178
собачонка	2.177
шарлатан	2.177
осведомитель	2.177
ходатайство	2.176
настоятель	2.174
задумка	2.172
вязание	2.171
папоротник	2.171
клич	2.170
прадедушка	2.170
ассистентка	2.169
куш	2.169
стайка	2.169
противостояние	2.169
произношение	2.167
зигзаг	2.167
фиалка	2.165
морс	2.165
индустрия	2.164
забегаловка	2.164
пропеллер	2.162
стряпня	2.162
лесенка	2.162
зонд	2.161
амазонка	2.160
тундра	2.160
лот	2.160
вырез	2.159
непогода	2.158
гадёныш	2.158
отдаление	2.157
завхоз	2.157
гостинец	2.156
стимул	2.156
повадка	2.156
камуфляж	2.155
синтез	2.155
должок	2.153
нахождение	2.153
устье	2.152
закономерность	2.152
конспект	2.152
миллиардер	2.151
глушитель	2.150
кивок	2.150
огласка	2.150
каноэ	2.149
включение	2.149
проныра	2.147
бюрократ	2.146
оптимист	2.146
тент	2.145
клизма	2.144
индикатор	2.144
инвентарь	2.144
индус	2.144
циферблат	2.143
знамение	2.141
бук	2.141
ир	2.141
подражание	2.140
служение	2.139
гинеколог	2.138
штопор	2.136
ягуар	2.136
сопля	2.135
сода	2.135
змейка	2.134
микроавтобус	2.134
подвеска	2.133
ладья	2.132
рюмочка	2.132
бессилие	2.131
разминка	2.131
зам	2.131
гектар	2.130
изнеможение	2.130
жёлудь	2.130
успокоение	2.130
гранит	2.129
люд	2.129
портье	2.128
каталка	2.127
написание	2.127
каторга	2.127
сновидение	2.126
разделение	2.126
кровопролитие	2.126
подъёмник	2.125
морозилка	2.125
горелка	2.124
мозаика	2.123
акционер	2.122
исцеление	2.121
кассирша	2.120
годик	2.120
флотилия	2.120
лесопилка	2.120
горшочек	2.118
тайфун	2.118
водопроводчик	2.118
бусинка	2.116
ресторанчик	2.116
тюремщик	2.115
заначка	2.114
преобразование	2.114
спагетти	2.114
колпачок	2.114
навигатор	2.114
явь	2.113
полумрак	2.112
колесница	2.112
термометр	2.111
ворчание	2.110
полька	2.110
бит	2.108
трамплин	2.107
преувеличение	2.106
сервиз	2.106
бампер	2.106
створка	2.106
соперница	2.106
жертвоприношение	2.105
фрак	2.103
сосунок	2.103
хождение	2.100
комсомолец	2.098
подрывник	2.098
билетик	2.097
обоз	2.096
поломка	2.096
аура	2.095
графство	2.095
хомячок	2.095
дизель	2.094
тендер	2.094
кочевник	2.093
червячок	2.093
решка	2.093
хранительница	2.093
газетчик	2.092
комсомол	2.091
лектор	2.091
повествование	2.091
отпущение	2.090
акация	2.089
зной	2.088
пума	2.087
именинник	2.087
медведица	2.087
перехват	2.087
бутыль	2.086
лесть	2.086
коралл	2.086
саркофаг	2.085
ипподром	2.084
щиток	2.084
здравоохранение	2.083
глазница	2.083
железа	2.082
гонг	2.082
кошёлка	2.082
диапазон	2.081
зверушка	2.080
бугорок	2.078
участница	2.076
сгусток	2.075
отмычка	2.075
хитрец	2.074
виток	2.074
покер	2.074
пылинка	2.074
мазок	2.073
лазание	2.073
каменоломня	2.071
чугун	2.070
трусишка	2.069
благодетель	2.068
просвещение	2.068
помёт	2.067
серьёз	2.067
фрейлина	2.064
шубка	2.063
сеновал	2.061
жилка	2.060
оглядка	2.058
питон	2.057
помолвка	2.057
подбор	2.055
рыло	2.054
бойкот	2.054
ударник	2.054
зенит	2.052
серп	2.052
детонатор	2.051
криминал	2.051
демократ	2.051
брус	2.050
перевязка	2.049
пьедестал	2.049
вкуснятина	2.048
прокладка	2.048
резолюция	2.047
диво	2.047
мальчонка	2.045
уступка	2.045
мансарда	2.041
плазма	2.040
всячина	2.040
кружочек	2.039
преемник	2.038
туманность	2.038
напряжённость	2.038
дрель	2.037
делец	2.036
аппендицит	2.035
атлет	2.035
поблажка	2.035
сдержанность	2.034
бирка	2.034
маячок	2.031
сушилка	2.030
линь	2.030
львёнок	2.029
жратва	2.029
красноармеец	2.028
бутон	2.028
сарделька	2.027
загвоздка	2.026
беспомощность	2.025
саквояж	2.024
наезд	2.023
отдача	2.023
конвейер	2.022
задира	2.021
отпад	2.021
прослушка	2.021
сближение	2.021
неволя	2.020
выносливость	2.020
прыгун	2.019
заминка	2.018
припев	2.018
одёжка	2.017
прохождение	2.016
теорема	2.015
фен	2.015
сковорода	2.015
проблеск	2.013
щекотка	2.013
сигаретка	2.012
прутик	2.012
молчун	2.012
мясорубка	2.012
разносчик	2.011
клякса	2.010
платёж	2.009
регион	2.009
признательность	2.009
оборванец	2.006
детектор	2.005
кормление	2.005
подмётка	2.003
вручение	2.003
настил	2.002
аэроплан	2.002
половой	2.001
топка	2.000
особь	1.998
тампон	1.998
ухажёр	1.998
спячка	1.997
эмигрант	1.997
юла	1.996
трение	1.996
маркиза	1.996
фортепиано	1.996
шлагбаум	1.996
банкомат	1.995
утроба	1.992
притворство	1.991
ландшафт	1.991
зефир	1.991
осадок	1.990
приведение	1.989
паштет	1.988
двадцатка	1.988
кладка	1.988
прямоугольник	1.988
голыш	1.987
взаимопонимание	1.987
окружность	1.987
неприкосновенность	1.986
редька	1.986
пудинг	1.985
мухомор	1.984
смерч	1.983
кораблекрушение	1.983
антилопа	1.982
кармашек	1.982
такса	1.982
библиотекарша	1.981
помост	1.980
самолётик	1.980
ёмкость	1.979
ведомость	1.979
ворчун	1.978
рубин	1.975
тушёнка	1.975
звучание	1.975
семафор	1.975
лесок	1.974
скворец	1.974
упадок	1.974
тенденция	1.973
отродье	1.973
халява	1.973
заезд	1.971
творог	1.971
ликование	1.970
резидент	1.968
нытьё	1.967
прямота	1.967
гелий	1.967
винчестер	1.966
оруженосец	1.966
ископаемое	1.965
портсигар	1.965
кабак	1.964
барс	1.963
тракт	1.962
синица	1.962
судимость	1.962
лодочка	1.961
ректор	1.960
владелица	1.959
пропитание	1.959
нокаут	1.957
введение	1.957
развилка	1.956
рептилия	1.955
графа	1.955
царствие	1.955
мафиози	1.955
ручонка	1.955
шлёпанец	1.953
штанга	1.953
тупость	1.953
тираж	1.952
средневековье	1.952
установление	1.951
фантом	1.950
сдвиг	1.950
марафон	1.950
простак	1.949
приятельница	1.949
маринка	1.948
самоуверенность	1.948
месиво	1.947
подачка	1.946
примечание	1.946
липучка	1.946
чрево	1.945
астма	1.945
охлаждение	1.944
гигиена	1.943
паровозик	1.943
монарх	1.943
заготовка	1.942
рожь	1.942
извещение	1.941
дочурка	1.940
смородина	1.940
душевая	1.940
рыболов	1.939
простофиля	1.938
соблюдение	1.938
химикат	1.937
пригоршня	1.937
составление	1.936
саранча	1.935
изъян	1.935
геркулес	1.935
трико	1.933
табор	1.933
обжора	1.933
гниль	1.933
самокат	1.933
наволочка	1.933
невинность	1.931
стрёма	1.930
шпала	1.930
инсульт	1.930
полынь	1.930
вереница	1.929
кашка	1.929
раввин	1.928
фингал	1.928
враждебность	1.927
громкоговоритель	1.927
решительность	1.927
самородок	1.927
утречко	1.925
ион	1.924
агрегат	1.923
спасительница	1.923
прихожанин	1.922
побегушки	1.922
гастроном	1.921
солист	1.920
альтернатива	1.920
грязнуля	1.917
альянс	1.916
мошка	1.916
эссе	1.916
рябина	1.914
катакомба	1.913
скворечник	1.913
обивка	1.913
мания	1.912
угонщик	1.911
хрусталь	1.910
деликатес	1.910
развалюха	1.909
осанка	1.909
мушкет	1.909
управа	1.909
задвижка	1.908
распорядитель	1.907
перепалка	1.907
графин	1.906
ссуда	1.906
пергамент	1.905
полицай	1.904
переносица	1.903
допуск	1.903
свекровь	1.902
работяга	1.901
пропорция	1.900
журналистика	1.900
проходимец	1.898
разложение	1.896
незнание	1.896
мирок	1.895
свинство	1.895
разлив	1.895
кайзер	1.894
относительность	1.894
наивность	1.894
малярия	1.893
рупор	1.893
ультразвук	1.892
стручок	1.892
известь	1.890
нежелание	1.890
матрёшка	1.889
прораб	1.889
небрежность	1.889
пеликан	1.889
бицепс	1.887
подгузник	1.887
мыслитель	1.887
квартирант	1.886
лодочник	1.886
газель	1.885
лязг	1.885
взаимность	1.885
склянка	1.882
швед	1.882
посиделки	1.882
локомотив	1.881
беспризорник	1.881
уведомление	1.881
ходок	1.880
короб	1.879
волдырь	1.878
сушка	1.878
панама	1.878
кабачок	1.877
зверинец	1.876
влюблённость	1.876
стечение	1.875
аз	1.874
цунами	1.874
эскимо	1.873
бечёвка	1.872
заинтересованность	1.871
ориентация	1.871
хоровод	1.871
жёлоб	1.870
лгунья	1.868
увечье	1.866
синдикат	1.865
эгоистка	1.865
подзатыльник	1.864
взрыватель	1.862
плевок	1.861
буржуй	1.861
визитёр	1.860
штабель	1.860
селезёнка	1.860
погром	1.859
пенка	1.859
оклад	1.859
проигрыватель	1.859
издёвка	1.858
турбина	1.857
страшила	1.856
фантик	1.856
пустышка	1.855
ответчик	1.855
благоразумие	1.855
драчун	1.854
левша	1.854
наклонность	1.854
норвежец	1.853
товарищество	1.852
шпаргалка	1.850
отпрыск	1.850
диспетчерская	1.850
лапоть	1.849
ускоритель	1.849
стрелец	1.849
деревенщина	1.849
горесть	1.848
затычка	1.848
ворюга	1.848
закладка	1.848
проток	1.847
болячка	1.847
обелиск	1.847
параллель	1.847
грызун	1.846
часовщик	1.846
евангелие	1.845
электроэнергия	1.845
проводка	1.844
плато	1.844
гороскоп	1.843
шифровка	1.842
хрип	1.841
гетто	1.841
финансирование	1.841
взятие	1.840
победительница	1.839
вышина	1.838
щепотка	1.838
круиз	1.837
линкор	1.837
бастион	1.837
нытик	1.836
тостер	1.836
начинание	1.835
бурундук	1.834
странствие	1.834
ремесленник	1.834
еврейка	1.834
пластмасса	1.832
гудение	1.832
наглец	1.831
кинофильм	1.830
кооператив	1.830
усиление	1.829
попрошайка	1.829
протока	1.829
сурок	1.828
бай	1.828
горбун	1.827
подрядчик	1.827
покровительство	1.826
каркас	1.826
принуждение	1.826
экватор	1.825
кофейник	1.825
чужеземец	1.825
неопределённость	1.824
козявка	1.824
стабильность	1.824
компромат	1.823
обманщица	1.823
галоп	1.823
неряха	1.822
терминал	1.821
преподавание	1.821
козлёнок	1.821
штамм	1.820
стойкость	1.819
родич	1.819
награждение	1.819
абзац	1.819
отклик	1.818
покорность	1.818
правильность	1.817
баклан	1.817
млекопитающее	1.817
тёзка	1.816
заграждение	1.816
святилище	1.816
баранка	1.815
паранойя	1.815
мигалка	1.815
шестерёнка	1.814
перепонка	1.814
укор	1.813
переселение	1.813
водохранилище	1.812
сор	1.812
ратуша	1.812
копеечка	1.812
чело	1.811
кимоно	1.811
биение	1.811
пепси	1.810
торможение	1.810
чечётка	1.810
бомбардировка	1.809
осечка	1.808
лапушка	1.808
деревенька	1.808
балахон	1.807
повтор	1.806
снисхождение	1.805
шквал	1.805
великодушие	1.805
домишко	1.804
чаевые	1.804
эскадра	1.803
пугало	1.803
озарение	1.802
остроумие	1.801
разлом	1.801
грузовичок	1.800
хладнокровие	1.800
донос	1.799
колышек	1.799
амнезия	1.798
углевод	1.798
телепатия	1.798
взбучка	1.797
перечень	1.795
цапля	1.795
планирование	1.795
радиосвязь	1.793
мусоропровод	1.792
шиллинг	1.791
агат	1.791
калоша	1.791
никель	1.791
колье	1.789
колхозник	1.789
запеканка	1.788
ротик	1.786
восклицание	1.786
процветание	1.786
техникум	1.786
флинт	1.784
гортензия	1.784
практикант	1.783
пайка	1.782
специя	1.781
иена	1.781
шуруп	1.780
бездействие	1.779
сокровищница	1.779
зверюшка	1.779
радиоволна	1.779
рёбрышко	1.778
влечение	1.777
дворняга	1.777
привязь	1.777
таинственность	1.777
пиццерия	1.777
пай	1.776
качалка	1.776
проза	1.776
завоеватель	1.775
десна	1.773
форель	1.772
чурбан	1.772
эстафета	1.772
неосторожность	1.771
таран	1.771
интервал	1.771
резец	1.771
поступь	1.770
абажур	1.770
растяжка	1.770
приправа	1.770
задаток	1.770
кисель	1.770
магистрат	1.769
муженёк	1.769
задворки	1.769
консульство	1.769
удел	1.768
коварство	1.768
небылица	1.767
первенец	1.767
гриль	1.767
смирение	1.766
фургончик	1.766
гиена	1.765
кишечник	1.765
непоседа	1.765
неандерталец	1.765
монашка	1.764
цитадель	1.764
свора	1.763
вундеркинд	1.762
шалун	1.762
подмена	1.762
первенство	1.761
редиска	1.759
отделка	1.759
стелька	1.759
углерод	1.758
голодовка	1.757
манеж	1.756
психотерапевт	1.754
аспирант	1.753
облигация	1.753
ряса	1.752
слепок	1.752
плеск	1.752
регулятор	1.750
извилина	1.749
формулировка	1.748
жокей	1.745
резня	1.744
кий	1.744
шлепок	1.744
богатей	1.743
хлопушка	1.743
бисер	1.743
сальто	1.743
докторша	1.742
салага	1.741
бизон	1.741
пальба	1.741
таймер	1.740
манифест	1.740
бабулька	1.740
невезение	1.739
сертификат	1.739
ломоть	1.739
истощение	1.737
павлин	1.737
жалюзи	1.736
шпора	1.734
перископ	1.734
пластилин	1.733
выработка	1.733
жадина	1.733
тунец	1.733
табло	1.732
кувырок	1.732
окорок	1.731
миномёт	1.731
баян	1.731
доносчик	1.730
вахтёр	1.730
запонка	1.729
мята	1.729
диаграмма	1.729
старшеклассница	1.727
скептик	1.727
домовой	1.725
ют	1.725
гордыня	1.725
потепление	1.724
изящество	1.723
отрицание	1.721
аркан	1.721
военнопленный	1.721
байдарка	1.720
люлька	1.720
радиограмма	1.719
привлекательность	1.718
настойка	1.718
сапфир	1.717
удушье	1.717
сундучок	1.717
любительница	1.717
облучение	1.716
гипнотизёр	1.716
ракурс	1.716
буран	1.715
озабоченность	1.715
реванш	1.715
инстанция	1.715
спекулянт	1.714
проницательность	1.713
арендатор	1.713
домысел	1.712
продолжительность	1.710
сверло	1.710
тритон	1.710
келья	1.710
шарада	1.710
архиепископ	1.708
ингредиент	1.706
ворох	1.706
снадобье	1.706
разочек	1.705
чара	1.705
вяз	1.705
кощей	1.705
глазурь	1.704
переборка	1.704
сухожилие	1.703
трансформатор	1.702
паж	1.702
буйвол	1.702
клуня	1.702
численность	1.701
резюме	1.700
пастырь	1.699
артель	1.699
батут	1.699
формат	1.699
щёлка	1.698
сиротка	1.698
коряга	1.696
скрепка	1.696
магнолия	1.696
топорик	1.696
опись	1.694
надсмотрщик	1.692
юрта	1.692
страшилище	1.692
красноречие	1.691
психоз	1.691
панорама	1.689
резонанс	1.689
грудка	1.688
злодеяние	1.687
помилование	1.687
медитация	1.686
киностудия	1.686
ухаживание	1.686
проказа	1.686
предисловие	1.685
автопилот	1.685
балласт	1.685
коллектор	1.684
срез	1.683
антракт	1.682
скальп	1.682
предостережение	1.681
лютик	1.680
жабра	1.680
динамо	1.680
галоша	1.678
отвал	1.678
формирование	1.678
алименты	1.677
пивная	1.675
шаблон	1.675
коэффициент	1.675
купля	1.674
влажность	1.674
помои	1.674
шасси	1.674
послушание	1.673
софа	1.673
старпом	1.673
аналогия	1.673
отплытие	1.672
чех	1.672
раскрой	1.671
пользователь	1.671
узда	1.670
пролом	1.669
куратор	1.668
смотр	1.668
археология	1.667
обмундирование	1.666
дрессировщик	1.666
флёр	1.666
сноп	1.666
кальмар	1.665
дёрн	1.665
ателье	1.665
курган	1.664
умывальник	1.664
самосвал	1.662
гарнир	1.661
теснота	1.661
толстушка	1.661
пьянка	1.661
маменька	1.660
имам	1.659
агония	1.658
накладка	1.658
трёп	1.658
жульничество	1.657
жгут	1.657
глас	1.657
апокалипсис	1.656
регент	1.655
помпон	1.655
пенс	1.654
рацион	1.654
алюминий	1.654
прогул	1.654
властитель	1.653
зевака	1.652
кордон	1.652
масть	1.652
каратель	1.652
размолвка	1.651
трек	1.650
заграница	1.650
внучок	1.649
просека	1.648
диадема	1.647
концовка	1.647
переливание	1.646
виола	1.646
санкция	1.645
карамелька	1.644
вираж	1.644
кочегар	1.644
падаль	1.644
арт	1.643
мучитель	1.642
хамелеон	1.642
малышня	1.641
побрякушка	1.641
стульчик	1.640
локатор	1.639
овация	1.639
брошь	1.639
мифология	1.639
обилие	1.638
завиток	1.637
воодушевление	1.637
реставрация	1.636
ранка	1.636
мексиканец	1.635
советчик	1.634
жаргон	1.633
рык	1.633
монгол	1.632
полис	1.632
силок	1.632
аферист	1.630
аспект	1.630
лейка	1.630
нарцисс	1.630
дюна	1.630
отрасль	1.630
контекст	1.629
помысел	1.629
совхоз	1.628
ударение	1.627
бубен	1.625
курево	1.625
небытие	1.625
бабуся	1.625
комбинат	1.624
чурка	1.624
лицемер	1.623
хиппи	1.622
пойло	1.622
моток	1.622
сторожка	1.622
мартини	1.622
опровержение	1.621
дурёха	1.621
примесь	1.621
очищение	1.621
зодиак	1.619
пулемётчик	1.619
ягодица	1.619
копна	1.619
упрямец	1.618
изюминка	1.618
именины	1.618
калькулятор	1.618
первоклассник	1.618
торос	1.618
манипулятор	1.617
заморозок	1.617
аккордеон	1.616
изложение	1.616
покойница	1.615
уступ	1.615
чёрточка	1.615
ржание	1.614
компресс	1.614
плётка	1.613
зубец	1.612
разбой	1.612
проволочка	1.612
кулёк	1.612
разгрузка	1.611
благородие	1.611
дальность	1.611
подельник	1.611
тюфяк	1.610
спазм	1.610
жердь	1.609
очерк	1.608
потёмки	1.608
пародия	1.608
авангард	1.607
кондитер	1.607
находчивость	1.607
кляча	1.606
косынка	1.606
обыватель	1.605
непонимание	1.605
коронация	1.605
зарево	1.604
фонтанчик	1.604
фосфор	1.604
диктант	1.603
конопля	1.603
получка	1.603
ларец	1.602
шершень	1.602
самостоятельность	1.599
домкрат	1.599
мидия	1.599
снос	1.599
шумиха	1.599
верфь	1.599
сума	1.599
ярус	1.598
дёготь	1.598
тропка	1.597
гантель	1.595
забияка	1.594
беглянка	1.593
дублёр	1.593
буклет	1.592
разговорчик	1.592
ополчение	1.591
флигель	1.591
спад	1.589
лоно	1.589
аллигатор	1.588
карапуз	1.588
сито	1.587
хомут	1.587
электрод	1.586
дебют	1.586
пук	1.586
опиум	1.586
христианство	1.585
бисквит	1.585
плавка	1.584
копчик	1.584
оплеуха	1.584
промышленник	1.584
акваланг	1.583
поганка	1.583
кровоподтёк	1.583
коровник	1.583
документация	1.582
армянин	1.581
глупышка	1.581
арфа	1.580
грация	1.579
рожица	1.579
злюка	1.579
копоть	1.578
рубильник	1.578
мародёр	1.577
объезд	1.577
катапульта	1.577
тюряга	1.576
дипломатия	1.574
пенал	1.574
дуля	1.573
квакер	1.573
волынка	1.572
анархист	1.571
арестант	1.571
столовка	1.571
закалка	1.570
клёв	1.569
расстановка	1.569
сток	1.569
дуновение	1.568
прозрачность	1.568
избежание	1.567
кум	1.565
аудиенция	1.565
голограмма	1.565
соотношение	1.565
шелуха	1.565
чемпионка	1.565
колодка	1.565
замыкание	1.564
сарайчик	1.564
резкость	1.564
мягкость	1.564
вопросик	1.563
профилактика	1.563
столбняк	1.563
комнатушка	1.562
глухарь	1.561
краденое	1.560
табун	1.560
заслон	1.559
дилетант	1.559
размножение	1.559
уменьшение	1.559
хвоя	1.558
камбала	1.558
плинтус	1.558
привратник	1.558
фауна	1.558
протон	1.558
тахта	1.557
контраст	1.557
живность	1.557
гросс	1.556
кормилица	1.555
носочек	1.555
престиж	1.555
янтарь	1.554
раздор	1.554
завсегдатай	1.552
лирика	1.551
переработка	1.550
зуд	1.550
бляха	1.550
духота	1.549
кирпичик	1.549
известняк	1.549
бита	1.549
скороговорка	1.549
патриций	1.548
достаток	1.548
потребитель	1.547
деликатность	1.545
шиш	1.544
житие	1.544
полчасика	1.541
порядочность	1.540
сказочка	1.540
возвышенность	1.538
праведник	1.538
бриз	1.538
невежда	1.538
язычник	1.537
трель	1.537
сброд	1.537
жид	1.536
карась	1.535
импровизация	1.534
паинька	1.534
авантюрист	1.534
рожон	1.534
собственник	1.534
гусар	1.534
мета	1.533
роспись	1.533
вымогательство	1.533
сноровка	1.532
диктатура	1.531
засека	1.530
карат	1.530
эскадрон	1.530
умора	1.528
экономка	1.528
фикус	1.527
перевозчик	1.527
фреска	1.527
экология	1.527
свинарник	1.527
эпилог	1.527
примерка	1.526
башмачок	1.525
граммофон	1.524
разъяснение	1.524
шейх	1.524
шахматист	1.524
устой	1.523
заставка	1.523
коррекция	1.522
транспортировка	1.521
викторина	1.521
безмолвие	1.520
анархия	1.520
пляс	1.520
уплата	1.520
ирис	1.520
коррупция	1.520
тракторист	1.519
путеводитель	1.518
домовладелец	1.518
магнат	1.518
гражданство	1.518
прапорщик	1.518
оракул	1.517
подлинность	1.517
баклажан	1.516
фортепьяно	1.516
иголочка	1.516
барыга	1.516
брошка	1.516
вывих	1.515
ракетница	1.515
украинец	1.515
стажировка	1.514
пломба	1.514
бидон	1.514
геройство	1.514
сухарик	1.514
проказник	1.514
озорник	1.513
писарь	1.513
сырьё	1.512
сморчок	1.512
гик	1.511
комендатура	1.511
боярин	1.510
темперамент	1.510
каланча	1.510
значимость	1.509
ледокол	1.509
чертёнок	1.509
прототип	1.508
шимпанзе	1.508
обозначение	1.507
абрикос	1.507
ислам	1.507
соперничество	1.506
слёт	1.506
довершение	1.506
яркость	1.505
соска	1.504
приёмчик	1.504
гондола	1.503
детище	1.503
пролетариат	1.503
грелка	1.502
хрящ	1.502
испарение	1.502
крутизна	1.502
ореол	1.502
ефрейтор	1.501
хищение	1.501
ножичек	1.501
штурмовик	1.501
дирекция	1.500
бумеранг	1.500
вегетарианец	1.500
британец	1.499
сечение	1.499
зоолог	1.498
вышивка	1.498
дубликат	1.497
пинцет	1.497
первокурсник	1.496
зеро	1.496
лужица	1.495
шантажист	1.495
мелок	1.495
занятость	1.494
мякоть	1.494
мегафон	1.494
тягач	1.494
гребец	1.493
гусыня	1.493
чёт	1.492
ободок	1.491
йог	1.491
квадратик	1.491
галера	1.491
проектор	1.491
ревматизм	1.491
привлечение	1.490
главврач	1.490
нападки	1.489
крекер	1.489
минералка	1.489
господство	1.488
трафарет	1.488
румпель	1.486
тёрка	1.485
бугай	1.485
щеночек	1.484
бестолочь	1.484
поселенец	1.484
бойскаут	1.483
котельная	1.483
безработица	1.483
отросток	1.482
пробег	1.481
дрожжи	1.481
коршун	1.480
современность	1.480
голень	1.479
видеокассета	1.479
путы	1.478
ябеда	1.477
гениальность	1.477
изобретательность	1.475
ластик	1.474
заплатка	1.474
подписание	1.474
сакура	1.474
изголовье	1.474
лицемерие	1.474
отключение	1.474
артиллерист	1.473
бунтовщик	1.473
лимит	1.473
саботаж	1.472
бриг	1.472
восьмиклассник	1.471
бардачок	1.471
монополия	1.471
картотека	1.471
прииск	1.471
ступор	1.471
лопасть	1.471
хронометр	1.470
подмастерье	1.470
полжизни	1.470
корреспонденция	1.470
отместка	1.469
альбатрос	1.469
реферат	1.468
стабилизатор	1.468
достоверность	1.468
моторчик	1.468
миндаль	1.468
громадина	1.467
баскетболист	1.467
единомышленник	1.467
плюшка	1.467
изгой	1.466
термит	1.466
бельгиец	1.466
бур	1.464
гнёт	1.464
чих	1.463
инквизиция	1.463
докладчик	1.463
убедительность	1.462
смекалка	1.462
торговка	1.462
инструктаж	1.462
отвар	1.461
поршень	1.461
перестройка	1.460
субмарина	1.460
чайная	1.460
решето	1.459
гроздь	1.459
одержимость	1.459
кальций	1.458
садовод	1.458
натрий	1.458
доверенность	1.457
каста	1.456
арахис	1.456
корсет	1.455
неудовольствие	1.454
неженка	1.454
томат	1.454
архангел	1.451
холмик	1.451
номерок	1.451
перекур	1.451
брусок	1.451
детсад	1.451
бакенбарда	1.450
компонент	1.450
оккупант	1.450
несоответствие	1.449
наковальня	1.448
истукан	1.447
розочка	1.447
папенька	1.447
древо	1.447
монашек	1.446
шиповник	1.446
вентиль	1.445
теоретик	1.445
сукно	1.445
ладушка	1.445
размещение	1.445
волхв	1.444
тоника	1.444
юбочка	1.444
помпа	1.444
укладка	1.444
юстиция	1.444
наводчик	1.444
мавзолей	1.444
квартет	1.444
каскад	1.443
пуп	1.443
экстаз	1.442
кочан	1.441
лишек	1.441
предплечье	1.441
консьержка	1.441
одышка	1.440
брюшко	1.440
гномик	1.439
нажим	1.439
этюд	1.439
возвышение	1.438
дворняжка	1.438
паучок	1.437
параноик	1.436
устойчивость	1.436
ношение	1.436
выкрик	1.436
каракуля	1.435
освободитель	1.435
перенос	1.435
подлиза	1.435
метеоролог	1.435
шезлонг	1.435
поисковик	1.433
дьякон	1.433
тяготение	1.432
работодатель	1.432
лосьон	1.432
притча	1.432
обновление	1.432
неподвижность	1.432
шабаш	1.431
уточка	1.430
прачка	1.430
брюнет	1.430
срам	1.430
надрез	1.430
франт	1.430
разрушитель	1.429
превышение	1.429
программка	1.429
патриотизм	1.429
смычок	1.429
голубятня	1.429
голгофа	1.427
азиат	1.427
злорадство	1.427
торс	1.426
кулинария	1.426
норд	1.426
вепрь	1.426
ностальгия	1.425
дисплей	1.425
крахмал	1.425
специализация	1.424
прорубь	1.424
ладан	1.424
скряга	1.423
хук	1.423
канадец	1.422
хвастовство	1.421
лазутчик	1.421
сходка	1.421
воскрешение	1.420
дикость	1.420
содружество	1.419
нажива	1.419
примочка	1.419
черепица	1.419
мироздание	1.418
калий	1.418
скитание	1.417
фасон	1.417
умножение	1.417
легкомыслие	1.417
дружинник	1.417
репродукция	1.415
низина	1.414
бордюр	1.414
рецензия	1.414
топаз	1.414
поклонение	1.413
мелюзга	1.413
обрезок	1.413
гопник	1.413
сообразительность	1.413
интеллигент	1.413
чудачка	1.412
записочка	1.412
перевес	1.411
штрафной	1.411
пояснение	1.410
полукруг	1.410
рагу	1.409
искупление	1.409
вельможа	1.409
избранник	1.409
дылда	1.409
лавра	1.409
чернильница	1.409
баллада	1.408
фламинго	1.406
поднятие	1.406
котлован	1.406
вишенка	1.405
пацанёнок	1.405
эпицентр	1.405
переодевание	1.404
спекуляция	1.404
кинематограф	1.404
алхимия	1.403
ребус	1.403
гравюра	1.402
монумент	1.402
рейка	1.402
тирада	1.402
макинтош	1.401
поощрение	1.401
долька	1.400
стратег	1.400
квас	1.400
флагман	1.399
триллион	1.399
ровесница	1.398
пригорок	1.398
долгота	1.398
южанин	1.397
плаха	1.397
шарфик	1.397
дивизион	1.396
циклон	1.396
копь	1.396
затяжка	1.396
зачинщик	1.396
фантазёр	1.395
крестьянка	1.395
могилка	1.395
астра	1.395
нектар	1.395
живописец	1.394
перебой	1.394
меридиан	1.394
колос	1.393
драндулет	1.393
огрызок	1.392
букетик	1.392
барыня	1.392
синагога	1.390
неудачница	1.390
накопление	1.390
орава	1.390
выделение	1.389
потребление	1.389
сантехника	1.389
штатское	1.389
вольт	1.388
арматура	1.388
аналитик	1.388
вандал	1.386
автомашина	1.386
топь	1.385
перезвон	1.385
капитуляция	1.385
бурение	1.383
минор	1.383
заложница	1.381
саксофон	1.381
амнистия	1.381
карамель	1.380
дол	1.380
социалист	1.380
кругозор	1.379
поло	1.379
предубеждение	1.379
подлинник	1.379
шлейф	1.379
эсэсовец	1.379
портвейн	1.379
покаяние	1.378
сауна	1.378
телепередача	1.378
излишек	1.377
лещ	1.376
удаль	1.374
повиновение	1.374
трапеция	1.374
ремонтник	1.374
черепок	1.374
бобик	1.374
нефтепровод	1.374
скупщик	1.372
тишь	1.372
планёр	1.371
правнук	1.370
перина	1.369
столяр	1.369
тучка	1.369
злоупотребление	1.368
плац	1.368
вышибала	1.367
крестоносец	1.367
пакгауз	1.366
гибкость	1.366
фокстрот	1.366
романс	1.366
загрузка	1.365
трещинка	1.365
регламент	1.365
москит	1.365
герань	1.364
мура	1.364
початок	1.364
молва	1.363
глоточек	1.363
антиквар	1.363
горец	1.362
нажатие	1.362
обитание	1.362
трепло	1.362
кастрюлька	1.362
дождевик	1.361
смещение	1.360
руно	1.360
молокосос	1.360
вынос	1.359
примус	1.359
самосохранение	1.359
икота	1.358
прилёт	1.358
извлечение	1.357
укроп	1.357
пережиток	1.357
безумство	1.357
экономист	1.357
недруг	1.357
забой	1.356
кровоизлияние	1.355
гадание	1.355
шарм	1.353
северянин	1.353
наблюдательность	1.352
наведение	1.352
кормилец	1.351
критерий	1.351
багор	1.351
пролетарий	1.351
бахрома	1.350
мошенница	1.350
причастие	1.349
рябь	1.348
медиум	1.348
фюзеляж	1.348
туш	1.347
молоточек	1.346
турне	1.346
подшипник	1.346
струнка	1.346
таксофон	1.343
брасс	1.343
изверг	1.343
дверка	1.343
нахальство	1.342
белочка	1.342
целитель	1.342
наличность	1.341
комментатор	1.341
орнамент	1.340
диабет	1.340
толстячок	1.340
идеология	1.339
неповиновение	1.338
львица	1.338
заклёпка	1.338
отражатель	1.337
поганец	1.337
амбал	1.337
празднество	1.337
зелёнка	1.336
ступа	1.336
военачальник	1.336
баркас	1.334
голубизна	1.334
броненосец	1.334
утварь	1.333
плут	1.333
лайка	1.333
досмотр	1.333
бензопила	1.333
боеголовка	1.332
мольберт	1.331
ваниль	1.331
каскадёр	1.331
кофеварка	1.330
уточнение	1.330
соло	1.329
дремота	1.329
броневик	1.329
танкист	1.328
летопись	1.328
гимназист	1.327
проходная	1.327
друид	1.327
морячок	1.327
сплетение	1.326
иней	1.326
банкротство	1.326
ловкач	1.326
размазня	1.326
эскимос	1.326
отчуждение	1.325
заслонка	1.324
лыко	1.323
атеист	1.323
буржуазия	1.323
вексель	1.323
слепец	1.323
водосток	1.321
задор	1.321
пупсик	1.321
тряска	1.321
свая	1.320
руководительница	1.320
родословная	1.319
крикун	1.319
шлак	1.318
недотёпа	1.318
финансист	1.318
резон	1.316
карбюратор	1.316
действо	1.315
залежь	1.313
моторка	1.313
директива	1.313
плоскогубцы	1.313
отдушина	1.313
крылечко	1.312
наколка	1.312
вскрик	1.312
пихта	1.311
безрассудство	1.311
полисмен	1.311
баловство	1.310
отёк	1.310
халатность	1.309
тушка	1.307
именинница	1.307
конница	1.306
паз	1.306
преодоление	1.306
льгота	1.306
лгун	1.306
крупица	1.305
поедание	1.305
трубочист	1.305
досягаемость	1.304
бивень	1.304
одиссея	1.304
глухомань	1.304
шотландец	1.304
злодейка	1.303
мочка	1.303
голуба	1.303
трюфель	1.303
коготок	1.302
обогреватель	1.302
грыжа	1.301
финка	1.301
вьюга	1.301
пушинка	1.301
тазик	1.301
сёмга	1.300
конфетти	1.300
зверство	1.300
нафталин	1.299
мармелад	1.299
гомон	1.298
нравственность	1.297
спальник	1.296
перестановка	1.296
добавление	1.296
пикет	1.296
святыня	1.296
мерин	1.296
иностранка	1.295
бунтарь	1.294
выемка	1.294
лотос	1.294
секундомер	1.293
маузер	1.293
непорядок	1.293
паломник	1.293
полчище	1.292
олигарх	1.292
старинка	1.292
санитарка	1.291
ухаб	1.290
пасынок	1.289
обоняние	1.289
современник	1.289
виновность	1.288
зайчонок	1.288
пенициллин	1.288
бургомистр	1.288
гончая	1.287
абонемент	1.287
рокер	1.285
трест	1.285
угодье	1.285
гулянка	1.284
педсовет	1.284
объедение	1.284
крематорий	1.283
соболь	1.283
счастливец	1.281
уздечка	1.281
цензура	1.280
самооценка	1.280
стык	1.280
саван	1.279
астролог	1.279
живец	1.279
босоножка	1.279
прецедент	1.279
сородич	1.279
прорезь	1.279
вихор	1.278
прохвост	1.278
выбоина	1.277
живчик	1.277
сушь	1.276
пигмей	1.275
остряк	1.275
перл	1.274
хихиканье	1.274
шрапнель	1.274
коронка	1.274
осведомлённость	1.273
фехтование	1.273
портниха	1.273
дыба	1.272
лавочник	1.272
пафос	1.272
практикантка	1.268
циркач	1.268
тягота	1.268
гребля	1.268
картонка	1.267
наказ	1.267
пересмотр	1.267
авторучка	1.266
энтузиаст	1.266
налётчик	1.266
таинство	1.266
просо	1.266
ересь	1.265
тенор	1.265
растяжение	1.264
пышка	1.264
кавалерист	1.263
силёнка	1.263
скамеечка	1.263
оцепление	1.263
оливка	1.262
выходец	1.261
верстак	1.261
недомогание	1.260
сага	1.259
сварщик	1.259
манго	1.258
вареник	1.257
ткач	1.257
запой	1.257
легионер	1.257
безнадёжность	1.256
картошечка	1.256
ксерокс	1.255
дезодорант	1.255
ровня	1.254
вольность	1.254
манжета	1.253
машинистка	1.253
напильник	1.253
возмещение	1.252
веление	1.252
премудрость	1.252
катализатор	1.252
хоромы	1.252
башенка	1.251
взыскание	1.251
прелюдия	1.251
сойка	1.250
робость	1.250
провокатор	1.248
старожил	1.248
стекляшка	1.248
намордник	1.248
пробор	1.248
святейшество	1.247
болтушка	1.247
тузик	1.246
шторка	1.246
соучастие	1.246
циник	1.246
еретик	1.246
мобилизация	1.245
кусачки	1.245
поделка	1.245
розга	1.245
халатик	1.245
декрет	1.245
щебень	1.245
воевода	1.245
снисходительность	1.245
счетовод	1.244
карга	1.244
ревизор	1.244
напёрсток	1.243
жёнушка	1.243
мутация	1.242
пневмония	1.241
фарш	1.241
богомол	1.241
валерьянка	1.240
нюанс	1.240
круговорот	1.239
акварель	1.239
ножовка	1.239
кариб	1.239
тога	1.239
управдом	1.239
василёк	1.238
задумчивость	1.238
созерцание	1.238
камзол	1.237
черныш	1.237
агитация	1.237
ночник	1.236
стремя	1.236
махина	1.235
изречение	1.235
пасека	1.235
химера	1.234
коммерция	1.233
флирт	1.233
амфибия	1.233
порука	1.233
следование	1.232
умелец	1.232
тезис	1.232
искажение	1.231
побоище	1.231
щегол	1.231
мачете	1.230
полон	1.230
панталоны	1.229
труженик	1.229
утренник	1.228
просветление	1.227
штырь	1.227
россыпь	1.227
роллер	1.227
гуляние	1.226
аватар	1.226
пошлость	1.226
художество	1.225
ценник	1.225
реле	1.224
клеёнка	1.224
джемпер	1.224
мимоза	1.224
бикини	1.224
бороздка	1.222
высотка	1.222
шайтан	1.222
кашалот	1.222
наружность	1.222
тёлочка	1.222
бортик	1.222
мерцание	1.221
перепад	1.220
амортизатор	1.220
ландыш	1.220
архипелаг	1.220
грузин	1.220
тягость	1.219
грифон	1.219
шаровары	1.219
хлорка	1.218
смута	1.218
поглощение	1.218
беспечность	1.217
негритянка	1.217
фурия	1.216
эффективность	1.216
напутствие	1.216
титр	1.215
диагональ	1.214
истребление	1.214
святость	1.214
отруби	1.213
геология	1.213
обожание	1.213
стройплощадка	1.212
панихида	1.212
бубенчик	1.211
диско	1.211
срочность	1.211
тумак	1.211
дребедень	1.209
трусца	1.209
конфуз	1.209
лов	1.208
лото	1.208
твист	1.208
каторжник	1.208
дискриминация	1.208
лесничий	1.208
нанесение	1.208
каннибал	1.208
экспозиция	1.207
подвода	1.207
тиканье	1.207
психопатка	1.206
ишак	1.206
желток	1.206
ординатор	1.205
оболтус	1.205
симпатяга	1.205
черёмуха	1.205
бредень	1.205
барометр	1.205
митра	1.205
брод	1.205
палисадник	1.204
лисичка	1.204
прочтение	1.204
пунктик	1.203
станица	1.203
компетенция	1.203
пройдоха	1.203
мэтр	1.202
погодка	1.201
темень	1.201
мыслишка	1.201
оптика	1.201
каламбур	1.201
флюгер	1.201
касание	1.200
верняк	1.200
чад	1.200
кавардак	1.200
дамка	1.199
говорун	1.199
дружочек	1.198
монтёр	1.198
сообщница	1.198
телеканал	1.198
везунчик	1.197
стежок	1.197
косарь	1.196
маразм	1.196
метрополитен	1.196
семьянин	1.195
каблучок	1.195
закупка	1.194
портьера	1.194
терминология	1.194
пиршество	1.194
беспамятство	1.194
прядка	1.193
индиец	1.193
окошечко	1.193
раскраска	1.193
муниципалитет	1.192
вольер	1.192
уроженец	1.192
дурость	1.190
мычание	1.190
мелководье	1.190
гимнаст	1.190
телезритель	1.189
черенок	1.189
кларнет	1.189
репрессия	1.189
стимулятор	1.189
маманя	1.189
диафрагма	1.188
варварство	1.188
цикада	1.187
омега	1.187
писанина	1.187
толь	1.186
рассеянность	1.186
молодняк	1.185
перекрытие	1.185
блиндаж	1.185
провидец	1.185
амфора	1.184
шпагат	1.184
синь	1.184
блокировка	1.184
жатва	1.184
сёрфинг	1.184
житуха	1.183
оливье	1.183
конвоир	1.183
некролог	1.183
планетарий	1.183
двоечник	1.182
донышко	1.182
чешуйка	1.182
линолеум	1.182
реализация	1.182
нелюди	1.182
кондор	1.181
преосвященство	1.181
транзистор	1.181
стартёр	1.180
вигвам	1.180
рецидивист	1.180
видик	1.180
небосвод	1.180
гортань	1.180
наган	1.180
ферзь	1.180
кофеёк	1.179
усовершенствование	1.178
надел	1.177
попа	1.177
истеричка	1.176
адресат	1.176
сват	1.176
цинизм	1.175
ежедневник	1.174
котлетка	1.174
упокой	1.174
интенсивность	1.174
испанка	1.173
бледность	1.173
пожиратель	1.173
парапет	1.172
изыскание	1.172
незадача	1.172
оказание	1.172
помешательство	1.172
туризм	1.172
пакт	1.171
защёлка	1.171
макулатура	1.171
фельдмаршал	1.170
зоомагазин	1.170
столешница	1.169
попугайчик	1.169
громада	1.169
патефон	1.168
драматург	1.168
государыня	1.168
звоночек	1.168
бальзам	1.167
контратака	1.167
вывоз	1.166
всхлип	1.165
автовокзал	1.165
глупыш	1.165
наседка	1.165
понтон	1.165
разруха	1.165
червонец	1.165
вертел	1.164
отрада	1.164
провиант	1.163
оговорка	1.163
кинокамера	1.163
хлебец	1.163
садоводство	1.162
шпик	1.162
гильотина	1.162
куль	1.161
позёмка	1.161
коммерсант	1.160
румын	1.159
дарование	1.159
меланхолия	1.159
опечатка	1.157
семиклассник	1.157
торнадо	1.157
возница	1.157
хоккеист	1.157
рекрут	1.156
ходуля	1.156
аккуратность	1.156
кастор	1.156
беззаконие	1.156
перебранка	1.156
неотложка	1.155
пенальти	1.155
шуршание	1.154
заварушка	1.154
варево	1.153
свершение	1.153
грач	1.152
кровля	1.152
встряска	1.152
лояльность	1.152
пантомима	1.152
единение	1.151
колика	1.151
устранение	1.151
централ	1.151
монархия	1.151
палитра	1.150
пятиклассник	1.150
светик	1.150
неузнаваемость	1.150
балалайка	1.149
затрещина	1.149
волокита	1.147
карманник	1.147
мертвяк	1.147
чарльстон	1.147
всезнайка	1.147
выпускница	1.147
кварц	1.146
анаконда	1.146
кафель	1.146
рычажок	1.146
равноправие	1.146
метание	1.145
связист	1.145
заваруха	1.145
африканец	1.144
настой	1.143
микрорайон	1.143
идеалист	1.143
протеже	1.142
водопой	1.141
черепушка	1.141
совместительство	1.141
спортсменка	1.141
отрок	1.140
подавление	1.139
рецидив	1.139
заплата	1.139
прореха	1.138
отцовство	1.138
покрой	1.138
холоп	1.138
рулет	1.138
ячмень	1.137
душенька	1.137
виконт	1.137
отголосок	1.137
гарем	1.137
подношение	1.137
глазище	1.136
чёткость	1.136
сложение	1.135
опьянение	1.135
россказни	1.135
гангрена	1.135
юр	1.135
ветрянка	1.135
физиология	1.135
драмкружок	1.134
фальшивомонетчик	1.134
зарубка	1.133
замашка	1.133
лихва	1.133
шунт	1.133
шевалье	1.133
безысходность	1.132
радиопередача	1.132
скиталец	1.131
гимнастка	1.131
опоссум	1.131
тетива	1.130
банкнота	1.130
шарманка	1.130
самомнение	1.129
детвора	1.129
аспирантура	1.129
убеждённость	1.129
подпорка	1.128
развал	1.127
метёлка	1.127
сбыт	1.127
звукозапись	1.127
поспешность	1.127
торгаш	1.126
лебеда	1.125
шавка	1.124
кафетерий	1.123
лоскуток	1.122
изнанка	1.121
платина	1.121
прозрение	1.121
табу	1.121
авиакомпания	1.121
ростовщик	1.120
кормёжка	1.120
условность	1.120
доцент	1.120
субстанция	1.119
циклоп	1.119
окулист	1.118
ценитель	1.118
совершеннолетие	1.118
дезинфекция	1.117
кадка	1.117
тарантул	1.117
вазочка	1.117
нищенка	1.117
работка	1.117
тюрбан	1.116
жаровня	1.116
эмир	1.116
переводчица	1.116
автостоянка	1.116
бурка	1.115
мерзавка	1.115
обормот	1.115
фрекен	1.115
предвестник	1.115
голяк	1.114
подкуп	1.114
магний	1.113
каюк	1.113
братия	1.113
монтировка	1.112
пуф	1.112
щеколда	1.112
неодобрение	1.111
погребение	1.111
шеврон	1.111
акр	1.110
хохолок	1.110
материнство	1.109
акушерка	1.109
подлокотник	1.109
отлучка	1.109
ветровка	1.109
порождение	1.109
радиосигнал	1.108
информатика	1.108
полдник	1.108
расцветка	1.107
оленёнок	1.106
микстура	1.106
забытьё	1.106
птичник	1.106
демонстрант	1.106
боров	1.106
песчаник	1.105
естествознание	1.105
мусорщик	1.104
автоматика	1.103
увалень	1.103
черешня	1.102
сварка	1.102
симпозиум	1.102
орнитолог	1.102
беспредел	1.101
водолазка	1.101
массовка	1.101
куница	1.100
фотоснимок	1.100
японка	1.100
приверженец	1.100
сарафан	1.100
блюз	1.099
молочная	1.099
хорь	1.099
косметичка	1.099
корвет	1.099
неспособность	1.098
генетика	1.097
фарс	1.097
хмель	1.097
батрак	1.097
олово	1.096
уезд	1.095
баритон	1.095
стеснение	1.095
координатор	1.095
ляжка	1.095
стужа	1.094
абракадабра	1.094
мембрана	1.094
циркуль	1.094
гимнастёрка	1.093
шестиклассник	1.093
единоборство	1.092
севок	1.092
нагоняй	1.091
отсечение	1.091
горнист	1.090
интеллигенция	1.090
благоговение	1.090
сказ	1.090
диалект	1.089
амбразура	1.089
агроном	1.089
пустынь	1.088
попутка	1.088
одночасье	1.087
эйфория	1.087
дудочка	1.087
телятина	1.087
эстакада	1.087
австралиец	1.085
оперение	1.085
гранатомёт	1.085
заборчик	1.085
сонливость	1.085
батист	1.085
совок	1.084
накладная	1.084
рельеф	1.083
валик	1.083
концерн	1.083
мандат	1.083
отправитель	1.083
табакерка	1.082
бурьян	1.081
разорение	1.081
эдем	1.080
спесь	1.080
вакса	1.080
вредность	1.080
красотища	1.080
провидение	1.080
полог	1.080
перебежчик	1.079
магма	1.079
переменка	1.079
оперетта	1.079
трёпка	1.078
паства	1.078
ксёндз	1.078
изъятие	1.078
приспешник	1.076
тунеядец	1.076
подать	1.076
вдовец	1.075
прогон	1.075
сосредоточенность	1.074
русалочка	1.074
студень	1.074
сквайр	1.074
фиаско	1.073
лавр	1.072
дошкольник	1.072
полиэтилен	1.072
внезапность	1.072
костёл	1.072
газетка	1.072
координация	1.071
хамство	1.071
калейдоскоп	1.071
льдинка	1.070
смета	1.070
раскол	1.070
сброс	1.070
рамочка	1.070
провожатый	1.069
миниатюра	1.069
катамаран	1.069
каре	1.069
разведение	1.069
аппендикс	1.069
триллер	1.069
бюстгальтер	1.068
накал	1.068
прерия	1.068
мякиш	1.068
сопрано	1.068
извращение	1.067
закуток	1.066
пересчёт	1.066
ручища	1.066
ныряльщик	1.065
синоним	1.065
граффити	1.064
загляденье	1.063
секундант	1.063
морозильник	1.062
проулок	1.062
подступ	1.061
щёлочка	1.061
мореплаватель	1.061
бестия	1.061
стилист	1.060
лемур	1.060
половик	1.060
краситель	1.060
саженец	1.059
колкость	1.059
ребятня	1.058
предзнаменование	1.058
кровообращение	1.058
погремушка	1.058
пиджачок	1.057
одеяльце	1.057
имитация	1.056
австриец	1.055
сокрытие	1.055
колли	1.055
младенчество	1.054
рубрика	1.054
происки	1.053
инвалидность	1.053
степ	1.052
кутерьма	1.051
мосток	1.051
подкоп	1.051
стереотип	1.051
радиорубка	1.051
сортировка	1.051
винтёр	1.051
сословие	1.051
лепет	1.051
пулька	1.051
кровопийца	1.050
трезвость	1.050
пружинка	1.050
гетман	1.050
овод	1.050
постоянство	1.050
альт	1.050
правонарушение	1.049
кадиллак	1.047
согражданин	1.047
слоник	1.046
незабудка	1.046
рампа	1.045
палтус	1.045
бабник	1.045
завистник	1.045
дзюдо	1.044
сошка	1.044
шёрстка	1.042
выводок	1.042
цветение	1.040
нейрохирург	1.040
толкование	1.040
сотка	1.039
добряк	1.039
банька	1.038
этажерка	1.038
аврал	1.037
манна	1.037
прорва	1.037
спецовка	1.036
умиротворение	1.036
могильщик	1.035
кефир	1.035
автобиография	1.035
прыть	1.035
подхалим	1.034
излечение	1.034
правдивость	1.034
сюртук	1.034
компашка	1.034
спрут	1.034
юморист	1.034
глухота	1.033
новизна	1.032
кольчуга	1.032
завывание	1.032
кубинец	1.032
незнайка	1.031
субтитр	1.031
крокет	1.029
гусёк	1.029
радикулит	1.029
тигрица	1.028
вертикаль	1.028
растерзание	1.028
стенгазета	1.028
фольклор	1.028
сонет	1.027
компрессор	1.027
коржик	1.027
штиль	1.026
пятилетка	1.026
доярка	1.026
пион	1.026
держатель	1.025
золотце	1.025
крупинка	1.025
снегоход	1.025
укротитель	1.024
деваха	1.023
мундштук	1.023
первоклашка	1.023
завитушка	1.023
блеф	1.023
сглаз	1.023
козерог	1.023
ординарец	1.023
пряжа	1.022
блондиночка	1.022
кувшинка	1.022
худышка	1.022
просчёт	1.021
иврит	1.021
чесотка	1.021
яблонька	1.020
бензобак	1.020
съедение	1.020
выхлоп	1.019
чуткость	1.019
годность	1.019
затор	1.018
паяльник	1.018
пианистка	1.018
занос	1.018
олива	1.018
инквизитор	1.018
симметрия	1.018
призма	1.018
бубенец	1.017
конденсатор	1.017
мириада	1.017
трансформация	1.017
военкомат	1.017
аэростат	1.016
датчанин	1.016
фальшь	1.016
зверьё	1.016
законодательство	1.015
ветряк	1.014
реверанс	1.014
двустволка	1.014
лепта	1.014
спидометр	1.014
сафари	1.013
тесак	1.012
заика	1.012
межа	1.011
транспарант	1.011
ночлежка	1.011
хлюпик	1.010
гармоника	1.010
соприкосновение	1.009
истечение	1.009
амёба	1.009
лань	1.009
кавычка	1.008
рать	1.008
картуз	1.007
морока	1.007
шлёпка	1.007
турник	1.007
хворь	1.007
позолота	1.007
швея	1.007
торф	1.007
плутоний	1.006
сакс	1.006
тональность	1.006
перс	1.005
детина	1.005
серб	1.005
самоцвет	1.005
тильда	1.005
труха	1.005
упоение	1.004
дедукция	1.004
подозрительность	1.004
бра	1.004
затемнение	1.004
злыдень	1.004
письмена	1.004
нежить	1.003
капелла	1.003
телекамера	1.002
рэкет	1.002
соплеменник	1.002
вербовка	1.001
упущение	1.001
постамент	1.001
оглобля	1.001
законность	1.000
хризантема	1.000
оружейник	1.000
злодейство	0.999
нарост	0.999
подводник	0.999
продление	0.999
душок	0.999
излучатель	0.998
солонка	0.998
нейтралитет	0.997
экипировка	0.997
трясучка	0.997
орлик	0.997
бронь	0.997
идейка	0.996
понижение	0.996
колымага	0.996
рокот	0.996
отвлечение	0.995
нут	0.995
скок	0.994
фанфара	0.994
великанша	0.994
дрёма	0.993
травля	0.993
алчность	0.993
отстранение	0.992
выкрутасы	0.992
сень	0.992
подпольщик	0.991
соты	0.991
противовес	0.991
вандализм	0.990
депеша	0.990
мишура	0.990
экзотика	0.990
калина	0.990
сельдь	0.990
лиственница	0.989
подзащитный	0.989
производительность	0.989
хромота	0.989
калач	0.988
пастушок	0.988
стафилококк	0.988
раздвоение	0.986
правка	0.986
веха	0.986
амуниция	0.985
жительница	0.985
зубочистка	0.985
водица	0.985
заседатель	0.985
пособник	0.985
стропа	0.985
кренделёк	0.985
кентавр	0.984
томагавк	0.984
козочка	0.984
нравоучение	0.984
горение	0.983
скейт	0.983
конторка	0.983
мейл	0.983
модем	0.983
сыч	0.982
кармин	0.981
бусина	0.981
поэтесса	0.981
третьеклассник	0.981
шоры	0.981
вымя	0.981
апатия	0.980
резка	0.980
кювет	0.980
сочельник	0.980
филармония	0.979
кобылка	0.979
корсак	0.979
утеха	0.979
дискомфорт	0.979
враки	0.978
водолей	0.978
иерархия	0.978
вариация	0.978
националист	0.978
жерло	0.978
рассада	0.978
канавка	0.978
сход	0.978
чертовка	0.978
штемпель	0.977
суфле	0.977
криминалистика	0.976
штатив	0.976
флотский	0.976
огнемёт	0.976
жонглёр	0.975
ханжа	0.975
хрюшка	0.975
сентиментальность	0.975
тростинка	0.975
бард	0.975
презент	0.975
целлофан	0.974
молодчик	0.974
растворитель	0.974
синтезатор	0.974
слонёнок	0.974
супермодель	0.974
щелкунчик	0.974
муфта	0.973
калачик	0.973
знаменатель	0.973
самодовольство	0.973
медосмотр	0.973
спаржа	0.972
аббат	0.972
брага	0.972
миллиграмм	0.972
изваяние	0.971
переключение	0.971
кайма	0.971
преподавательница	0.970
пенсионерка	0.970
скольжение	0.970
шкет	0.970
отмщение	0.969
нимб	0.969
диггер	0.969
жёсткость	0.969
пальтишко	0.968
аксессуар	0.967
отчётность	0.967
агитатор	0.966
ампутация	0.966
мазут	0.966
авоська	0.966
непривычка	0.966
инвентаризация	0.965
воспроизведение	0.965
собачник	0.965
ассортимент	0.964
самотёк	0.964
венгр	0.964
кортеж	0.964
алкоголизм	0.963
обновка	0.963
папашка	0.963
приказчик	0.963
танцплощадка	0.963
гаврик	0.963
салями	0.962
тигрёнок	0.962
педиатр	0.961
инкогнито	0.961
подмостки	0.961
гауптвахта	0.960
контузия	0.960
парадное	0.960
игрек	0.959
ошибочка	0.959
остолоп	0.959
планировка	0.958
пуща	0.958
злоключение	0.958
оборка	0.958
литератор	0.958
тетерев	0.958
липка	0.958
времяпрепровождение	0.957
блуза	0.957
чертополох	0.957
сердцевина	0.957
группка	0.956
скакалка	0.956
хоббит	0.955
освоение	0.955
существительное	0.955
обладание	0.955
песочек	0.955
хахаль	0.954
хибара	0.954
посудомойка	0.954
перекись	0.953
планктон	0.953
выселение	0.953
прегрешение	0.953
программирование	0.953
бунгало	0.952
мотороллер	0.952
промашка	0.952
свёкор	0.952
зяблик	0.951
наставница	0.951
дачник	0.951
недотрога	0.951
дукат	0.950
сажень	0.950
обезьянник	0.950
шулер	0.949
типаж	0.949
журчание	0.949
погонщик	0.949
кроль	0.949
ложбинка	0.948
абордаж	0.948
бадья	0.948
завивка	0.947
подпол	0.947
крапинка	0.947
чартер	0.947
глист	0.946
сервант	0.946
бредни	0.946
лацкан	0.946
ответвление	0.946
отчизна	0.946
плацдарм	0.946
компьютерщик	0.945
арбитр	0.945
однокурсник	0.945
ледышка	0.944
терьер	0.944
ежевика	0.944
интервенция	0.944
психиатрия	0.943
семинария	0.943
брошюрка	0.943
спора	0.943
кикимора	0.943
булава	0.943
прибамбас	0.943
тыковка	0.943
расхождение	0.942
лидерство	0.942
нейтрон	0.941
дрессировка	0.941
брильянт	0.941
горняк	0.941
гестаповец	0.940
наследственность	0.939
буфетчица	0.939
постелька	0.938
фотокарточка	0.937
пилигрим	0.936
комбат	0.936
аммиак	0.936
перегар	0.936
цинк	0.936
зев	0.935
повидло	0.935
чернь	0.935
заплыв	0.935
наречие	0.934
пошлина	0.934
неизбежность	0.934
денёчек	0.932
захолустье	0.932
новшество	0.932
лишай	0.932
свояк	0.932
подстанция	0.931
спецэффект	0.931
голиаф	0.931
крен	0.930
телесериал	0.930
нитроглицерин	0.930
репей	0.930
трактирщик	0.930
туристка	0.930
дармоед	0.929
мировоззрение	0.929
беднота	0.928
адмиралтейство	0.928
давка	0.928
обод	0.928
наплыв	0.927
ломка	0.926
скукота	0.926
кума	0.926
кредитор	0.926
жёлчь	0.926
дегустация	0.925
соя	0.925
головешка	0.924
ассамблея	0.924
плейер	0.924
сухость	0.923
бесстрашие	0.923
ванночка	0.923
вьетнамец	0.923
комплекция	0.923
самоуважение	0.922
самба	0.922
стрельбище	0.922
кладовщик	0.922
инициатор	0.921
битьё	0.921
гироскоп	0.921
переселенец	0.921
дружелюбие	0.921
простолюдин	0.920
дурман	0.920
запинка	0.919
песец	0.919
бродяжка	0.919
скорняк	0.918
киви	0.917
разнос	0.917
флагшток	0.917
кипарис	0.916
благосклонность	0.916
блинок	0.916
гарнитур	0.916
отворот	0.915
мажор	0.915
покоритель	0.915
выращивание	0.914
ватрушка	0.914
спиннинг	0.914
кружечка	0.914
мышьяк	0.914
дых	0.914
пессимист	0.914
соната	0.914
прихвостень	0.914
писец	0.913
технарь	0.913
позорище	0.913
старатель	0.913
заменитель	0.913
обрубок	0.913
менингит	0.913
сутана	0.912
противень	0.912
пирсинг	0.912
керамика	0.911
застенчивость	0.911
сжатие	0.911
объедок	0.911
честолюбие	0.911
ревизия	0.911
изотоп	0.911
внедрение	0.911
неточность	0.911
старушенция	0.910
интеллектуал	0.909
интернационал	0.909
тис	0.909
гашиш	0.909
каравай	0.908
клаустрофобия	0.908
центрифуга	0.908
кабала	0.908
ломик	0.907
атлетика	0.907
инопланетянка	0.907
субординация	0.907
винцо	0.907
запугивание	0.907
никотин	0.907
утопия	0.906
капель	0.906
десятиклассник	0.906
партер	0.906
саламандра	0.905
пересказ	0.905
мускулатура	0.905
ротвейлер	0.903
сороконожка	0.903
нахалка	0.903
радиопередатчик	0.903
индюшка	0.902
препод	0.901
космодром	0.901
дегенерат	0.901
чижик	0.901
овал	0.900
закорючка	0.900
слабина	0.899
факир	0.899
кощунство	0.899
буча	0.899
сожжение	0.898
заверение	0.898
парфюм	0.898
камердинер	0.898
замер	0.897
застройка	0.897
островитянин	0.897
приписка	0.896
дужка	0.896
сподвижник	0.896
итальянка	0.896
псалом	0.895
самокрутка	0.895
верование	0.895
фуфло	0.895
парикмахерша	0.894
картечь	0.894
конфигурация	0.894
глюкоза	0.893
птеродактиль	0.893
миксер	0.893
подштанники	0.893
искривление	0.892
мужественность	0.892
вымирание	0.892
речушка	0.892
новелла	0.891
косуля	0.891
повелительница	0.891
приборчик	0.891
бензоколонка	0.890
индианка	0.890
улан	0.890
отстойник	0.889
кабаре	0.888
тариф	0.888
гланда	0.888
диагностика	0.887
бурда	0.887
барракуда	0.886
второклассник	0.886
определитель	0.886
тонус	0.886
жнец	0.886
подвижность	0.886
прибежище	0.886
голь	0.886
комарик	0.885
чистюля	0.885
умозаключение	0.885
фрейлейн	0.885
электромобиль	0.885
безрукавка	0.884
обжорство	0.884
соринка	0.884
вожделение	0.884
гурман	0.884
солярий	0.884
получатель	0.884
слайд	0.884
барк	0.883
конвенция	0.883
представительница	0.882
чахотка	0.882
виртуоз	0.881
нарезка	0.881
окаменелость	0.881
тореадор	0.881
выпуклость	0.881
проекция	0.881
томик	0.881
хитрюга	0.881
обоснование	0.881
лисёнок	0.880
волкодав	0.880
штифт	0.879
уклад	0.879
фельдфебель	0.879
склока	0.879
ясень	0.878
настояние	0.878
пенопласт	0.878
удилище	0.878
хулиганка	0.878
изжога	0.878
моська	0.877
оповещение	0.877
орфография	0.877
определённость	0.877
трудолюбие	0.877
ёрш	0.877
прислужник	0.876
испарина	0.876
невежа	0.876
пролог	0.876
соломка	0.876
приседание	0.876
усач	0.876
правонарушитель	0.876
оплот	0.875
подтекст	0.875
доберман	0.875
барахолка	0.874
однообразие	0.873
хлопчик	0.873
подливка	0.872
писака	0.872
поводырь	0.872
покупательница	0.872
парусина	0.872
ребячество	0.872
тембр	0.872
брючки	0.872
подогрев	0.871
протектор	0.871
рукоделие	0.871
меткость	0.871
дека	0.870
отзвук	0.870
вокал	0.870
землекоп	0.870
мастерица	0.870
самопожертвование	0.870
благосостояние	0.869
поклажа	0.869
личина	0.869
устрашение	0.869
паломничество	0.868
жандармерия	0.868
минотавр	0.868
хищница	0.868
пугач	0.867
курятина	0.867
скипидар	0.867
вещмешок	0.867
словцо	0.867
катафалк	0.866
фракция	0.866
орангутанг	0.866
пятерня	0.865
распря	0.865
запорожец	0.864
каналья	0.864
ромб	0.864
многоэтажка	0.864
муляж	0.864
окуляр	0.864
соха	0.864
вымогатель	0.864
стебелёк	0.863
неровность	0.863
клубень	0.863
номинация	0.863
барка	0.863
мимика	0.863
петлица	0.862
живодёр	0.862
банджо	0.862
нервозность	0.861
колосок	0.861
инсценировка	0.861
разлад	0.861
вычет	0.861
зенитка	0.861
бельмо	0.860
купидон	0.860
отрыжка	0.860
брикет	0.860
видеомагнитофон	0.860
негритёнок	0.860
репродуктор	0.860
сотник	0.860
пришествие	0.860
озорство	0.859
авокадо	0.859
пенни	0.859
ввод	0.859
выдумщик	0.859
сопение	0.859
диктовка	0.858
стратосфера	0.858
буковка	0.857
пчеловод	0.857
кадык	0.857
подписчик	0.856
либерал	0.856
котёночек	0.856
наездница	0.856
хандра	0.856
осветитель	0.856
барбос	0.856
халтура	0.855
гак	0.854
регистр	0.854
видок	0.854
военнослужащий	0.854
покраска	0.854
перевоплощение	0.854
предсказатель	0.853
дикобраз	0.853
эклер	0.853
морок	0.853
воинство	0.853
имечко	0.853
лунь	0.852
кожух	0.852
серенада	0.852
слякоть	0.852
обслуга	0.852
рикша	0.852
хер	0.852
чечевица	0.851
оценщик	0.851
грибочек	0.851
ном	0.851
дурында	0.850
покалывание	0.850
причитание	0.850
загривок	0.850
консоль	0.850
активистка	0.849
кафтан	0.849
пищеварение	0.849
палас	0.849
сознательность	0.848
скарлатина	0.848
спортклуб	0.847
можжевельник	0.847
пистолетик	0.847
послушник	0.847
гренок	0.847
ротмистр	0.847
головушка	0.846
дознание	0.845
дуралей	0.845
регистратор	0.844
долгоносик	0.844
неясность	0.844
драгун	0.844
антивещество	0.843
жжение	0.843
памятка	0.843
регулировщик	0.843
корректор	0.843
дизентерия	0.843
прописка	0.842
ноготок	0.842
тотализатор	0.842
кутузка	0.842
венчание	0.841
половник	0.841
самоучка	0.841
тесло	0.841
мирра	0.840
передок	0.840
вырубка	0.840
рапира	0.840
репка	0.840
крышечка	0.840
рефери	0.839
жарища	0.839
тропик	0.839
теннисист	0.838
парка	0.838
подвесок	0.837
земледелие	0.837
четвероклассник	0.837
бистро	0.837
владетель	0.837
фитнес	0.836
эмаль	0.836
лаванда	0.836
танин	0.836
инжир	0.836
чужестранец	0.835
щёголь	0.835
пищевод	0.835
сектант	0.835
беляк	0.835
скрытность	0.835
буйство	0.834
метан	0.834
комиссариат	0.834
оползень	0.834
турникет	0.834
прокламация	0.834
президиум	0.833
самоотверженность	0.833
духовенство	0.833
катаклизм	0.833
недостача	0.833
ложок	0.833
прогрессия	0.833
деревцо	0.832
убожество	0.832
кульминация	0.832
перст	0.832
той	0.831
живость	0.831
баптист	0.831
витраж	0.831
помесь	0.830
малодушие	0.830
полировка	0.830
румба	0.830
прогульщик	0.830
казначейство	0.829
скит	0.829
толкучка	0.829
правительница	0.829
противодействие	0.829
нарыв	0.829
фаланга	0.829
географ	0.829
герц	0.828
народец	0.828
финт	0.827
сезам	0.827
неблагодарность	0.827
новатор	0.827
полимер	0.827
сленг	0.827
пенсне	0.827
румб	0.827
хрыч	0.827
бильярдная	0.826
левиафан	0.826
зеница	0.826
смертность	0.826
женьшень	0.826
регистратура	0.826
атташе	0.826
подрыв	0.826
гробовщик	0.825
букварь	0.825
крестник	0.825
опилка	0.825
возгорание	0.825
созревание	0.825
аксиома	0.825
корысть	0.825
бестактность	0.824
деспот	0.824
семилетка	0.824
камергер	0.824
бадминтон	0.823
изгнанник	0.823
крыжовник	0.823
рогалик	0.822
очевидность	0.822
ошмёток	0.822
присвоение	0.821
гривенник	0.821
неуч	0.820
финик	0.820
вассал	0.820
божок	0.820
идиллия	0.820
метроном	0.820
посещаемость	0.820
полосочка	0.820
угар	0.819
унисон	0.819
мыльница	0.819
фат	0.819
падь	0.818
хром	0.818
вероломство	0.818
первопроходец	0.818
кемпинг	0.817
золотко	0.817
манто	0.817
вынесение	0.817
мелодрама	0.817
баталия	0.817
патология	0.817
педагогика	0.817
тренинг	0.817
тщательность	0.816
перевёртыш	0.816
ботва	0.815
ватага	0.815
разгул	0.814
закрой	0.814
гусёнок	0.814
проводница	0.814
ползунок	0.814
витязь	0.814
фотокамера	0.814
артрит	0.814
кровельщик	0.813
бракосочетание	0.813
времечко	0.813
пасьянс	0.813
тычок	0.813
цветочница	0.813
хина	0.813
кальсоны	0.812
несогласие	0.812
болельщица	0.812
хек	0.812
ахинея	0.812
диковинка	0.812
краткость	0.812
префектура	0.812
троечка	0.812
черпак	0.812
врачиха	0.812
клёцка	0.811
кафешка	0.811
ажур	0.811
перепел	0.811
гравировка	0.811
кукольник	0.810
мазня	0.809
разрядка	0.809
стела	0.809
банкнот	0.808
лягушатник	0.807
слышимость	0.807
ящерка	0.807
войлок	0.807
астрология	0.807
покорение	0.807
краля	0.807
сантименты	0.807
бездорожье	0.806
целина	0.806
статейка	0.806
подаяние	0.806
весёлость	0.806
кун	0.806
габарит	0.805
колибри	0.805
взросление	0.805
ухудшение	0.805
басок	0.805
дворянство	0.805
излучина	0.805
вкуснотища	0.804
есаул	0.804
электропередача	0.804
предместье	0.803
ацтек	0.803
суровость	0.803
врунья	0.802
клиентура	0.802
филька	0.802
жмот	0.802
автомобилист	0.801
блюститель	0.801
копытце	0.801
задолженность	0.800
становление	0.800
воззвание	0.800
кровосос	0.800
лаборантка	0.799
иллюзионист	0.799
кобальт	0.799
щёлканье	0.799
чернослив	0.799
стойбище	0.798
киношка	0.798
поверка	0.798
бездарь	0.798
женственность	0.797
святоша	0.797
посошок	0.797
блокпост	0.797
трезубец	0.797
отчисление	0.797
солнцепёк	0.796
лихач	0.796
запаска	0.796
патока	0.796
каракатица	0.795
эстетика	0.795
вазелин	0.795
реестр	0.794
матадор	0.794
мороженщик	0.794
сырок	0.794
тросточка	0.794
газопровод	0.794
белиберда	0.793
магнитола	0.793
полоз	0.793
колотушка	0.793
предъявление	0.793
эрмитаж	0.792
паутинка	0.792
эквивалент	0.792
иезуит	0.792
раритет	0.791
психотерапия	0.791
болонка	0.791
зазеркалье	0.791
кубометр	0.791
контрабас	0.791
микроорганизм	0.791
причиндалы	0.791
вставка	0.791
буян	0.791
резак	0.790
трудяга	0.790
угнетение	0.790
придирка	0.790
консерватор	0.790
обувка	0.790
столп	0.790
секира	0.789
кавказец	0.789
авианосец	0.788
мавр	0.787
вереск	0.787
паникёр	0.787
сегмент	0.787
смутьян	0.787
мим	0.786
взаимосвязь	0.786
шалопай	0.786
скиф	0.786
рощица	0.786
перерождение	0.786
мастак	0.785
минёр	0.785
цинга	0.785
слюнтяй	0.785
лентяйка	0.784
изнасилование	0.784
тумблер	0.784
манатки	0.784
жёрнов	0.784
повеление	0.784
разгильдяй	0.784
ожирение	0.784
бомбочка	0.784
дрейф	0.784
эрудит	0.784
скончание	0.784
телевизионщик	0.783
подпоручик	0.783
нагота	0.782
обострение	0.782
поцелуйчик	0.782
изготовка	0.782
ручник	0.782
сотая	0.782
служка	0.782
совокупность	0.782
кинорежиссёр	0.781
пассаж	0.781
дартс	0.781
кибитка	0.781
вермишель	0.780
каравелла	0.779
мотыга	0.779
знаменосец	0.779
телекомпания	0.779
ажиотаж	0.779
окрик	0.779
спартанец	0.779
бюрократия	0.779
показуха	0.778
подземка	0.778
радиоактивность	0.778
тал	0.778
миротворец	0.778
молочник	0.778
секретариат	0.778
предвидение	0.777
оригинальность	0.777
нимфа	0.777
умиление	0.777
тол	0.777
амфитеатр	0.777
интендант	0.777
наименование	0.777
лоск	0.776
презумпция	0.776
загадочность	0.776
агрессор	0.775
вагонетка	0.775
неумение	0.775
собиратель	0.775
грейпфрут	0.775
гроссмейстер	0.774
ненастье	0.774
молочница	0.774
правописание	0.774
подноготная	0.774
подкидыш	0.774
афганец	0.774
берёзка	0.773
реставратор	0.773
канитель	0.773
космы	0.773
первооткрыватель	0.772
забывчивость	0.772
перепись	0.772
священнослужитель	0.772
блажь	0.772
местоимение	0.772
осадки	0.772
тятя	0.772
басмач	0.772
неравенство	0.772
славянин	0.772
боярышник	0.771
неопытность	0.771
тартарары	0.771
промывание	0.771
пупс	0.771
лыжня	0.771
натуралист	0.771
мореход	0.770
астрофизик	0.770
манекенщица	0.770
воспитанница	0.770
плов	0.770
октава	0.769
натяжение	0.769
фант	0.769
дразнилка	0.769
дьяволёнок	0.768
нонсенс	0.768
пшик	0.768
кушанье	0.768
тематика	0.767
хореограф	0.767
нирвана	0.766
гунн	0.766
замедление	0.766
лексикон	0.766
сеточка	0.766
учредитель	0.766
зарисовка	0.765
цацка	0.765
универсал	0.765
стиляга	0.765
рудокоп	0.765
осадка	0.765
цветник	0.765
нагромождение	0.764
шкот	0.764
скалка	0.764
маринад	0.763
догонялки	0.763
преобразователь	0.763
истерия	0.763
буза	0.762
грамотность	0.762
дурачьё	0.762
исполин	0.762
сотворение	0.762
учтивость	0.762
крольчонок	0.762
переутомление	0.762
попович	0.761
прапрадед	0.761
шефство	0.760
конвульсия	0.760
скорлупка	0.760
частокол	0.760
заводила	0.759
пепелище	0.759
сетчатка	0.758
натяжка	0.758
плечико	0.758
гвалт	0.758
обладательница	0.758
летун	0.758
методист	0.758
кастет	0.758
мизинчик	0.758
тапочка	0.757
молчанка	0.756
самбо	0.756
долголетие	0.756
надувательство	0.756
духовность	0.756
салун	0.755
запустение	0.755
мулла	0.755
поверье	0.755
таблеточка	0.754
фраер	0.754
венчик	0.754
трак	0.754
фабрикант	0.754
удавка	0.754
пшено	0.753
эксклюзив	0.753
зорька	0.752
блокнотик	0.752
юнкер	0.752
буй	0.752
пиар	0.752
стетоскоп	0.752
сахарница	0.752
самоуправление	0.752
альбинос	0.751
гуляш	0.751
благодарение	0.751
застолье	0.751
торба	0.751
расселина	0.751
едок	0.750
непослушание	0.750
сахарок	0.750
тарабарщина	0.750
отёл	0.749
винегрет	0.749
стропило	0.749
иудей	0.749
пенис	0.749
назидание	0.749
дилижанс	0.749
пожарище	0.749
энергетик	0.748
перчик	0.748
телестудия	0.748
неимение	0.748
мопс	0.748
мангал	0.748
фаэтон	0.748
мымра	0.747
киста	0.747
трепач	0.747
неуд	0.747
раджа	0.746
шнапс	0.746
акустика	0.746
микросхема	0.746
заточка	0.745
сжигание	0.745
денщик	0.745
отложение	0.745
низость	0.745
джигит	0.744
сгиб	0.744
трактат	0.744
законник	0.744
облачность	0.744
пряность	0.744
царапинка	0.744
колчан	0.744
верховой	0.744
невидимость	0.744
солидность	0.744
зазор	0.744
террористка	0.743
громоотвод	0.743
несовершенство	0.743
подсветка	0.743
маечка	0.743
профессионализм	0.743
оттепель	0.742
трутень	0.742
хоботок	0.742
урчание	0.742
корзиночка	0.741
стройматериал	0.741
сплетник	0.741
телеведущий	0.741
шестерня	0.740
угода	0.740
кремний	0.740
атрибут	0.740
круп	0.740
балдахин	0.740
грядущее	0.740
рэкетир	0.740
совладелец	0.740
терзание	0.740
конфискация	0.739
флакончик	0.739
солонина	0.739
подхват	0.739
трио	0.739
зловоние	0.739
регенерация	0.738
стюард	0.738
гепард	0.738
насест	0.737
уверение	0.737
ширь	0.737
парилка	0.737
автопортрет	0.737
тютелька	0.737
кант	0.736
короед	0.736
переплетение	0.736
элегантность	0.736
каратист	0.736
секьюрити	0.735
искусствовед	0.735
неполноценность	0.735
воскресенье	0.735
кипение	0.734
ость	0.733
свержение	0.733
полугодие	0.733
галета	0.733
стопочка	0.733
опекунство	0.733
канделябр	0.733
фуфайка	0.732
хореография	0.732
фармацевт	0.732
гуманист	0.732
анабиоз	0.731
фриз	0.731
запруда	0.730
пилотаж	0.730
осина	0.730
тля	0.730
аквалангист	0.730
мотель	0.729
перевыборы	0.729
телец	0.729
тираннозавр	0.729
открытость	0.729
чибис	0.729
диспут	0.728
совершенствование	0.728
счастливица	0.728
ёршик	0.728
невозмутимость	0.727
сиг	0.727
испытатель	0.727
лейкоцит	0.727
экспорт	0.727
заполнение	0.727
мазила	0.727
промокашка	0.727
пядь	0.727
волок	0.727
аутсайдер	0.726
натюрморт	0.726
сгорание	0.726
тельняшка	0.726
страз	0.725
пожива	0.725
гримёр	0.725
остов	0.725
полузащитник	0.725
сказочник	0.725
спаниель	0.725
подборка	0.724
равнение	0.724
лоботряс	0.724
сношение	0.723
прыщик	0.723
киноплёнка	0.723
беркут	0.722
мойщик	0.722
соседушка	0.722
всхлипывание	0.722
чепчик	0.721
нюня	0.721
устремление	0.721
кисет	0.721
мирт	0.721
касторка	0.721
безбожник	0.720
темка	0.720
бушлат	0.720
каёмочка	0.720
страдалец	0.720
точечка	0.720
бабёнка	0.720
харчевня	0.720
телефонистка	0.719
слушок	0.719
варан	0.719
сказание	0.719
эшафот	0.719
фурор	0.719
папирус	0.719
поясок	0.719
ропот	0.718
аноним	0.718
вымпел	0.718
настоятельница	0.718
сладкоежка	0.718
гурьба	0.718
пестик	0.717
застройщик	0.717
самообслуживание	0.717
серость	0.717
примат	0.716
гусак	0.716
распространитель	0.716
тригонометрия	0.716
лоцман	0.715
олицетворение	0.715
одр	0.715
зарождение	0.714
излишество	0.714
пейс	0.714
почитатель	0.714
сопка	0.713
фотон	0.713
коммутатор	0.713
реактив	0.713
пастушка	0.713
туннель	0.713
ушанка	0.712
пируэт	0.712
специфика	0.712
частник	0.711
малиновка	0.711
топика	0.711
проектирование	0.711
задник	0.710
преддверие	0.710
застой	0.710
сноха	0.710
твердь	0.710
спех	0.710
галёрка	0.709
рабовладелец	0.709
стамеска	0.709
чудотворец	0.709
хлороформ	0.709
подслушивание	0.709
форс	0.708
длительность	0.707
утиль	0.707
самострел	0.707
губерния	0.706
замочек	0.706
кома	0.706
гуманизм	0.706
лишайник	0.706
стационар	0.706
форпост	0.706
брусника	0.706
глазёнки	0.705
ветошь	0.705
племяш	0.705
дублёнка	0.704
преображение	0.704
ботиночек	0.704
угнетатель	0.704
постовой	0.704
ацетон	0.704
эльдорадо	0.704
чукча	0.703
соление	0.703
горбушка	0.703
безответственность	0.703
коромысло	0.703
полиомиелит	0.703
мщение	0.702
шарманщик	0.702
кладоискатель	0.702
безбилетник	0.702
телеэкран	0.701
папироска	0.701
фуршет	0.701
поросль	0.700
собутыльник	0.700
елей	0.700
ксерокопия	0.700
журнальчик	0.700
заикание	0.700
нелады	0.700
душегуб	0.700
ярмо	0.700
обогащение	0.700
павиан	0.700
планёрка	0.699
зарница	0.699
смрад	0.699
яс	0.699
марийка	0.699
декольте	0.698
объективность	0.698
радиомаяк	0.698
агнец	0.698
горошинка	0.698
озон	0.698
горячность	0.698
бедлам	0.698
насадка	0.698
карел	0.697
шампур	0.697
империализм	0.696
немилость	0.696
сбруя	0.696
синус	0.696
веретено	0.696
голодранец	0.696
капеллан	0.696
променад	0.696
подорожник	0.696
змий	0.696
мерзлота	0.696
пионерка	0.695
камикадзе	0.695
мандолина	0.695
разбойница	0.695
софит	0.695
обтяжка	0.695
злак	0.695
зоология	0.694
сорвиголова	0.694
оскал	0.694
стачка	0.694
бакен	0.693
трёшка	0.692
иллюминация	0.692
эмиграция	0.692
доверчивость	0.692
глашатай	0.692
выгон	0.691
энтомолог	0.691
клубочек	0.691
империалист	0.691
эпитет	0.691
зевок	0.690
зубчик	0.690
нефтяник	0.690
обнажение	0.690
овен	0.690
глубинка	0.690
экстракт	0.690
защитница	0.689
соавтор	0.689
аршин	0.689
обхват	0.689
пломбир	0.689
лазурь	0.689
чуня	0.689
денди	0.689
лесничество	0.688
сельдерей	0.688
галл	0.688
болид	0.688
нолик	0.687
пистоль	0.687
торжественность	0.687
буржуа	0.686
дежурка	0.686
кровища	0.686
сельва	0.686
ариец	0.686
португалец	0.686
летописец	0.686
эколог	0.686
приставание	0.686
халва	0.686
свирель	0.686
мединститут	0.686
перегон	0.686
перевоз	0.685
полемика	0.685
грузило	0.685
асбест	0.685
занудство	0.685
бузина	0.684
падчерица	0.684
анализатор	0.684
душитель	0.684
подвязка	0.684
солнцестояние	0.684
шептун	0.683
невод	0.683
пассажирка	0.683
рикошет	0.683
исчадие	0.683
поленница	0.683
пупырышек	0.682
веди	0.682
факультатив	0.682
фобия	0.682
мамалыга	0.682
концентрат	0.682
письменность	0.682
донья	0.682
тряпица	0.682
облачение	0.682
драга	0.681
выключение	0.681
тральщик	0.681
чёс	0.681
заскок	0.681
швейцарец	0.681
хлебушек	0.680
воительница	0.680
медяк	0.680
фронтовик	0.680
аккомпанемент	0.680
салатик	0.680
бель	0.679
модница	0.679
посетительница	0.679
купальня	0.679
выгрузка	0.679
цербер	0.679
мешковина	0.678
йота	0.678
бандитизм	0.678
вояж	0.678
метрдотель	0.678
отбытие	0.678
трещотка	0.677
посягательство	0.677
азимут	0.677
монтажник	0.677
волосик	0.676
ворс	0.676
врунишка	0.676
йена	0.676
гарпия	0.676
столпотворение	0.676
контингент	0.675
корнет	0.675
горница	0.674
замах	0.674
какаду	0.674
георгин	0.674
мещанин	0.674
реализм	0.674
зубило	0.674
бронхит	0.673
рыцарство	0.673
кожица	0.673
полуфинал	0.673
резчик	0.673
слега	0.673
угрозыск	0.673
чудачество	0.673
телепорт	0.673
письмецо	0.672
сноуборд	0.672
банальность	0.672
царствование	0.672
рассол	0.672
пламя	0.672
отработка	0.672
древко	0.671
гипофиз	0.671
ирокез	0.671
погрешность	0.671
износ	0.671
сумо	0.670
тулуп	0.670
курёнок	0.670
гармонь	0.670
лассо	0.670
сатира	0.670
небосклон	0.670
дохляк	0.670
игуана	0.670
зазнайка	0.669
представительство	0.669
фужер	0.669
зыбь	0.668
молебен	0.668
кукиш	0.668
распределитель	0.668
чтец	0.668
предусмотрительность	0.668
горностай	0.668
гуталин	0.667
убранство	0.667
зазубрина	0.667
соучастница	0.667
конина	0.667
исступление	0.667
торец	0.666
буревестник	0.666
босяк	0.666
кинозал	0.665
варка	0.665
буёк	0.665
профан	0.665
замполит	0.664
воробушек	0.664
пилка	0.664
халупа	0.664
орешник	0.663
водокачка	0.663
шаманка	0.663
бензовоз	0.663
горизонталь	0.663
пирушка	0.663
штольня	0.663
почтамт	0.663
простачок	0.663
взвешивание	0.663
экстрим	0.663
отсидка	0.662
киношник	0.662
кусака	0.662
лужок	0.662
доброжелательность	0.661
браконьерство	0.661
корд	0.661
бойница	0.661
опустошение	0.661
отсвет	0.660
золотишко	0.660
враль	0.660
монолит	0.660
жестянщик	0.660
портянка	0.659
гуманность	0.659
домна	0.658
анонимка	0.658
альманах	0.658
княжество	0.658
пунктуальность	0.658
косилка	0.657
посредственность	0.657
уд	0.657
эксплуататор	0.657
агрессивность	0.657
поросёночек	0.657
хохма	0.657
хряк	0.657
фальцет	0.656
мановение	0.656
фразочка	0.656
бегония	0.656
бяка	0.656
стенание	0.656
заглавие	0.656
махорка	0.656
тепловоз	0.656
бровка	0.655
переброска	0.655
флюид	0.655
символика	0.655
акробатика	0.654
передовица	0.654
эвкалипт	0.654
полушубок	0.654
циновка	0.654
обозреватель	0.654
считалка	0.654
мензурка	0.653
салазки	0.653
строфа	0.653
канонада	0.653
плечики	0.653
чародейка	0.653
блесна	0.653
пастила	0.653
селянин	0.653
расценка	0.652
сперма	0.652
столбец	0.652
добытчик	0.652
сушняк	0.652
чужбина	0.652
частушка	0.652
газик	0.652
слепень	0.652
кочерыжка	0.651
выдвижение	0.651
экспромт	0.651
ополченец	0.651
бронепоезд	0.651
гиацинт	0.651
дядечка	0.650
курилка	0.650
гобелен	0.650
певчий	0.650
девятиклассник	0.650
иволга	0.650
матроска	0.650
шарнир	0.650
печенье	0.650
пиастр	0.650
родственничек	0.650
математичка	0.649
крестины	0.649
килька	0.649
серединка	0.649
кошатница	0.648
ухищрение	0.648
жирок	0.648
предпосылка	0.648
китаянка	0.648
таяние	0.647
туника	0.647
огарок	0.647
гласность	0.647
подлог	0.647
навар	0.646
пререкание	0.646
вершок	0.646
индивидуум	0.646
отречение	0.646
щебет	0.646
ляп	0.646
смягчение	0.646
недомолвка	0.645
фонограмма	0.645
буддист	0.644
петелька	0.644
паб	0.644
скептицизм	0.643
штепсель	0.643
фанатизм	0.643
каучук	0.643
белуга	0.643
плантатор	0.643
каракуль	0.642
прилагательное	0.641
аксакал	0.641
декоратор	0.641
ковшик	0.641
орангутан	0.641
пещерка	0.640
болгарин	0.640
созидание	0.640
безмятежность	0.640
оттиск	0.640
подворье	0.640
стокер	0.640
эрудиция	0.640
маслина	0.639
клаксон	0.639
согласование	0.639
заступник	0.639
каталажка	0.639
моделирование	0.639
постановщик	0.639
племянничек	0.639
вознесение	0.638
рыльце	0.638
щебетание	0.638
надстройка	0.638
кортик	0.638
бигуди	0.637
подлянка	0.637
трамвайчик	0.637
хозяюшка	0.637
рассадник	0.637
полустанок	0.637
сумятица	0.637
негодяйка	0.637
бурдюк	0.637
замирание	0.637
модельер	0.636
баобаб	0.636
василиск	0.636
фэнтези	0.636
зимородок	0.636
термостат	0.635
врушка	0.635
самозванка	0.635
отлагательство	0.635
прискорбие	0.635
судёнышко	0.635
дедка	0.635
душечка	0.634
медлительность	0.634
второгодник	0.634
нелюбовь	0.634
мошкара	0.633
усыпальница	0.633
грешок	0.633
задоринка	0.633
растрата	0.633
тинейджер	0.633
селезень	0.633
донка	0.632
годок	0.632
электромотор	0.632
арбузик	0.631
товарняк	0.631
грудинка	0.631
палеонтолог	0.631
перекат	0.631
убыль	0.631
неверие	0.631
гребёнка	0.631
дезертирство	0.631
фехтовальщик	0.631
лоджия	0.630
тромбон	0.630
жимолость	0.630
блуждание	0.630
девонька	0.630
злючка	0.630
попойка	0.630
тесьма	0.629
невропатолог	0.629
содом	0.629
молитвенник	0.629
троглодит	0.629
хадж	0.628
подколка	0.628
брехун	0.628
перевоспитание	0.628
двойня	0.627
затопление	0.626
канон	0.626
опус	0.626
пандус	0.626
домоводство	0.626
дурашка	0.626
радий	0.626
дельтаплан	0.626
коврижка	0.626
блат	0.625
меценат	0.625
радушие	0.625
заморыш	0.625
сталевар	0.625
картёжник	0.625
экзаменатор	0.624
нуль	0.624
внимательность	0.624
троечник	0.624
непосредственность	0.623
епархия	0.623
ятаган	0.623
заварка	0.623
поучение	0.623
херувим	0.623
плюха	0.623
зимовка	0.623
афоризм	0.621
маргарин	0.621
молотилка	0.621
камрад	0.620
любознательность	0.620
констебль	0.620
тридцатка	0.619
бричка	0.619
писательство	0.619
дикарка	0.619
бездарность	0.618
ставень	0.617
благовоние	0.617
довольствие	0.617
ознакомление	0.617
напев	0.617
пирамидка	0.616
галифе	0.616
опёнок	0.616
десятилетка	0.616
застенок	0.616
обдумывание	0.616
пьянчуга	0.616
спорщик	0.616
клоунада	0.616
поджилки	0.615
работоспособность	0.615
крысёнок	0.615
дурнушка	0.615
пашня	0.614
водоснабжение	0.614
канатоходец	0.614
позёр	0.614
террариум	0.614
фифа	0.614
стриж	0.614
пережитое	0.614
капсюль	0.614
бейсбол	0.613
коваль	0.613
корчма	0.613
мелисса	0.613
порицание	0.613
гамбит	0.612
золотоискатель	0.612
классификация	0.612
лётчица	0.612
формуляр	0.612
щавель	0.612
клика	0.612
подстаканник	0.612
чихание	0.612
гимназистка	0.611
присест	0.611
задавака	0.611
кураж	0.611
песнопение	0.611
голодание	0.611
обиход	0.610
гагара	0.610
чеченец	0.610
дождичек	0.610
раздражитель	0.610
родничок	0.610
квартплата	0.609
приверженность	0.609
разумение	0.609
цыплёночек	0.609
лепка	0.609
борзая	0.609
коло	0.609
бретелька	0.608
тренога	0.608
знахарь	0.607
возобновление	0.607
гонение	0.607
бордо	0.607
перепутье	0.606
солистка	0.606
перхоть	0.606
глазунья	0.606
краснота	0.606
пыхтение	0.606
выявление	0.606
голубец	0.606
бандура	0.605
жёрдочка	0.605
избрание	0.605
траулер	0.605
околица	0.605
харакири	0.605
самосуд	0.604
аффект	0.604
шишечка	0.604
авторство	0.604
грешница	0.603
лизин	0.603
пожатие	0.603
жеребьёвка	0.603
смешение	0.603
послабление	0.602
стейк	0.602
долото	0.602
взрывник	0.602
гардеробщица	0.602
рытьё	0.602
скандалист	0.602
яшма	0.602
тяпка	0.602
гонор	0.602
вероисповедание	0.602
спайка	0.601
стрелочка	0.601
упряжь	0.601
практик	0.601
панамка	0.601
туба	0.601
куличик	0.601
накат	0.600
одурь	0.600
биохимия	0.600
шалфей	0.600
ришелье	0.599
разик	0.599
многообразие	0.599
кош	0.599
залом	0.599
растопка	0.599
генштаб	0.599
рекордсмен	0.599
тиара	0.599
контра	0.598
баул	0.598
нетерпимость	0.598
конокрад	0.598
самообман	0.598
вольная	0.597
норов	0.597
обходчик	0.597
бесполезность	0.597
скороход	0.597
бляшка	0.596
певичка	0.596
общность	0.596
пересылка	0.596
очерёдность	0.596
промывка	0.596
соколик	0.596
поручительство	0.595
новолуние	0.595
медок	0.595
раздолье	0.595
наст	0.595
замша	0.595
аферистка	0.595
прялка	0.595
верба	0.594
центнер	0.593
корсар	0.593
синтетика	0.593
любушка	0.593
гиппопотам	0.593
монограмма	0.592
неурядица	0.591
соглядатай	0.591
книжонка	0.591
рукавичка	0.591
перебежка	0.591
фотолаборатория	0.590
чехарда	0.590
подшивка	0.590
касатка	0.590
мегера	0.590
шумок	0.590
эталон	0.590
аттестация	0.589
сгущёнка	0.589
стервец	0.588
лексика	0.588
протяжённость	0.588
хорунжий	0.588
домушник	0.587
стезя	0.587
яство	0.587
дистрофия	0.587
путешественница	0.587
паль	0.586
кряхтение	0.586
маршрутка	0.586
зарок	0.586
стенографистка	0.586
гейзер	0.586
брандспойт	0.585
знакомец	0.585
фаворитка	0.584
одёжа	0.584
кантон	0.584
нефрит	0.584
посыл	0.584
россиянин	0.584
центавр	0.583
гидрокостюм	0.583
регулировка	0.583
провинность	0.583
сабо	0.583
дезинформация	0.583
гной	0.583
нестыковка	0.582
идеализм	0.582
тугодум	0.582
увертюра	0.582
поддон	0.582
собеседница	0.582
аншлаг	0.582
регулирование	0.582
папаха	0.582
лежанка	0.581
обобщение	0.581
репейник	0.581
элеватор	0.581
выправка	0.580
метеостанция	0.580
драматизм	0.580
отара	0.580
брюква	0.580
костюмер	0.580
галс	0.579
гнилушка	0.579
повинность	0.579
избранница	0.579
выразительность	0.578
циркуляция	0.578
цирюльник	0.578
сеттер	0.578
простушка	0.578
мешанина	0.577
сарацин	0.577
карасик	0.577
комсомолка	0.577
сибиряк	0.577
блиц	0.576
тюль	0.576
неувязка	0.576
тянучка	0.576
бижутерия	0.576
возчик	0.576
пессимизм	0.576
поприще	0.576
сваха	0.576
германец	0.576
мокасин	0.576
калька	0.576
воробышек	0.575
холка	0.574
альпинизм	0.574
деверь	0.574
тибетец	0.574
богадельня	0.573
смотрительница	0.572
зубрёжка	0.572
нагрудник	0.572
разность	0.572
переросток	0.572
полуночник	0.572
пике	0.572
слёзка	0.572
тюлька	0.572
темя	0.572
фал	0.571
потёк	0.571
притязание	0.571
удерж	0.571
полынья	0.571
интрижка	0.571
корпоратив	0.571
аллегория	0.571
нарды	0.571
конгрессмен	0.570
герцогство	0.570
ливр	0.570
кубышка	0.570
сторожа	0.570
амбулатория	0.570
мажордом	0.570
работорговец	0.569
квант	0.569
любка	0.569
неваляшка	0.569
прохиндей	0.569
фигаро	0.569
электропроводка	0.569
красава	0.568
барыш	0.568
открыватель	0.568
рысак	0.568
брательник	0.568
виноградина	0.568
коллаж	0.567
алебарда	0.567
трактовка	0.567
карандашик	0.567
маз	0.567
кариес	0.566
насечка	0.566
подглядывание	0.566
полуфабрикат	0.566
такелаж	0.566
бандюга	0.566
чушка	0.565
пудреница	0.565
стояние	0.565
ренессанс	0.565
росчерк	0.565
кепочка	0.564
эпопея	0.564
мистификация	0.564
поливка	0.564
шифер	0.564
электромагнит	0.564
вкладыш	0.563
оглашение	0.563
сочинитель	0.563
распылитель	0.563
словосочетание	0.563
прибавление	0.563
металлист	0.563
нерпа	0.562
ерик	0.562
фурункул	0.562
недомерок	0.562
автоколонна	0.562
рассудительность	0.562
прирост	0.562
вдохновитель	0.561
костерок	0.561
мамашка	0.561
помутнение	0.561
сожитель	0.561
раж	0.561
дрожание	0.561
карьерист	0.561
конфорка	0.561
работничек	0.560
сердечник	0.560
адресок	0.560
девственница	0.560
ослабление	0.559
отчуждённость	0.559
силища	0.559
раёк	0.559
расчистка	0.559
шпиц	0.559
сельчанин	0.558
тёс	0.557
пустячок	0.557
убой	0.557
куга	0.556
бронтозавр	0.556
гербарий	0.556
чиж	0.556
лютня	0.555
гуляка	0.555
замазка	0.555
могильник	0.555
пеленг	0.555
рассрочка	0.555
собирание	0.555
недоедание	0.555
капо	0.555
заклинатель	0.555
негодница	0.555
перевязь	0.555
концессия	0.554
гражданочка	0.554
старьёвщик	0.554
верховье	0.554
серпантин	0.554
услужение	0.554
хулиганьё	0.554
прения	0.554
турман	0.554
кайман	0.554
кибернетика	0.553
абитуриент	0.553
требуха	0.553
пиратство	0.553
харч	0.553
шельма	0.553
нахлебник	0.553
закром	0.553
котомка	0.553
фарватер	0.553
присказка	0.553
сланец	0.552
полова	0.552
ленивец	0.552
оленина	0.552
приёмыш	0.552
загородка	0.552
клубничка	0.552
технолог	0.552
азы	0.551
простокваша	0.551
фотосъёмка	0.551
возбудитель	0.551
рытвина	0.551
бекас	0.551
токарь	0.551
ялик	0.551
втора	0.550
конферансье	0.550
земледелец	0.550
луза	0.549
бирюза	0.549
блондинчик	0.549
вкладчик	0.549
деградация	0.549
запрещение	0.549
здравомыслие	0.549
колыбелька	0.549
односельчанин	0.549
паранджа	0.549
чертяка	0.549
сомбреро	0.549
излом	0.549
колун	0.549
подснежник	0.548
ограничитель	0.548
больничка	0.548
вялость	0.548
нашатырь	0.548
осётр	0.548
нега	0.548
летучка	0.547
новостройка	0.547
умывание	0.547
каземат	0.547
посад	0.547
мастодонт	0.546
плешь	0.546
пирога	0.546
окись	0.546
бразилец	0.545
отступник	0.545
сырник	0.545
парная	0.545
аи	0.545
перечница	0.545
предводительство	0.545
кандидатка	0.545
безобразник	0.544
кинооператор	0.544
болванка	0.544
кредо	0.544
погребок	0.544
претендентка	0.544
рябчик	0.544
хон	0.544
вязанка	0.543
компаньонка	0.543
формальдегид	0.543
обиняк	0.543
содрогание	0.543
арча	0.543
читальня	0.543
распорка	0.543
шницель	0.542
скипетр	0.542
ленчик	0.542
инвестор	0.542
универсам	0.542
церквушка	0.542
высь	0.542
колер	0.542
протекция	0.542
дурачина	0.541
коммунистка	0.541
ступка	0.541
вобла	0.541
миндалина	0.541
багет	0.540
парча	0.540
побудка	0.540
вливание	0.540
потрескивание	0.540
пуфик	0.540
маслёнка	0.540
востребование	0.539
зачисление	0.539
метрика	0.539
норматив	0.539
комедиант	0.539
табачок	0.539
охра	0.539
ситец	0.538
покос	0.538
радиотелефон	0.538
мордобой	0.538
смак	0.538
водочка	0.538
парабола	0.538
целеустремлённость	0.538
необычность	0.538
свищ	0.538
сменщик	0.538
аул	0.537
молодая	0.537
плетень	0.537
инверсия	0.537
онемение	0.537
груздь	0.537
трот	0.536
тать	0.536
конвент	0.536
треска	0.536
допущение	0.536
пакля	0.536
голубика	0.536
гладиолус	0.535
свистулька	0.535
отжимание	0.535
билль	0.535
музычка	0.535
насмешник	0.535
узурпатор	0.534
живете	0.534
бесёнок	0.534
обручение	0.534
изготовитель	0.534
метаморфоза	0.534
ревком	0.534
бомбардир	0.533
естество	0.533
голенище	0.533
орлан	0.533
исполнительница	0.533
рачок	0.533
судак	0.533
близорукость	0.533
однокашник	0.533
зюзя	0.532
лингвист	0.532
разглашение	0.532
референт	0.532
стрекот	0.532
слониха	0.532
толкотня	0.532
телеграфист	0.531
кушак	0.531
проседь	0.531
загонщик	0.531
мулат	0.531
ленок	0.531
бережок	0.531
гардемарин	0.531
ленч	0.531
медалист	0.531
миллионерша	0.531
перемотка	0.531
бельчонок	0.531
фру	0.531
телепрограмма	0.530
бульканье	0.530
снабженец	0.530
холодность	0.530
звукорежиссёр	0.530
просёлок	0.530
стек	0.530
росинант	0.529
самоуправство	0.529
недоброжелатель	0.529
лопаточка	0.529
крестница	0.528
портер	0.528
ассигнование	0.528
политрук	0.528
домосед	0.528
визажист	0.527
киргиз	0.527
притеснение	0.527
терем	0.527
армада	0.527
догма	0.527
хорал	0.527
картель	0.527
неистовство	0.527
антипатия	0.527
исчисление	0.527
макаронина	0.526
лирик	0.526
покровительница	0.526
свитерок	0.526
нервишки	0.526
патриарх	0.526
ясновидение	0.525
омерзение	0.525
респиратор	0.525
перечисление	0.525
подводка	0.525
ватник	0.525
сопло	0.525
бука	0.525
аметист	0.524
коптильня	0.524
получеловек	0.524
кожанка	0.524
ямщик	0.524
раскрутка	0.523
кадриль	0.523
оказия	0.523
вытяжка	0.523
горловина	0.523
паперть	0.523
полусон	0.523
горсточка	0.522
коррозия	0.522
иноземец	0.522
постукивание	0.522
бинго	0.521
соковыжималка	0.521
субботник	0.521
богослужение	0.521
домоуправление	0.521
мякина	0.521
переэкзаменовка	0.521
бронетранспортёр	0.521
комбриг	0.521
латка	0.520
невнимательность	0.520
партизанка	0.520
тег	0.520
сканирование	0.520
язь	0.519
стольник	0.519
паучиха	0.519
конкурсант	0.519
пуховик	0.519
свояченица	0.519
лежак	0.518
скромница	0.518
воображала	0.518
кипятильник	0.518
консилиум	0.518
казачок	0.518
стометровка	0.517
белуха	0.517
дойка	0.517
седок	0.517
соплячка	0.517
фолиант	0.517
копание	0.517
беженка	0.516
скумбрия	0.516
вече	0.516
фамильярность	0.516
планшетка	0.516
строп	0.516
вместилище	0.516
прабабка	0.516
инвестиция	0.516
деталька	0.516
полотнище	0.516
неправота	0.515
жизнедеятельность	0.515
барбекю	0.515
благоустройство	0.515
автопарк	0.514
бацилла	0.514
довольство	0.514
окрас	0.514
телогрейка	0.514
физкультурник	0.514
татами	0.514
клювик	0.514
краснофлотец	0.513
надрыв	0.513
первокурсница	0.513
холодина	0.513
клавесин	0.512
наполнение	0.512
тореро	0.512
чадра	0.512
фугас	0.512
передовик	0.512
обиталище	0.512
плебей	0.512
настороженность	0.512
ресничка	0.512
старшинство	0.512
худоба	0.511
городовой	0.511
кампус	0.511
взаимопомощь	0.511
ярлычок	0.511
позыв	0.511
затворник	0.510
ныряние	0.510
попутчица	0.510
предъявитель	0.510
покачивание	0.510
шелкопряд	0.510
шнуровка	0.509
визирь	0.509
ассорти	0.509
лукавство	0.509
обносок	0.509
неумёха	0.509
богослов	0.509
гипотенуза	0.509
скотовод	0.509
перси	0.508
тефтели	0.508
юниор	0.508
полдороги	0.508
задок	0.507
проситель	0.507
нарукавник	0.507
колдобина	0.507
настройщик	0.507
диалектика	0.507
автофургон	0.506
аристократия	0.506
кривизна	0.506
крольчиха	0.506
телезвезда	0.506
десятиклассница	0.506
жилплощадь	0.506
скупость	0.506
десятина	0.506
колорит	0.506
торшер	0.506
мокрица	0.506
мокрота	0.506
дневальный	0.505
замарашка	0.505
попрыгунчик	0.505
краник	0.505
отмашка	0.505
припарка	0.505
халтурщик	0.505
кишлак	0.505
ливрея	0.505
ненавистник	0.504
складочка	0.504
турбаза	0.504
волосинка	0.504
периферия	0.504
цыганёнок	0.504
обер	0.504
вечёрка	0.504
стрелочник	0.503
будуар	0.503
резь	0.503
дуда	0.503
пахарь	0.503
самосознание	0.503
симулянт	0.503
плодородие	0.503
бескозырка	0.502
колоннада	0.502
вахмистр	0.502
дровишки	0.502
индивид	0.502
разоружение	0.502
перепёлка	0.502
пескарь	0.501
поднебесье	0.501
упругость	0.501
динго	0.501
дислокация	0.501
кулинар	0.501
демагогия	0.501
серёдка	0.501
швартов	0.500
гаишник	0.500
муравьед	0.500
равноденствие	0.500
рукоприкладство	0.500
тонина	0.500
кладезь	0.500
сруб	0.500
патронташ	0.499
лубянка	0.499
чириканье	0.499
кострище	0.499
магнетизм	0.499
почин	0.499
электросеть	0.499
зятёк	0.499
овчина	0.499
коммуналка	0.498
патио	0.498
бордель	0.498
сигнальщик	0.497
утомление	0.497
перелив	0.497
примадонна	0.497
бессмысленность	0.497
прищепка	0.497
талончик	0.497
рукопашная	0.497
мясцо	0.496
абсолют	0.496
длань	0.496
подмигивание	0.496
реабилитация	0.496
взяточник	0.495
духовник	0.495
обыденность	0.495
текила	0.495
палаш	0.494
сульфат	0.494
вороньё	0.494
редколлегия	0.494
жизнерадостность	0.494
синхронизация	0.493
перемычка	0.493
латунь	0.493
флейтист	0.493
баланда	0.492
киноактёр	0.492
контрразведчик	0.492
плетение	0.492
солянка	0.492
накопитель	0.492
трал	0.492
гидросамолёт	0.492
бандероль	0.492
зверобой	0.492
кус	0.492
лобзик	0.491
агентура	0.491
шомпол	0.491
астрофизика	0.491
полутьма	0.491
пострел	0.491
пистон	0.490
каление	0.489
бродяжничество	0.489
одногодок	0.489
утайка	0.489
наворот	0.488
осока	0.488
вертихвостка	0.488
гниение	0.488
самокритика	0.488
оригами	0.488
зоб	0.487
выкладка	0.487
генералиссимус	0.487
инкассатор	0.487
озерцо	0.487
ольха	0.487
паралитик	0.487
парафин	0.487
цикорий	0.487
выведение	0.487
отрочество	0.487
углекислота	0.487
печенька	0.487
жульё	0.486
селитра	0.486
сенокос	0.486
скол	0.486
тычинка	0.486
педант	0.486
неприятие	0.486
цыпочка	0.486
увещевание	0.486
назубок	0.485
однополчанин	0.485
полоскание	0.485
набат	0.485
сиденье	0.485
оконце	0.484
женатик	0.484
сенсор	0.484
промысл	0.484
укрывательство	0.484
выучка	0.483
надменность	0.483
подзарядка	0.483
безнадёга	0.483
клетчатка	0.483
околёсица	0.483
рессора	0.483
шпингалет	0.483
раздражительность	0.482
логопед	0.482
недосмотр	0.482
иконка	0.482
космонавтика	0.482
распущенность	0.482
святотатство	0.482
пипетка	0.482
горбач	0.482
невнимание	0.482
малахай	0.481
травматология	0.481
каяк	0.481
похитительница	0.481
маховик	0.481
водораздел	0.481
легковушка	0.481
провинциал	0.481
образчик	0.481
трилогия	0.480
вольера	0.480
синька	0.480
ездок	0.480
двуколка	0.479
неуклюжесть	0.479
майна	0.479
дитятко	0.479
норманн	0.479
голодуха	0.479
вырост	0.479
куща	0.479
ревень	0.479
индивидуалист	0.479
лье	0.479
падеж	0.479
перегрев	0.479
плошка	0.479
прорицатель	0.479
рохля	0.479
рубашечка	0.479
киносъёмка	0.478
мадера	0.478
превратность	0.478
устроитель	0.478
брезгливость	0.478
стеночка	0.478
телодвижение	0.478
благотворитель	0.478
сахарин	0.478
эконом	0.478
кукурузник	0.477
доха	0.477
шаттл	0.477
рейхстаг	0.477
автоматчик	0.476
сыск	0.476
фронтон	0.476
автомеханик	0.476
зевота	0.476
кефаль	0.476
скалолаз	0.476
учёность	0.476
фуксия	0.476
радиотелескоп	0.476
целесообразность	0.476
эму	0.476
заводчик	0.475
щёлочь	0.475
мелкота	0.475
чепец	0.475
кряж	0.475
ограниченность	0.475
сари	0.475
обух	0.474
ужимка	0.474
наглядность	0.474
плоскогорье	0.474
понятой	0.473
лучок	0.473
обретение	0.473
госсекретарь	0.473
таксидермист	0.472
генеральша	0.472
модник	0.472
паркур	0.472
занавесь	0.472
кокетство	0.472
свара	0.472
вотчина	0.472
отставание	0.472
выкройка	0.472
выпадение	0.472
завихрение	0.472
фомка	0.472
докладная	0.472
комиссионка	0.471
бакалея	0.471
интриган	0.470
полезность	0.470
монокль	0.470
гнусность	0.470
тимуровец	0.470
анафема	0.470
бесстыдник	0.470
прополка	0.470
тесёмка	0.470
скоп	0.470
казан	0.470
щёточка	0.469
принципиальность	0.469
крапивница	0.469
шатен	0.469
лоханка	0.468
рейнджер	0.468
веяние	0.468
публицист	0.468
душонка	0.468
самонадеянность	0.468
одёр	0.468
сутенёр	0.468
осмотрительность	0.468
гипертония	0.467
скрипачка	0.467
хрипота	0.467
обком	0.467
тарантас	0.467
многоножка	0.467
снегирь	0.467
снедь	0.466
нагревание	0.466
коклюш	0.466
картишки	0.466
мясокомбинат	0.466
баньян	0.466
виновница	0.466
ледоруб	0.466
невольник	0.466
командирша	0.466
первоисточник	0.466
булочник	0.466
авантюристка	0.465
скопище	0.465
выпас	0.465
двусмысленность	0.465
омовение	0.465
ложбина	0.464
поварёнок	0.464
контролёрша	0.463
аристократка	0.463
амплуа	0.463
клёш	0.462
галантность	0.462
сутолока	0.462
агава	0.462
увлечённость	0.462
свистун	0.462
гаубица	0.462
косметолог	0.462
отравитель	0.462
перекупщик	0.462
короста	0.462
токсин	0.462
ледок	0.461
каракурт	0.461
сифон	0.461
внученька	0.461
доброжелатель	0.461
коллекционирование	0.461
пыльник	0.461
местожительство	0.461
бюрократизм	0.460
набалдашник	0.460
телефонист	0.460
уголовщина	0.460
нелепица	0.460
попона	0.460
охранка	0.460
абстракция	0.460
маньячка	0.460
неприличие	0.460
спринтер	0.460
экспериментатор	0.460
константа	0.459
тросик	0.459
сокурсник	0.459
автоинспекция	0.459
кузька	0.459
мезонин	0.459
побелка	0.459
неграмотность	0.459
антресоль	0.459
аргентинец	0.458
голец	0.458
капустка	0.458
разметка	0.458
пищалка	0.458
электрогитара	0.458
грунтовка	0.458
сатин	0.458
конник	0.457
чабан	0.457
надругательство	0.456
нарком	0.456
ерошка	0.456
присосок	0.456
пагода	0.456
вурдалак	0.456
просушка	0.456
гречка	0.455
трескотня	0.455
заливка	0.455
атолл	0.454
эмират	0.454
барабанщица	0.453
бельишко	0.453
вышивание	0.453
погодок	0.453
одежонка	0.453
съём	0.453
экзекуция	0.452
батискаф	0.452
эллипс	0.452
негодность	0.452
послушница	0.452
пьянчужка	0.452
шкварка	0.452
рака	0.452
филолог	0.452
алоэ	0.452
шиншилла	0.451
шепоток	0.451
маркет	0.451
залысина	0.451
обстановочка	0.451
малолетство	0.451
чудила	0.450
хедер	0.450
препирательство	0.450
вермут	0.450
гемоглобин	0.450
безе	0.450
кокетка	0.450
распутье	0.449
мезон	0.449
повеса	0.449
терновник	0.449
домогательство	0.449
однофамилец	0.449
вязка	0.449
колосс	0.449
децибел	0.449
рознь	0.448
корсаж	0.448
отрез	0.448
владычица	0.448
нагрев	0.448
поперечник	0.448
брынза	0.447
гречанка	0.447
невидаль	0.447
вкуснота	0.447
кофемолка	0.447
бархан	0.446
кондукторша	0.446
скребок	0.446
холодное	0.446
синоптик	0.446
карманчик	0.446
марксизм	0.446
безвкусица	0.445
синичка	0.445
опала	0.445
иждивенец	0.445
комдив	0.445
болванчик	0.445
казус	0.445
бодяга	0.445
импрессионист	0.445
романтизм	0.445
мулатка	0.444
расхититель	0.444
эстонец	0.444
белила	0.444
платан	0.444
развёртывание	0.444
поварёшка	0.444
однодневка	0.444
обмотка	0.444
бренди	0.443
ботик	0.443
брандмауэр	0.443
клемма	0.443
запоминание	0.443
холодец	0.443
чаяние	0.443
вкрапление	0.443
загогулина	0.442
гольд	0.442
минарет	0.442
законопроект	0.442
контрреволюция	0.442
чертог	0.442
топчан	0.441
супостат	0.441
втулка	0.441
форвард	0.441
назойливость	0.441
носка	0.440
дуршлаг	0.440
ключник	0.440
парфюмерия	0.440
словесность	0.440
тюбетейка	0.440
кордебалет	0.440
треба	0.440
шельмец	0.440
литьё	0.440
чебурек	0.440
мот	0.440
завалинка	0.440
хлор	0.439
бравада	0.439
конвертик	0.439
чуха	0.439
добродушие	0.439
дьяк	0.439
лиман	0.439
тротил	0.439
дикция	0.439
воздуховод	0.439
кретинка	0.439
управитель	0.439
ночное	0.438
дынька	0.438
нейлон	0.438
росинка	0.438
иже	0.438
солдафон	0.438
бзик	0.438
зубатка	0.438
перехватчик	0.438
гребок	0.437
проказница	0.437
пыжик	0.437
обречённость	0.437
акробатка	0.437
миноносец	0.437
чащоба	0.437
звонарь	0.436
бытность	0.436
бурбон	0.436
баттерфляй	0.435
штиблета	0.435
мартын	0.435
авиатор	0.435
наливка	0.435
перешёптывание	0.435
параша	0.435
струп	0.435
читка	0.435
искание	0.435
подоплёка	0.435
смотрины	0.435
благоденствие	0.434
костолом	0.434
пигалица	0.434
церковник	0.434
прожилка	0.434
киноварь	0.433
наколенник	0.433
обгон	0.433
преклонение	0.433
перепродажа	0.433
хрупкость	0.433
расист	0.433
гробик	0.433
кесарь	0.433
пульсация	0.433
подковка	0.433
деньжищи	0.432
излияние	0.432
ожесточение	0.432
танкетка	0.432
балаболка	0.432
пошляк	0.432
оберег	0.432
печатник	0.432
шушера	0.432
прародитель	0.431
бригантина	0.431
задачник	0.431
подтёк	0.431
рвань	0.431
неудовлетворённость	0.431
графика	0.431
полымя	0.431
посылочка	0.431
штакетник	0.431
коронер	0.430
коптилка	0.430
гурт	0.430
шафер	0.430
декабрист	0.429
чирок	0.429
наитие	0.429
копирка	0.429
папуас	0.429
недочёт	0.429
тяжеловес	0.429
гиббон	0.429
морзянка	0.429
динар	0.428
нововведение	0.428
корж	0.428
шурф	0.428
бахвальство	0.427
фортель	0.427
чернушка	0.427
патлы	0.427
паводок	0.427
ворсинка	0.427
куличок	0.427
спин	0.427
девственность	0.427
подёргивание	0.426
аэродинамика	0.426
грифель	0.426
логарифм	0.426
обустройство	0.426
отщепенец	0.426
доплата	0.426
картинг	0.426
неурожай	0.426
сиеста	0.426
хрусталик	0.426
клипса	0.426
вельвет	0.425
галеон	0.425
грибник	0.425
ковы	0.425
несостоятельность	0.425
омоложение	0.425
подтягивание	0.425
чалма	0.425
оркестрант	0.425
солея	0.425
щуп	0.425
эфес	0.425
берёста	0.425
кинолог	0.425
мегаполис	0.425
обжиг	0.425
чекист	0.425
запарка	0.425
звукоизоляция	0.425
юрисдикция	0.425
саночки	0.424
сенбернар	0.424
хайло	0.424
сливка	0.424
обезвреживание	0.424
ординаторская	0.424
птерозавр	0.424
браслетик	0.424
забастовщик	0.424
палица	0.424
лейкопластырь	0.424
удод	0.423
пароходство	0.423
охи	0.423
маслице	0.423
лапта	0.423
социолог	0.422
половодье	0.422
камертон	0.422
надзирательница	0.422
шевеление	0.422
довесок	0.421
исключительность	0.421
садок	0.421
зуммер	0.421
металлург	0.421
стекольщик	0.421
городище	0.420
орлёнок	0.420
дегустатор	0.420
правнучка	0.420
слюда	0.420
утолщение	0.420
помело	0.420
комсорг	0.420
нагайка	0.420
виолончелист	0.420
гугенот	0.420
потуга	0.420
фок	0.420
вербовщик	0.419
пахота	0.419
перешеек	0.419
переизбыток	0.419
тупичок	0.419
нечет	0.419
гордец	0.418
диковина	0.418
микропроцессор	0.418
морген	0.418
стёжка	0.418
боа	0.418
немота	0.418
беззаботность	0.418
драже	0.418
кошель	0.418
лукошко	0.418
пятёрочка	0.418
регата	0.418
страхование	0.418
моторист	0.417
чуб	0.417
болотце	0.417
организованность	0.417
феска	0.417
вредина	0.417
типчик	0.417
манёвренность	0.417
галчонок	0.417
кувшинчик	0.417
ротор	0.417
переноска	0.416
средина	0.416
мануфактура	0.416
шашни	0.416
марципан	0.416
угольщик	0.416
голландка	0.416
выделка	0.416
марафет	0.416
муссон	0.416
проституция	0.415
озеленение	0.415
печатка	0.415
сердюк	0.415
синтаксис	0.415
точилка	0.415
рыболовство	0.415
толчея	0.415
тимошка	0.415
кофеин	0.415
бриджи	0.415
проработка	0.414
желтуха	0.414
макрель	0.414
мисочка	0.414
призёр	0.413
боёк	0.413
вензель	0.413
тефтелька	0.413
бодрячок	0.413
оснащение	0.413
панна	0.412
скупка	0.412
проворство	0.412
фотоплёнка	0.412
бдение	0.412
кудряш	0.412
нечестивец	0.412
списывание	0.412
тромп	0.412
феодал	0.412
кардиограмма	0.412
головомойка	0.412
разведчица	0.412
сервировка	0.412
шкив	0.412
кряк	0.411
гарда	0.411
чубчик	0.411
окрошка	0.411
ватман	0.411
прямолинейность	0.411
парторг	0.410
оладушка	0.410
бартер	0.410
киловатт	0.410
костяк	0.410
кудесник	0.410
лампада	0.410
морозец	0.410
обструкция	0.410
свирепость	0.410
ватт	0.410
обалдуй	0.410
штрек	0.410
олешек	0.410
судмедэксперт	0.409
рефрижератор	0.409
пилотирование	0.409
фотографирование	0.409
апелляция	0.409
купон	0.408
подстрекатель	0.408
юношество	0.408
добросовестность	0.408
рюш	0.408
бездельница	0.408
турпоход	0.408
исправность	0.408
сердечность	0.407
мелочёвка	0.407
составитель	0.407
пиала	0.407
препинание	0.407
реверс	0.407
съёмщик	0.407
слип	0.407
месса	0.407
почтальонша	0.407
звездоплаватель	0.407
камчатка	0.407
графит	0.407
бобина	0.406
высылка	0.406
горемыка	0.406
клипер	0.406
фактура	0.406
зубр	0.406
опий	0.406
передел	0.406
секач	0.406
беременная	0.406
делянка	0.406
жарка	0.406
инок	0.405
зарез	0.405
кинокартина	0.405
киномеханик	0.405
фигуристка	0.405
домочадец	0.405
обрамление	0.405
канцтовары	0.405
пригодность	0.405
сура	0.405
трут	0.405
кварк	0.404
мрачность	0.404
бодрствование	0.404
ять	0.404
джонка	0.404
мальчонок	0.404
ям	0.404
автобаза	0.404
рядок	0.404
мирза	0.404
желтизна	0.403
сосенка	0.403
хвастунишка	0.403
крокодильчик	0.403
гнус	0.403
сверкание	0.403
мысок	0.403
кислятина	0.402
орошение	0.402
парабеллум	0.402
возведение	0.402
гуж	0.402
пуант	0.402
аккомпаниатор	0.402
конкурентка	0.402
лайда	0.402
мертвечина	0.402
нырок	0.402
студентик	0.402
гравёр	0.402
неустойчивость	0.402
эпитафия	0.402
расизм	0.402
статист	0.401
шкода	0.401
блеяние	0.401
зенки	0.401
радиослушатель	0.401
латыш	0.401
балаклава	0.401
зуй	0.401
игрище	0.401
кашица	0.401
кулич	0.401
лясы	0.401
сытость	0.401
цигарка	0.401
сласть	0.401
медовка	0.401
безнаказанность	0.400
оконечность	0.400
погост	0.400
подспорье	0.400
кадушка	0.400
вредительство	0.400
круговерть	0.400
шапито	0.400
авиакатастрофа	0.400
автокатастрофа	0.400
бега	0.400
безработный	0.400
библия	0.400
вахтенный	0.400
виновный	0.400
господь	0.400
грант	0.400
делишки	0.400
детская	0.400
дозорный	0.400
караульный	0.400
кеш	0.400
командующий	0.400
корточки	0.400
ладоши	0.400
лор	0.400
нападающий	0.400
пегас	0.400
передозировка	0.400
подручный	0.400
посыльный	0.400
придворный	0.400
присяжный	0.400
раненый	0.400
тако	0.400
теракт	0.400
тормашки	0.400
трусики	0.400
участковый	0.400
четвереньки	0.400
шмотки	0.400
штатский	0.400
ондатра	0.400
апломб	0.400
делёжка	0.399
доходяга	0.399
колонизация	0.399
воссоединение	0.399
скованность	0.399
акселератор	0.399
приношение	0.399
домоправительница	0.398
электроприбор	0.398
приятность	0.398
воротила	0.398
наймит	0.398
покойничек	0.398
родительница	0.398
маневрирование	0.398
пава	0.398
прострация	0.398
проявка	0.398
ельник	0.398
ничегонеделание	0.398
канонир	0.398
сластёна	0.398
какофония	0.398
собаковод	0.398
извёстка	0.397
бруствер	0.397
висюлька	0.397
издыхание	0.397
тушение	0.397
полоть	0.397
трюмо	0.397
охват	0.396
флешмоб	0.396
аэроклуб	0.396
экскурс	0.396
мальчишник	0.396
химиотерапия	0.396
пассат	0.396
отгадка	0.395
гипербола	0.395
кобылица	0.395
печник	0.395
вспыльчивость	0.395
нагар	0.395
сопоставление	0.395
мастика	0.395
открывание	0.395
хитон	0.395
админ	0.395
биопсия	0.395
бесчинство	0.395
землемер	0.395
киносеанс	0.395
подпевала	0.394
удила	0.394
антураж	0.394
страда	0.394
скучища	0.394
геенна	0.394
землица	0.394
королевич	0.394
ненадобность	0.394
пьеска	0.394
автономия	0.393
клуша	0.393
паноптикум	0.393
иммигрант	0.393
сановник	0.393
вложение	0.393
заступ	0.393
паяц	0.393
пентаграмма	0.393
похолодание	0.393
масленица	0.392
фотокопия	0.392
гардина	0.392
проектировщик	0.392
гомосексуалист	0.392
глянец	0.392
полтина	0.392
саам	0.392
солярка	0.392
нарвал	0.391
чистописание	0.391
коридорчик	0.391
апогей	0.391
стройность	0.391
прапрадедушка	0.391
прикраса	0.391
штукатур	0.391
бурёнка	0.391
спиралька	0.391
слобода	0.390
вьюн	0.390
обманка	0.390
вьюнок	0.390
зубрила	0.390
карри	0.389
бирюк	0.389
значительность	0.389
плотва	0.389
каппа	0.389
мотивчик	0.389
отсталость	0.389
воззрение	0.388
интеграл	0.388
капор	0.388
мосье	0.388
невыполнение	0.388
радистка	0.388
дифтерия	0.388
теплушка	0.388
культя	0.388
абвер	0.388
неуязвимость	0.388
дрезина	0.388
марксист	0.388
типун	0.388
проформа	0.387
обогрев	0.387
первоклассница	0.387
главк	0.387
буфетчик	0.387
торий	0.387
щипчики	0.387
билетёр	0.387
кровушка	0.387
лях	0.387
унтер	0.387
полив	0.386
прищур	0.386
обедня	0.386
вонища	0.386
наборщик	0.385
корневище	0.385
шатун	0.385
избавитель	0.385
метатель	0.385
наяда	0.385
чеканка	0.385
эстет	0.385
колок	0.385
курень	0.385
барокамера	0.385
торопыга	0.385
педофил	0.384
водонос	0.384
гальюн	0.384
возрастание	0.384
кондуит	0.384
недосуг	0.384
кружение	0.384
судейство	0.384
рейтузы	0.383
слад	0.383
корректура	0.383
бедняжечка	0.383
всплытие	0.383
округлость	0.383
секретер	0.383
порожек	0.383
перелесок	0.382
печурка	0.382
роспуск	0.382
невыезд	0.382
формочка	0.382
лемминг	0.382
брожение	0.381
горком	0.381
истязание	0.381
разглагольствование	0.381
самогонщик	0.381
огниво	0.381
штопка	0.381
маслёнок	0.381
змеёныш	0.381
скарб	0.381
хлыщ	0.381
саботажник	0.380
самоучитель	0.380
моделька	0.380
октябрёнок	0.380
брусчатка	0.380
египтянка	0.380
подлесок	0.380
затейник	0.380
самаритянин	0.380
сторонница	0.380
девичник	0.380
тори	0.379
сплочённость	0.379
галиматья	0.379
малайка	0.379
служака	0.379
добывание	0.379
единичка	0.379
пахлава	0.379
заусенец	0.378
семинарист	0.378
томление	0.378
сексуальность	0.378
бурун	0.378
монография	0.378
припухлость	0.378
косогор	0.377
образина	0.377
огородник	0.377
отлов	0.377
холуй	0.377
бутафория	0.377
покашливание	0.377
филателист	0.377
недоросль	0.377
самогонка	0.377
конфиденциальность	0.376
светоч	0.376
валежник	0.376
овражек	0.376
модератор	0.376
коммунар	0.375
биохимик	0.375
набивка	0.375
патронник	0.375
реквием	0.375
рубанок	0.375
шуга	0.375
воздыхатель	0.375
праздность	0.375
троцкист	0.375
пострелёнок	0.375
разделка	0.375
призывник	0.375
хлебница	0.375
натуга	0.375
апорт	0.375
хурма	0.375
человечина	0.375
парсек	0.374
спецодежда	0.374
утопленница	0.374
пинта	0.374
оптик	0.374
сторожиха	0.374
автостанция	0.374
ракетчик	0.374
шлюп	0.374
бром	0.374
лобик	0.374
недоучка	0.374
червоточина	0.373
батенька	0.373
паромщик	0.373
тлен	0.373
врачеватель	0.373
гудрон	0.373
маковка	0.373
пододеяльник	0.373
бура	0.373
крой	0.373
нуда	0.373
кулачка	0.372
сходни	0.372
хворостина	0.372
ходики	0.372
книжица	0.372
несмышлёныш	0.372
прозорливость	0.372
постриг	0.372
косинус	0.372
рубашонка	0.372
охранение	0.371
сватовство	0.371
декада	0.371
проплешина	0.371
выволочка	0.371
дребезг	0.371
увеселение	0.371
кулик	0.370
желвак	0.370
лучина	0.370
вено	0.370
остервенение	0.370
пасечник	0.370
благодеяние	0.369
автолюбитель	0.369
кинохроника	0.369
экскурсант	0.369
медалька	0.369
порожняк	0.369
костюмерша	0.369
налаживание	0.369
портупея	0.369
сотоварищ	0.369
наклонение	0.369
узнавание	0.369
подлежащее	0.369
малинка	0.369
делёж	0.368
девственник	0.368
волосатик	0.368
кротость	0.368
полуправда	0.368
благодетельница	0.368
тачанка	0.368
фитилёк	0.368
образованность	0.368
измор	0.368
кухонька	0.367
полёвка	0.367
ущемление	0.367
четвертинка	0.367
партком	0.367
салфеточка	0.367
арлекин	0.366
романист	0.366
опт	0.366
конспиратор	0.366
изморозь	0.366
подкат	0.366
оставление	0.366
паршивка	0.366
бухточка	0.365
стрекотание	0.365
эллинг	0.365
разграбление	0.365
сберкнижка	0.365
штрейкбрехер	0.365
литовец	0.364
хохол	0.364
интервент	0.364
постулат	0.364
бутербродик	0.364
несовместимость	0.364
перламутр	0.364
практичность	0.364
секреция	0.364
клюка	0.363
лингвистика	0.363
македонец	0.363
медработник	0.363
скверик	0.363
истец	0.363
мотивация	0.363
морфин	0.363
местопребывание	0.363
урядник	0.363
пиротехника	0.362
заботливость	0.362
животина	0.362
углеводород	0.362
компартия	0.362
редис	0.362
суфлёр	0.362
листопад	0.362
литейщик	0.362
сонм	0.362
стяг	0.362
порнография	0.362
наскок	0.361
кабанчик	0.361
отсос	0.361
ретро	0.360
бридж	0.360
парламентёр	0.360
балагур	0.360
твердыня	0.360
химичка	0.360
честер	0.360
откуп	0.360
фантаст	0.360
галдёж	0.360
почтительность	0.360
придумка	0.360
птицеферма	0.360
созыв	0.360
фотосинтез	0.359
прогалина	0.358
сверстница	0.358
землеройка	0.358
контрнаступление	0.358
лары	0.358
лесополоса	0.358
фланель	0.358
катышек	0.358
насаждение	0.358
шутница	0.358
дублон	0.358
лифтёр	0.358
привязка	0.358
узница	0.358
бурелом	0.358
дребезжание	0.358
манок	0.358
уникум	0.357
ненормальность	0.357
прояснение	0.357
бурак	0.357
кристаллик	0.357
распознавание	0.357
смоль	0.357
аббатиса	0.357
барахольщик	0.357
трикотаж	0.357
ивка	0.356
чугунок	0.356
лохань	0.356
мортира	0.356
фила	0.356
трансплантация	0.356
животноводство	0.356
тын	0.356
рефлектор	0.356
докер	0.355
антипод	0.355
найдёныш	0.355
шесток	0.355
электрокар	0.355
клетушка	0.355
пленение	0.355
плоскодонка	0.355
стремительность	0.355
гидроплан	0.355
самодисциплина	0.355
тамада	0.355
невмешательство	0.355
уголочек	0.355
эссенция	0.355
пул	0.355
дуэлянт	0.355
кондиция	0.355
океанограф	0.355
пароходик	0.355
солдатка	0.355
шлягер	0.355
крикет	0.355
вечерня	0.354
радиола	0.354
механизация	0.354
первогодок	0.354
преломление	0.354
склонение	0.354
томография	0.354
разумность	0.354
видеоплёнка	0.354
повседневность	0.354
тёрн	0.354
горбыль	0.353
интерн	0.353
таёжник	0.353
кайра	0.353
узбек	0.352
обхождение	0.352
пария	0.352
прилежание	0.352
букинист	0.352
бобрик	0.352
женишок	0.352
лесочек	0.352
како	0.352
болтик	0.351
борона	0.351
яйцеклетка	0.351
пассатижи	0.351
разиня	0.351
копуша	0.351
дергач	0.351
халдей	0.350
приколист	0.350
бетономешалка	0.350
органист	0.350
разглядывание	0.350
кальдера	0.350
тужурка	0.349
недостаточность	0.349
бородёнка	0.349
мерило	0.349
катеринка	0.349
бритт	0.349
лосиха	0.349
стилет	0.348
бронемашина	0.348
драпировка	0.348
мангуста	0.348
шантрапа	0.348
кантри	0.348
укоризна	0.348
естественность	0.347
телефонограмма	0.347
грамотей	0.347
дерюга	0.347
манифестация	0.347
неформал	0.347
стыдливость	0.347
утконос	0.347
спелеолог	0.347
дворничиха	0.347
катетер	0.347
эрекция	0.347
хрипотца	0.347
тальник	0.346
гренадер	0.346
заступничество	0.346
салатница	0.346
прикидка	0.346
эфиоп	0.346
кода	0.346
буравчик	0.346
делание	0.346
дельфинарий	0.346
лавчонка	0.346
пилочка	0.346
селектор	0.346
желобок	0.346
тарарам	0.346
шелковица	0.346
пурпур	0.345
документик	0.345
лежание	0.345
списочек	0.345
неявка	0.345
резиночка	0.345
безотцовщина	0.345
материализм	0.345
налим	0.344
тенниска	0.344
фашистка	0.344
шампиньон	0.344
галантерея	0.344
казах	0.344
отпевание	0.344
фотоэлемент	0.344
брёвнышко	0.344
автотранспорт	0.343
айва	0.343
болтунья	0.343
жмурки	0.343
увеличитель	0.343
биток	0.343
краюха	0.343
проходка	0.342
керосинка	0.342
нокдаун	0.342
доминион	0.342
колонизатор	0.342
природоведение	0.342
дубровник	0.342
могиканин	0.342
поголовье	0.342
поилка	0.342
ракетодром	0.342
картограф	0.341
жизнеобеспечение	0.341
силушка	0.341
вельбот	0.341
грязища	0.341
квартирантка	0.341
шарлотка	0.341
подвальчик	0.341
оснастка	0.340
недопонимание	0.340
камея	0.340
малахит	0.340
свинопас	0.340
слом	0.340
портмоне	0.340
сватья	0.340
лосёнок	0.340
подсечка	0.339
вольтметр	0.339
горбинка	0.339
жёнка	0.339
пунш	0.339
мямля	0.339
патологоанатом	0.339
уазик	0.338
умирание	0.338
фисгармония	0.338
прослойка	0.338
кардан	0.338
подсолнечник	0.338
сургуч	0.338
брокер	0.338
воротца	0.338
канифоль	0.338
палисад	0.338
флорин	0.338
благоухание	0.338
фтор	0.338
сталактит	0.338
марево	0.337
отрешённость	0.337
несение	0.337
читательница	0.337
злато	0.337
викарий	0.337
озерко	0.337
лепнина	0.336
боезапас	0.336
брахман	0.336
волнорез	0.336
интеллигентность	0.336
карбид	0.336
косатка	0.336
микрон	0.336
треуголка	0.336
чайничек	0.336
явор	0.336
острог	0.336
морфий	0.336
аббатство	0.336
бегунок	0.336
кадровик	0.336
розница	0.336
большак	0.335
медвежатник	0.335
буксировка	0.335
египтолог	0.335
котловина	0.335
особнячок	0.335
перенапряжение	0.335
чёрствость	0.335
магнето	0.335
талер	0.335
ипотека	0.334
тромб	0.334
директорша	0.334
календарик	0.334
лимончик	0.334
бухгалтерша	0.334
радиолюбитель	0.334
недосып	0.334
отстрел	0.334
пемза	0.334
судоверфь	0.334
цыпка	0.334
синьорина	0.334
мадригал	0.334
ампер	0.334
транквилизатор	0.333
побывка	0.333
нарта	0.333
выводка	0.333
дивчина	0.333
фагот	0.333
цаца	0.333
чуланчик	0.333
безделица	0.333
анестезия	0.333
духан	0.332
палеонтология	0.332
хинин	0.332
примитив	0.332
владычество	0.332
вок	0.332
заворот	0.332
пятнашки	0.332
эксцесс	0.332
голкипер	0.332
острастка	0.332
наём	0.331
кооперация	0.331
волан	0.331
прапрабабушка	0.331
тактичность	0.331
жемчужинка	0.331
метеорология	0.331
саксофонист	0.331
святки	0.331
непринуждённость	0.331
бёрдо	0.331
подковырка	0.330
контрамарка	0.330
распадок	0.330
капуцин	0.330
умишко	0.330
скетч	0.330
колоколец	0.330
дробинка	0.330
артобстрел	0.329
хапуга	0.329
многоточие	0.329
радиолокатор	0.329
предбанник	0.329
коллективизация	0.329
сыроежка	0.329
забойщик	0.329
крепёж	0.329
локоток	0.329
электробритва	0.329
маркетинг	0.329
тапочки	0.329
маки	0.329
влагалище	0.328
бескорыстие	0.328
кавалькада	0.328
мухобойка	0.328
тетеря	0.328
шатенка	0.328
выпал	0.328
полушёпот	0.328
ведун	0.328
мытарство	0.328
болтливость	0.328
заводик	0.328
разгадывание	0.328
койот	0.328
колка	0.327
рогатина	0.327
немощь	0.327
пунктуация	0.327
самописец	0.327
дифирамб	0.327
дневничок	0.327
конькобежец	0.327
пчеловодство	0.327
роженица	0.327
сосредоточение	0.327
пыж	0.326
человечишка	0.326
мастеровой	0.326
пшеничка	0.326
помощничек	0.326
чистилище	0.325
детдомовец	0.325
клеветник	0.325
кураре	0.325
лафет	0.325
алеут	0.325
аспирантка	0.325
диссонанс	0.325
корда	0.325
циферка	0.325
мессия	0.325
самовнушение	0.325
ро	0.325
бесцеремонность	0.325
водевиль	0.325
рутина	0.325
антифашист	0.324
белоручка	0.324
дортуар	0.324
ковбойка	0.324
манометр	0.324
тухлятина	0.324
ухмылочка	0.324
газовщик	0.324
формация	0.324
судок	0.324
банкрот	0.324
набойка	0.324
качание	0.324
ушат	0.323
частное	0.323
суффикс	0.323
валёк	0.323
приворот	0.323
материалист	0.323
супница	0.323
эспада	0.323
лоция	0.322
синьга	0.322
рез	0.322
шток	0.322
копатель	0.322
леса	0.322
модерн	0.322
фигурист	0.322
арык	0.322
закрепление	0.322
свиноферма	0.322
дискант	0.322
войт	0.322
заимка	0.321
медовуха	0.321
электротехника	0.321
граб	0.321
марганец	0.321
нужник	0.321
судовладелец	0.321
конструирование	0.321
осыпь	0.321
белогвардеец	0.321
колхозница	0.321
брас	0.321
лёжка	0.321
метис	0.321
книгочей	0.320
простынка	0.320
плафон	0.320
тунгус	0.320
идентификация	0.319
рукомойник	0.319
каноник	0.319
клоповник	0.319
секвойя	0.319
ездовой	0.319
похоть	0.319
пушнина	0.319
удушение	0.319
внука	0.318
пионервожатый	0.318
созвучие	0.318
хлорофилл	0.318
антидепрессант	0.318
ехидство	0.318
разгильдяйство	0.318
романчик	0.318
букмекер	0.318
саммит	0.318
виадук	0.318
ротозей	0.318
пращ	0.318
социопат	0.318
биологичка	0.318
чурбак	0.318
юннат	0.318
ионизация	0.317
комиссионер	0.317
приёмка	0.317
летяга	0.317
щепа	0.317
гардеробщик	0.317
кульбит	0.317
нехристь	0.317
оперативность	0.317
тётечка	0.317
гнильё	0.317
пунктир	0.317
оглавление	0.316
переплавка	0.316
сухофрукты	0.316
бирюлька	0.316
молодчага	0.316
брёх	0.316
наличник	0.316
придыхание	0.315
печатание	0.315
точило	0.315
змеевик	0.315
ветла	0.315
пампушка	0.315
прудик	0.315
заглушка	0.315
большевизм	0.314
галстучек	0.314
декламация	0.314
игумен	0.314
искуситель	0.314
задел	0.314
бона	0.314
военком	0.314
молодка	0.313
птицелов	0.313
манишка	0.313
укрощение	0.313
пивовар	0.313
морячка	0.313
сифилис	0.313
катран	0.313
чарка	0.313
сдоба	0.313
старка	0.313
вернисаж	0.313
председательница	0.313
унция	0.312
крепь	0.312
печерица	0.312
неувязочка	0.312
одарённость	0.312
молодожён	0.312
погань	0.312
дубок	0.312
подражатель	0.311
сноб	0.311
восьмиклассница	0.311
звездочёт	0.311
пузан	0.311
полок	0.311
фантазёрка	0.311
аорта	0.311
касательная	0.311
щёлок	0.310
эпос	0.310
дурища	0.310
пролётка	0.310
чулочек	0.310
кисея	0.310
ледоход	0.310
иглу	0.309
опочивальня	0.309
петиция	0.309
запасник	0.309
тайничок	0.309
теремок	0.309
бурят	0.309
квадрант	0.308
интриганка	0.308
лгунишка	0.308
молодуха	0.308
ханжество	0.308
немезида	0.308
мойра	0.308
инфузория	0.308
густота	0.308
жадюга	0.308
зондирование	0.308
кабинетик	0.308
комель	0.308
лесозаготовка	0.308
мореплавание	0.308
озорница	0.308
подлёт	0.308
прибаутка	0.308
пульверизатор	0.308
чередование	0.308
диспозиция	0.308
золотник	0.308
фита	0.308
ермолка	0.308
биограф	0.307
директория	0.307
луковка	0.307
металлургия	0.307
наждак	0.307
несушка	0.307
прислужница	0.307
минога	0.307
острога	0.307
бей	0.306
загрязнение	0.306
сазан	0.306
безвестность	0.306
беззащитность	0.306
галун	0.306
налогоплательщик	0.306
резервация	0.306
жевание	0.306
закваска	0.306
песенник	0.306
цветик	0.306
бакенщик	0.306
драхма	0.305
брамсель	0.305
тенёчек	0.305
патер	0.305
купель	0.305
двойственность	0.305
упрощение	0.305
барахлишко	0.305
дохлятина	0.305
праздничек	0.305
белена	0.305
выкидыш	0.304
баллистика	0.304
гумно	0.304
жестикуляция	0.304
инсулин	0.304
цианид	0.304
лесовоз	0.304
брифинг	0.304
королёк	0.304
противница	0.304
сатирик	0.304
словак	0.304
дюза	0.303
изыск	0.303
ненападение	0.303
сочинительство	0.303
бунчук	0.303
оттяжка	0.303
плёс	0.303
аэровокзал	0.303
зодчий	0.303
санузел	0.303
увядание	0.303
скало	0.302
стряпчий	0.302
шашлычок	0.302
плашка	0.302
сепаратор	0.302
цеп	0.301
красногвардеец	0.301
клеть	0.301
лямбда	0.301
неврастеник	0.301
перипетия	0.301
разговорник	0.301
киноактриса	0.301
судомойка	0.301
клёпка	0.301
оладушек	0.301
эмбрион	0.301
гребло	0.301
кумыс	0.300
полудрёма	0.300
полусфера	0.300
гидроэлектростанция	0.300
душегубка	0.300
мужичонка	0.300
питекантроп	0.300
резвость	0.300
щебёнка	0.300
ферт	0.300
геодезист	0.300
прощелыга	0.300
умопомрачение	0.300
сальса	0.299
исполком	0.299
сквознячок	0.299
присоска	0.299
былинка	0.299
аннотация	0.298
рента	0.298
пивнушка	0.298
барельеф	0.298
гололёд	0.298
дошколёнок	0.298
игуменья	0.298
кепи	0.298
крысоловка	0.298
пекинес	0.298
фельетон	0.298
взяток	0.298
бефстроганов	0.298
грымза	0.298
взрослость	0.298
демобилизация	0.298
пест	0.298
самоподготовка	0.298
штукенция	0.298
желатин	0.298
ванта	0.298
индульгенция	0.298
мошна	0.298
таволга	0.298
оппозиционер	0.298
измышление	0.297
кривляние	0.297
студенчество	0.297
шаланда	0.297
кащей	0.297
хлястик	0.297
голубятник	0.297
плаз	0.297
второклашка	0.297
отливка	0.297
пеленгатор	0.297
театрал	0.297
раструб	0.297
прозвание	0.297
уза	0.296
финна	0.296
отступное	0.296
восьмилетка	0.296
замкнутость	0.296
правдоподобие	0.296
аил	0.296
ивняк	0.296
мемориал	0.296
беспощадность	0.295
бомонд	0.295
жеребчик	0.295
крага	0.295
самодур	0.295
издержка	0.295
простодушие	0.295
веночек	0.295
крановщик	0.295
фартучек	0.295
цоколь	0.295
дилемма	0.294
манка	0.294
опытность	0.294
коряжка	0.294
бестселлер	0.294
шизофрения	0.294
усмирение	0.294
двушка	0.294
скороварка	0.294
малинник	0.294
полати	0.294
авансцена	0.294
всполох	0.294
деканат	0.294
железняк	0.294
затворница	0.294
кастаньета	0.294
луноход	0.294
жито	0.294
ер	0.293
заинька	0.293
председательство	0.293
шатание	0.293
трип	0.293
шугай	0.293
арба	0.293
колон	0.292
валлон	0.292
книгохранилище	0.292
самоделка	0.292
смешинка	0.292
чародейство	0.292
чубук	0.292
скромник	0.291
ящур	0.291
подгруппа	0.291
рассказик	0.291
экспедитор	0.291
загранпаспорт	0.291
купорос	0.291
ласковость	0.291
лиходей	0.291
мяуканье	0.291
неуспеваемость	0.291
рекогносцировка	0.291
тетрис	0.291
железобетон	0.291
шлях	0.291
вершитель	0.291
козодой	0.291
перегонка	0.291
караульная	0.291
кокарда	0.291
русак	0.291
гайдук	0.291
крошечка	0.291
фрикаделька	0.290
молока	0.290
сардинка	0.290
телятник	0.290
киноэкран	0.290
оздоровление	0.290
пенька	0.290
телёночек	0.290
фактория	0.290
лейкемия	0.290
катет	0.290
контрреволюционер	0.290
митрополит	0.289
плотик	0.289
хлебушко	0.289
вьюк	0.289
кормчий	0.289
школяр	0.289
галлон	0.289
невоспитанность	0.289
крестьянство	0.289
гротеск	0.289
облицовка	0.289
псарня	0.289
зимовье	0.289
облёт	0.288
пакостник	0.288
будочка	0.288
лахтак	0.288
берендей	0.288
брусочек	0.288
сингл	0.288
шопинг	0.287
народность	0.287
армеец	0.287
зачаток	0.287
афалина	0.287
полярник	0.287
симуляция	0.287
дробина	0.287
жертвенник	0.287
одевание	0.287
кадило	0.287
зоосад	0.286
клюз	0.286
лицеист	0.286
непричастность	0.286
пуловер	0.286
русс	0.286
целостность	0.286
антидот	0.286
лифтёрша	0.286
молельня	0.286
нержавейка	0.286
подпалина	0.286
подпруга	0.286
секстант	0.286
увёртка	0.286
кочегарка	0.286
электровоз	0.286
потаскуха	0.285
протеин	0.285
психоаналитик	0.285
чудь	0.285
сокамерник	0.285
сенцы	0.285
бушприт	0.285
коротыш	0.285
двоеточие	0.285
твит	0.284
уключина	0.284
фанерка	0.284
подавленность	0.284
балкончик	0.284
микробиология	0.284
осколочек	0.284
четырёхугольник	0.284
кровожадность	0.284
коленце	0.284
кронштейн	0.284
дикторша	0.284
знахарка	0.284
лампас	0.284
хлеборезка	0.284
кантонист	0.284
буржуйка	0.283
гематома	0.283
складчина	0.283
преследовательница	0.283
самопал	0.283
затон	0.283
косоворотка	0.283
лапища	0.283
полуподвал	0.283
ломота	0.282
союзница	0.282
рысца	0.282
трудодень	0.282
моление	0.282
поролон	0.282
ткачиха	0.282
мелькание	0.281
цеце	0.281
автозавод	0.281
осинник	0.281
консьерж	0.281
выя	0.281
серебрянка	0.281
украинка	0.281
фурман	0.281
израильтянин	0.281
товарка	0.280
тета	0.280
сцепка	0.280
траппер	0.280
усвоение	0.280
свинтус	0.280
березняк	0.280
фунтик	0.280
внучонок	0.280
редактура	0.280
нерест	0.280
оскомина	0.280
свиданьице	0.280
микс	0.279
засыпка	0.279
кинопроектор	0.279
попик	0.279
революционерка	0.279
сумбур	0.279
тигель	0.279
гайдамак	0.279
хлопание	0.279
щепочка	0.279
пушкарь	0.279
папарацци	0.279
сидр	0.279
триада	0.279
нянюшка	0.279
редут	0.279
солончак	0.279
мошонка	0.278
валторна	0.278
зубрилка	0.278
пионерлагерь	0.278
пышность	0.278
странница	0.278
щипок	0.278
баз	0.278
соцветие	0.278
церква	0.278
отмывание	0.278
скип	0.278
простенок	0.278
водянка	0.278
курья	0.278
нечестность	0.278
нескромность	0.278
гиль	0.278
торчок	0.278
скрёбка	0.277
геморрой	0.277
мазурка	0.277
океанолог	0.277
хитреца	0.277
шалашик	0.277
сердечная	0.277
рогулька	0.277
сосняк	0.277
воздержание	0.276
амортизация	0.276
звездопад	0.276
заречье	0.276
клейстер	0.276
членство	0.276
ботфорт	0.276
сандвич	0.275
ухарь	0.275
песо	0.275
регби	0.275
хоппер	0.275
тангенс	0.275
автоген	0.275
атрибутика	0.275
изворотливость	0.275
мамзель	0.275
начёс	0.275
приобщение	0.275
прихлебатель	0.275
рукоплескание	0.275
силос	0.275
фураж	0.275
шероховатость	0.275
спикер	0.274
велюр	0.274
капельмейстер	0.274
плащик	0.274
придира	0.274
церемониймейстер	0.274
покои	0.274
слободка	0.274
пятиугольник	0.273
спартакиада	0.273
плавность	0.273
фотобумага	0.273
обезвоживание	0.273
предотвращение	0.273
холестерин	0.273
курортник	0.273
полуторка	0.273
куранты	0.273
тирания	0.273
егоза	0.273
молотобоец	0.273
оспина	0.273
трупик	0.273
чирей	0.273
усыпление	0.272
антрекот	0.272
базальт	0.272
зверолов	0.272
медкомиссия	0.272
креп	0.272
яранга	0.272
гепатит	0.271
вечеря	0.271
хитросплетение	0.271
астронавтика	0.271
собранность	0.271
шарж	0.271
карлица	0.271
девон	0.271
помидорка	0.271
сивко	0.271
живодёрня	0.271
беляш	0.271
дуст	0.271
кривляка	0.271
мстительность	0.271
фас	0.271
прель	0.271
стикер	0.270
уклонение	0.270
мизансцена	0.270
пассивность	0.270
посланница	0.270
единоличник	0.270
кинолента	0.270
меченосец	0.270
прозаик	0.270
телецентр	0.270
четвертная	0.270
лайм	0.270
арьергард	0.270
истома	0.270
мордоворот	0.270
недоделка	0.270
штандарт	0.270
криптон	0.270
одиннадцатиклассник	0.270
платьишко	0.270
протуберанец	0.270
хатка	0.270
мальчишество	0.270
скоморох	0.270
гармонист	0.269
гущина	0.269
горилка	0.269
зверёныш	0.269
помарка	0.269
свистопляска	0.269
каменотёс	0.269
шифоньер	0.269
зачистка	0.268
отслеживание	0.268
трясогузка	0.268
анахронизм	0.268
архивариус	0.268
киноаппарат	0.268
тахикардия	0.268
отсылка	0.268
кринка	0.268
механизатор	0.268
форштевень	0.268
замухрышка	0.268
нелегал	0.268
перегной	0.267
авиалиния	0.267
пройда	0.267
простата	0.267
литовка	0.267
леер	0.267
рододендрон	0.267
совмещение	0.267
судоходство	0.267
человеколюбие	0.267
сберкасса	0.267
головёнка	0.266
калуга	0.266
самоуничтожение	0.266
вилок	0.266
депозит	0.266
рупия	0.266
кругляш	0.265
юферс	0.265
протестант	0.265
пюпитр	0.265
трудовик	0.265
турель	0.265
овладение	0.265
чавканье	0.265
бормашина	0.265
ватерлиния	0.265
квашня	0.265
мещанство	0.265
сейсмограф	0.265
интерфейс	0.265
микробиолог	0.264
вестерн	0.264
вихрь	0.264
аргонавт	0.264
ворьё	0.264
профессорша	0.264
панно	0.264
вырождение	0.264
ланцет	0.264
глиссер	0.264
пырей	0.264
риска	0.263
колонок	0.263
зачатие	0.263
аркада	0.263
опока	0.263
ухват	0.263
иридий	0.263
финтифлюшка	0.263
ингалятор	0.263
гинея	0.263
кроманьонец	0.263
лаваш	0.263
шлифовка	0.263
реагирование	0.262
фук	0.262
денник	0.262
обрубка	0.262
фонарщик	0.262
электроплитка	0.262
иммиграция	0.262
обрезание	0.262
фиск	0.262
таймень	0.261
двоечка	0.261
каверза	0.261
тятенька	0.261
яхтсмен	0.261
книжник	0.261
перегиб	0.261
приплод	0.261
размен	0.261
слалом	0.261
рало	0.261
геноцид	0.261
деррик	0.261
топорище	0.261
высотомер	0.261
донжуан	0.261
иждивение	0.261
неисполнение	0.261
побирушка	0.261
сивуха	0.261
солод	0.261
тиснение	0.261
винил	0.260
лодчонка	0.260
четвертушка	0.260
джокер	0.260
людская	0.260
инфраструктура	0.260
добавок	0.260
варяг	0.260
гончар	0.260
камнепад	0.260
наговор	0.260
приборка	0.260
сторожевик	0.260
бастард	0.259
морепродукт	0.259
бурильщик	0.259
наметка	0.259
огрех	0.259
антитело	0.259
вист	0.259
баскак	0.259
князёк	0.259
активация	0.259
перестук	0.259
армянка	0.258
балетмейстер	0.258
ватка	0.258
анонимность	0.258
промежность	0.258
бахча	0.258
якут	0.258
внучек	0.258
евнух	0.258
плексиглас	0.258
кабриолет	0.258
телепортация	0.258
монпансье	0.257
сеча	0.257
лофт	0.257
автодром	0.257
болтанка	0.257
своеобразие	0.257
недосыпание	0.257
адаптация	0.257
коалиция	0.257
быльё	0.256
префект	0.256
жмых	0.256
цокот	0.256
фермент	0.256
холокост	0.256
вязь	0.256
грязюка	0.256
буфетная	0.256
зайчишка	0.256
бобок	0.256
кошма	0.256
этюдник	0.256
бизань	0.256
косач	0.256
сталкер	0.256
пиротехник	0.255
пустомеля	0.255
воркование	0.255
полиграф	0.255
юань	0.255
шляхтич	0.255
лея	0.255
лакросс	0.255
башмачник	0.254
драматургия	0.254
интермедия	0.254
лежебока	0.254
овчинка	0.254
побратим	0.254
хламида	0.254
хозяйственник	0.254
чернокнижник	0.254
штрафник	0.254
интерпретация	0.254
подработка	0.254
бабёшка	0.254
бряк	0.254
лоточница	0.254
экстрадиция	0.254
колясочка	0.253
подначка	0.253
желудочек	0.253
модификация	0.253
старение	0.253
луговина	0.253
бивак	0.253
лампадка	0.253
множитель	0.253
присвист	0.253
ребятёнок	0.253
ротонда	0.253
тарахтение	0.253
хохотушка	0.253
вычитание	0.253
ксилофон	0.253
пискля	0.253
эмульсия	0.253
напористость	0.253
диализ	0.253
лиска	0.253
балюстрада	0.253
аневризма	0.253
лешачиха	0.252
трапезная	0.252
истребительница	0.252
орало	0.252
гризли	0.252
некомпетентность	0.252
берданка	0.252
кивер	0.252
рундук	0.252
ряска	0.252
расторопность	0.251
гуманитарий	0.251
отвес	0.251
кунсткамера	0.251
распашонка	0.251
пуповина	0.251
нарекание	0.251
переплётчик	0.251
предначертание	0.251
фогт	0.251
ширпотреб	0.251
воскресник	0.251
географичка	0.251
автомобильчик	0.251
закорки	0.251
колбочка	0.251
минтай	0.251
просторечие	0.251
селекция	0.251
журавлик	0.250
щипец	0.250
видоискатель	0.250
глазомер	0.250
стряпуха	0.250
каретка	0.250
междометие	0.250
мечтательница	0.250
офсайд	0.250
аллейка	0.250
рябец	0.250
комбайнёр	0.250
леспромхоз	0.250
предоставление	0.250
властность	0.249
виноватость	0.249
волость	0.249
ганка	0.249
лабаз	0.249
терраска	0.249
косячок	0.249
софтбол	0.249
техничка	0.249
учётчик	0.249
буквоед	0.249
зуёк	0.249
рисовальщик	0.249
передничек	0.249
передых	0.249
эскулап	0.249
потаскушка	0.248
изумрудик	0.248
ларчик	0.248
скора	0.248
казарка	0.248
козлёночек	0.248
мастерок	0.248
мещанка	0.248
напраслина	0.248
пуговичка	0.248
рыбачка	0.248
поручитель	0.248
уязвимость	0.248
крынка	0.247
меньшевик	0.247
репеёк	0.247
рогожа	0.247
хариус	0.247
эмка	0.247
аболиционист	0.247
верхолаз	0.247
картошина	0.247
притворщица	0.247
скулёж	0.247
фоторепортёр	0.247
диабетик	0.247
конфедерация	0.247
победит	0.247
нездоровье	0.247
непреклонность	0.247
прейскурант	0.247
толкователь	0.247
патрулирование	0.247
меняла	0.247
гогот	0.247
дебаркадер	0.247
отбеливатель	0.246
зверёнок	0.246
капустник	0.246
труженица	0.246
вольнодумец	0.246
симбионт	0.246
осинка	0.246
притолока	0.246
несдержанность	0.246
наледь	0.246
помол	0.246
постижение	0.246
укротительница	0.246
католичка	0.246
стимуляция	0.246
лилипутка	0.245
радикал	0.245
скейтборд	0.245
обшлаг	0.245
фетиш	0.245
рёва	0.245
обществоведение	0.245
плясун	0.245
нуар	0.244
полуботинок	0.244
скепсис	0.244
совочек	0.244
шарикоподшипник	0.244
яичник	0.244
батман	0.244
кумушка	0.244
кулачище	0.243
полутон	0.243
раззява	0.243
вспашка	0.243
неосведомлённость	0.243
прелат	0.243
десятник	0.243
землячок	0.243
букса	0.243
путеец	0.243
очаровашка	0.243
белорус	0.243
клейка	0.243
разогрев	0.243
зало	0.243
сардина	0.242
детсадовец	0.242
истопник	0.242
ракушечник	0.242
пробой	0.242
эрос	0.242
феерия	0.242
черчение	0.242
литография	0.242
переносок	0.242
заваль	0.241
вещание	0.241
блузочка	0.241
сольфеджио	0.241
барокко	0.241
животновод	0.241
храмовник	0.241
перезагрузка	0.241
аппликация	0.240
перпендикуляр	0.240
полонез	0.240
похоронка	0.240
гранка	0.240
затравка	0.240
откачка	0.240
медбрат	0.240
шато	0.240
стриптизёр	0.240
гать	0.240
гидролог	0.240
стратоплан	0.240
татка	0.240
теплынь	0.240
брадобрей	0.240
светопреставление	0.240
темечко	0.240
нашлёпка	0.240
кибернетик	0.240
автослесарь	0.239
сметанка	0.239
тенёк	0.239
единодушие	0.239
слабоумие	0.239
шпинат	0.239
водовоз	0.239
автоинспектор	0.239
сакля	0.239
громовержец	0.239
багульник	0.239
гематоген	0.239
кулёчек	0.239
рыбарь	0.239
становище	0.239
наложница	0.239
наниматель	0.239
эпилепсия	0.239
главстаршина	0.239
анемия	0.238
ширинка	0.238
воронец	0.238
бечева	0.238
вахтёрша	0.238
мазанка	0.238
подпасок	0.238
шуст	0.238
эсер	0.238
бейсболист	0.238
плацента	0.238
феминистка	0.238
челядь	0.238
многоугольник	0.238
мухоловка	0.238
нумизмат	0.238
отпускник	0.238
станичник	0.238
тетрадочка	0.238
трагизм	0.238
филология	0.238
бережливость	0.238
вальдшнеп	0.238
вшивость	0.238
игрушечка	0.238
отзывчивость	0.238
патетика	0.238
помидорчик	0.238
рубище	0.238
грай	0.238
огузок	0.238
миссионер	0.238
харизма	0.237
баянист	0.237
приёмщик	0.237
мистик	0.237
фанк	0.237
эвакуатор	0.237
выверт	0.237
поклёп	0.237
простонародье	0.237
рассказчица	0.237
кретинизм	0.237
культяпка	0.237
микроклимат	0.237
щетинка	0.237
алкоголичка	0.236
командарм	0.236
лучинка	0.236
конка	0.236
ливер	0.236
вагоновожатый	0.236
жинка	0.236
плюш	0.236
токсикология	0.236
вешка	0.236
редактирование	0.236
радиоузел	0.235
нумерация	0.235
рассматривание	0.235
ставленник	0.235
антоновка	0.235
горчичник	0.235
кровинка	0.235
наркомафия	0.235
специалистка	0.235
чистоплюй	0.235
слушательница	0.235
спаньё	0.235
блендер	0.235
континуум	0.235
сепаратист	0.235
трахея	0.235
брыкун	0.235
косица	0.235
оградка	0.235
альбомчик	0.234
квасок	0.234
кринолин	0.234
оборочка	0.234
комнатёнка	0.234
вербена	0.234
мание	0.234
дранка	0.234
юз	0.234
запевала	0.234
рационализация	0.234
чёлочка	0.234
ампир	0.234
всевластие	0.234
долгожитель	0.234
москаль	0.234
безграмотность	0.234
стеснительность	0.234
язвительность	0.234
перемёт	0.234
пеструшка	0.234
иранец	0.233
горюшко	0.233
стремнина	0.233
скрипочка	0.233
полупроводник	0.233
пироскаф	0.233
физичка	0.233
аллюр	0.233
карболка	0.233
аналог	0.233
гомункул	0.233
конклав	0.233
суперкубок	0.233
православие	0.233
типограф	0.233
курант	0.232
таксопарк	0.232
доносчица	0.232
лосина	0.232
воробейчик	0.232
вольфрам	0.232
дурнота	0.232
креслице	0.232
левак	0.232
приор	0.231
погиб	0.231
гиперболоид	0.231
аритмия	0.231
каёмка	0.231
соломина	0.231
треножник	0.231
церемониал	0.231
колоша	0.231
мичуринец	0.231
одинец	0.231
ловчий	0.231
акватория	0.231
гречиха	0.231
пушечка	0.231
чина	0.230
рецептор	0.230
литераторша	0.230
оклик	0.230
помазок	0.230
разветвление	0.230
самодержавие	0.230
страстность	0.230
фреза	0.230
целковый	0.230
булла	0.229
вегетарианка	0.229
ухание	0.229
изобретательство	0.229
развязность	0.229
слесарная	0.229
угрюмость	0.229
клёкот	0.229
ездка	0.229
катавасия	0.229
шашечка	0.229
прогулочка	0.229
ежегодник	0.228
микрочип	0.228
подключение	0.228
ассигнация	0.228
дредноут	0.228
развозка	0.228
эпиграмма	0.228
ковыль	0.228
околыш	0.228
отрог	0.228
глютен	0.228
допинг	0.228
калла	0.228
христианка	0.228
гордячка	0.228
коньячок	0.228
неверность	0.228
баловень	0.227
бренчание	0.227
пылища	0.227
ревун	0.227
турчанка	0.227
цыганочка	0.227
электропоезд	0.227
зоотехник	0.227
сандрик	0.227
диамант	0.227
отшельница	0.227
лобби	0.227
непристойность	0.227
слив	0.227
зенитчик	0.227
портфолио	0.227
графолог	0.227
мамушка	0.227
похвальба	0.227
цитрон	0.227
кумач	0.226
лошадёнка	0.226
розвальни	0.226
шлемофон	0.226
оплодотворение	0.226
удочерение	0.226
чтиво	0.226
дриада	0.226
дубрава	0.226
самоед	0.226
турнепс	0.226
грибница	0.226
дзен	0.226
пеон	0.226
притвор	0.226
башлык	0.225
безветрие	0.225
вьюшка	0.225
проталина	0.225
коллапс	0.225
правша	0.225
гейша	0.225
помор	0.225
троп	0.225
автомастерская	0.225
азиатка	0.225
бульдозерист	0.225
двугривенный	0.225
думка	0.225
мухолов	0.225
подойник	0.225
увал	0.225
запоздание	0.224
шверт	0.224
взморье	0.224
грызня	0.224
заступница	0.224
пестрота	0.224
раскольник	0.224
инфляция	0.224
кизил	0.224
крести	0.224
гашетка	0.224
гримёрша	0.224
проявитель	0.224
новь	0.224
ризотто	0.224
турбулентность	0.224
феромон	0.224
бидончик	0.224
выселок	0.224
красавка	0.224
скунс	0.223
бесплодие	0.223
причинение	0.223
урегулирование	0.223
херес	0.223
казачество	0.223
богохульство	0.223
питчер	0.223
экстремист	0.223
абсцисса	0.223
заливчик	0.223
вопросник	0.223
кругосветка	0.223
недоступность	0.223
фетр	0.223
мешочник	0.223
музыкантша	0.223
рубака	0.223
шарлатанство	0.223
гнома	0.223
безвременье	0.222
небожитель	0.222
коммуникатор	0.222
недолёт	0.222
парение	0.222
сочленение	0.222
утешитель	0.222
портняжка	0.222
рубель	0.222
тавро	0.222
требовательность	0.222
трепотня	0.222
ял	0.222
разрядник	0.222
клонирование	0.222
лоббист	0.222
молох	0.222
разработчик	0.222
батыр	0.222
вагранка	0.222
мяукание	0.222
соболёк	0.222
тенорок	0.222
торопливость	0.222
тятька	0.222
прививок	0.222
депортация	0.222
терпимость	0.222
бивуак	0.221
боровичок	0.221
древоточец	0.221
малокровие	0.221
сардар	0.221
чистоплотность	0.221
газонокосилка	0.221
педиатрия	0.221
хоспис	0.221
кройка	0.221
кряква	0.221
руга	0.221
будёновка	0.221
взгорье	0.221
комендор	0.221
мудрила	0.221
скирда	0.221
стёганка	0.221
пестицид	0.221
доставала	0.220
импотент	0.220
мормон	0.220
пункция	0.220
флорист	0.220
пустельга	0.220
невероятность	0.220
дуплет	0.220
лапник	0.220
неясыть	0.220
податель	0.220
разброд	0.220
суворовец	0.220
тюря	0.220
физия	0.220
непримиримость	0.220
выдумщица	0.220
баркентина	0.220
имплантат	0.220
менеджмент	0.220
самоконтроль	0.220
сперматозоид	0.220
юриспруденция	0.220
дерби	0.220
бобрёнок	0.219
лжесвидетельство	0.219
чёлн	0.219
шифрование	0.219
шейк	0.219
гидростат	0.219
дзот	0.219
карбас	0.219
наркомат	0.219
объездчик	0.219
степняк	0.219
фальшборт	0.219
аудио	0.219
нейрон	0.219
ликбез	0.219
кранец	0.219
курага	0.219
антропология	0.218
переговорщик	0.218
скрижаль	0.218
эпиляция	0.218
антропоид	0.218
логовище	0.218
нутрия	0.218
билетёрша	0.218
осетрина	0.218
тамтам	0.218
пособничество	0.218
кровоток	0.218
целомудрие	0.218
спецкурс	0.218
нэпман	0.218
кондратий	0.218
скотобойня	0.218
клирик	0.218
кондрашка	0.218
лесопарк	0.218
штангист	0.218
златоуст	0.218
барменша	0.218
импичмент	0.218
мужлан	0.218
онколог	0.218
рассылка	0.218
фальсификация	0.218
дупель	0.218
гнездовье	0.217
индуктор	0.217
культурист	0.217
половичок	0.217
самообразование	0.217
трафик	0.217
ультра	0.217
аскер	0.217
пленум	0.217
приморье	0.217
гиперпространство	0.217
засос	0.217
омела	0.217
военщина	0.217
импорт	0.216
инженерия	0.216
соул	0.216
благодушие	0.216
втык	0.216
дрессировщица	0.216
жердина	0.216
королевна	0.216
оттоманка	0.216
подкормка	0.216
продолжатель	0.216
синусоида	0.216
кедровник	0.216
стаксель	0.216
вето	0.216
сакэ	0.216
ортопед	0.216
гастролёр	0.216
гвоздодёр	0.216
ленца	0.216
марал	0.216
полусвет	0.215
скотинка	0.215
педикюр	0.215
таблоид	0.215
грошик	0.215
гидростанция	0.215
дачка	0.215
изыскатель	0.215
клинышек	0.215
старовер	0.215
кормило	0.215
монотонность	0.215
низовье	0.215
субчик	0.215
фотопортрет	0.215
жиличка	0.214
четверостишие	0.214
юрок	0.214
послесловие	0.214
туше	0.214
тире	0.214
купальщик	0.214
оголец	0.214
тулупчик	0.214
штормовка	0.214
шен	0.214
сокрушение	0.214
овин	0.214
повизгивание	0.214
копирование	0.214
куртизанка	0.214
линчеватель	0.214
перекус	0.214
удержание	0.214
физиотерапия	0.214
микромир	0.213
лажа	0.213
авантюризм	0.213
канюк	0.213
низменность	0.213
опускание	0.213
подлюга	0.213
руна	0.213
гурия	0.213
дерматин	0.213
урочище	0.213
гонорея	0.213
психоанализ	0.213
сёрфер	0.213
подосиновик	0.213
ерофеич	0.213
закавыка	0.213
индустриализация	0.213
мочало	0.213
пропагандист	0.213
трезвон	0.213
ухватка	0.213
фотокорреспондент	0.213
чернуха	0.213
шагомер	0.213
шпалера	0.213
варенье	0.213
популяция	0.213
истерик	0.212
геном	0.212
дефибриллятор	0.212
бортмеханик	0.212
военрук	0.212
сарафанчик	0.212
багрянец	0.212
безрыбье	0.212
воспитанность	0.212
вендетта	0.212
менструация	0.212
президентство	0.212
клопик	0.211
миноискатель	0.211
эмиссар	0.211
дударь	0.211
иерей	0.211
забулдыга	0.211
коленкор	0.211
чалка	0.211
словарик	0.211
несуразица	0.211
субсидия	0.211
кардиолог	0.211
невролог	0.211
тапка	0.211
корьё	0.211
водомёт	0.211
дороговизна	0.211
плюмаж	0.211
реглан	0.211
юбиляр	0.211
автостоп	0.210
квинта	0.210
пивоварня	0.210
развратник	0.210
лопарь	0.210
плетёнка	0.210
экскаваторщик	0.210
бейдж	0.210
латиноамериканец	0.210
возок	0.210
лонжа	0.210
ноженька	0.210
привоз	0.210
занавесочка	0.209
общественник	0.209
осот	0.209
старательность	0.209
мобиль	0.209
боровик	0.209
каменка	0.209
лесовик	0.209
медуница	0.209
новосёл	0.209
сиамец	0.209
туесок	0.209
хворостинка	0.209
бейт	0.209
дозировка	0.209
полукровка	0.209
воздухоплаватель	0.209
кречет	0.209
панночка	0.209
туркмен	0.209
юбчонка	0.209
боеспособность	0.208
дотошность	0.208
астрал	0.208
фуэте	0.208
баннер	0.208
верхотура	0.208
идальго	0.208
онуча	0.208
селёдочка	0.208
берлина	0.208
бражка	0.208
аксельбант	0.208
любование	0.208
неискренность	0.208
неотвратимость	0.208
псалтырь	0.208
путаник	0.208
стерня	0.208
читалка	0.208
массажистка	0.208
гирька	0.207
мишук	0.207
полушалок	0.207
тамга	0.207
хмара	0.207
шубейка	0.207
арендодатель	0.207
метаболизм	0.207
освежитель	0.207
пепперони	0.207
прямик	0.207
восторженность	0.207
аспид	0.207
барчук	0.207
циркуляр	0.207
диафильм	0.207
крошево	0.206
стадий	0.206
байдара	0.206
жнивьё	0.206
рубинчик	0.206
дисфункция	0.206
ростбиф	0.206
фол	0.206
посул	0.206
золотинка	0.205
лежбище	0.205
сейнер	0.205
ридикюль	0.205
протечка	0.205
влёт	0.205
окопчик	0.205
электроход	0.205
джок	0.205
нереальность	0.205
вставание	0.205
отупение	0.205
туф	0.205
сшивание	0.205
расистка	0.205
кремация	0.205
справочка	0.204
армагеддон	0.204
пармезан	0.204
водоизмещение	0.204
мерзляк	0.204
рогач	0.204
светофильтр	0.204
эхолот	0.204
банник	0.204
головня	0.204
сбег	0.204
тяжба	0.204
непобедимость	0.204
танцкласс	0.204
касатик	0.204
осциллограф	0.204
писулька	0.204
слухач	0.204
траверз	0.204
электропровод	0.204
своеволие	0.204
судопроизводство	0.203
инновация	0.203
пропан	0.203
дозиметр	0.203
консистория	0.203
перекачка	0.203
подвижник	0.203
сурик	0.203
тление	0.203
ужик	0.203
липочка	0.203
переулочек	0.203
полом	0.203
параплан	0.203
генезис	0.203
реинкарнация	0.203
фондю	0.203
жгутик	0.202
шкатулочка	0.202
вазон	0.202
старушонка	0.202
урюк	0.202
шпангоут	0.202
электрификация	0.202
жирафа	0.202
феллах	0.202
завком	0.202
зюйд	0.202
лихость	0.202
совместимость	0.202
писсуар	0.202
мотня	0.202
дренаж	0.201
рождаемость	0.201
демагог	0.201
жакетка	0.201
светёлка	0.201
стахановец	0.201
треух	0.201
гладкость	0.201
птичница	0.201
жбан	0.201
мормышка	0.201
оленевод	0.201
тубус	0.201
индий	0.201
доктрина	0.201
окоченение	0.201
сквош	0.201
эвфемизм	0.201
десница	0.201
макао	0.201
весомость	0.201
заутреня	0.201
тувинец	0.201
заброшенность	0.201
питьё	0.200
акушер	0.200
неврология	0.200
ремиссия	0.200
трансплантат	0.200
трудоголик	0.200
чизкейк	0.200
экосистема	0.200
сдерживание	0.200
спазма	0.200
кунгас	0.200
полешко	0.200
росточек	0.200
чурбачок	0.200
опахало	0.200
идиш	0.200
инаугурация	0.200
метастаз	0.200
невроз	0.200
утопление	0.200
уборочная	0.200
африканка	0.200
корреспондентка	0.200
бабонька	0.200
лобок	0.199
домком	0.199
курьёз	0.199
скребло	0.199
бестолковость	0.199
пропойца	0.199
поддёвка	0.199
почтарь	0.199
радиотехника	0.199
растрёпа	0.199
униформист	0.199
корректировка	0.199
утилизация	0.199
белёк	0.199
всадница	0.199
горбунок	0.199
дисковод	0.199
дистрофик	0.199
кожевник	0.199
океанография	0.199
отсебятина	0.199
полиглот	0.199
столярка	0.199
транспортир	0.199
блудница	0.198
джихад	0.198
дофин	0.198
кардиостимулятор	0.198
лакомка	0.198
удалец	0.198
шашлычная	0.198
необъятность	0.198
анчоус	0.198
ватажник	0.198
посвист	0.198
стожок	0.198
штурвальный	0.198
дичок	0.198
сиерра	0.198
генпрокурор	0.197
монархист	0.197
шнурочек	0.197
бельэтаж	0.197
жизнеописание	0.197
предводительница	0.197
аспарагус	0.197
атавизм	0.197
лошак	0.197
одурение	0.197
реторта	0.197
сеялка	0.197
фотовспышка	0.197
аргамак	0.197
конторщик	0.197
лешак	0.197
маман	0.197
пичуга	0.197
якорёк	0.197
поволока	0.197
отчаянность	0.197
живоглот	0.197
иноходец	0.197
пинчер	0.197
эллин	0.197
соученик	0.196
кюре	0.196
нарзан	0.196
погончик	0.196
подберёзовик	0.196
светляк	0.196
фельдшерица	0.196
пороша	0.196
рыбник	0.196
овуляция	0.195
биплан	0.195
гусли	0.195
оторванность	0.195
перестраховщик	0.195
электродвигатель	0.195
пичужка	0.195
поддувало	0.195
диагностик	0.195
бесчестие	0.195
отторжение	0.195
хромосома	0.195
окунёк	0.195
промоина	0.195
саранка	0.195
метода	0.195
масон	0.194
автоматизм	0.194
администраторша	0.194
здоровьице	0.194
колюшка	0.194
отступ	0.194
самоцель	0.194
смертоубийство	0.194
свитка	0.194
вокалист	0.194
месторасположение	0.194
домище	0.194
занесение	0.194
зачёс	0.194
знатность	0.194
поддавки	0.194
стеклодув	0.194
наущение	0.194
щекотание	0.194
мохнатка	0.194
ветрогон	0.194
гусятник	0.194
кружковец	0.194
лимонка	0.194
разводье	0.194
суржик	0.194
коммивояжёр	0.193
патоген	0.193
грейдер	0.193
настурция	0.193
колумбиец	0.193
страховщик	0.193
вселение	0.193
мурена	0.193
экспроприация	0.193
рафинад	0.193
сайгак	0.193
взгорок	0.193
говорок	0.193
горушка	0.193
сандалета	0.193
крутость	0.192
подстрекательство	0.192
симулятор	0.192
предвзятость	0.192
гомосексуализм	0.192
землевладелец	0.192
стыковка	0.192
текстура	0.192
филантроп	0.192
плат	0.192
катерок	0.192
борок	0.191
воронёнок	0.191
корытце	0.191
рубчик	0.191
фелюга	0.191
чавкание	0.191
конфедерат	0.191
виноградарь	0.191
ворог	0.191
колтун	0.191
обвод	0.191
шканцы	0.191
ковка	0.191
вилочка	0.191
перекос	0.191
фря	0.191
гипотермия	0.191
доставщик	0.191
недоносок	0.191
спаривание	0.191
томограмма	0.191
фуга	0.191
кипяточек	0.191
мзда	0.191
топограф	0.191
ворожба	0.191
гувернёр	0.191
судилище	0.191
флибустьер	0.191
аккуратист	0.191
тактик	0.191
валериана	0.191
антрополог	0.190
лактоза	0.190
плагиат	0.190
техподдержка	0.190
хипстер	0.190
копёр	0.190
попадья	0.190
тропочка	0.190
категоричность	0.190
абрек	0.190
антиматерия	0.190
бакалавр	0.190
госслужащий	0.190
интубация	0.190
мармеладка	0.190
радиология	0.190
ситком	0.190
стрингер	0.190
франшиза	0.190
кукование	0.190
палестинка	0.190
поселянин	0.190
пульман	0.190
анестезиолог	0.189
розмарин	0.189
свинг	0.189
софт	0.189
деловитость	0.189
казанок	0.189
клотик	0.189
ненец	0.189
перильце	0.189
портфельчик	0.189
медсанбат	0.189
ракита	0.189
литейная	0.189
номинант	0.189
привыкание	0.189
впадение	0.189
люпин	0.189
солёность	0.189
безалаберность	0.189
кофр	0.189
автосалон	0.188
албанец	0.188
злотый	0.188
неподчинение	0.188
бахила	0.188
беретик	0.188
семиклассница	0.188
трёхтонка	0.188
черкеска	0.188
аббревиатура	0.188
грудина	0.188
ясновидец	0.188
арап	0.188
скотник	0.188
контральто	0.187
расслабленность	0.187
имбирь	0.187
твин	0.187
ультрафиолет	0.187
заморозка	0.187
аркадия	0.187
крючочек	0.187
моцион	0.187
волокуша	0.187
горлач	0.187
звездолётчик	0.187
махаон	0.187
нахимовец	0.187
полуулыбка	0.187
рангоут	0.187
чертёжник	0.187
атропин	0.187
донг	0.187
неуплата	0.187
позитив	0.187
эмболия	0.187
бриль	0.187
молчаливость	0.186
гобой	0.186
парс	0.186
зипун	0.186
кнутовище	0.186
пильщик	0.186
рублёвка	0.186
тополёк	0.186
кираса	0.186
лохмы	0.186
резеда	0.186
фокстерьер	0.186
чечен	0.186
сип	0.186
вакцинация	0.186
дежа	0.186
кальян	0.186
несварение	0.186
жабо	0.186
ерундовина	0.186
оброк	0.186
тулья	0.186
кулончик	0.186
пищаль	0.186
аннулирование	0.185
бабуин	0.185
волчанка	0.185
нитрат	0.185
рогоносец	0.185
трудоустройство	0.185
эротика	0.185
пропой	0.185
ичиг	0.185
морошка	0.185
низинка	0.185
анимация	0.185
бокальчик	0.185
нестабильность	0.185
сепсис	0.185
моногамия	0.185
протоиерей	0.185
спецкор	0.185
иудаизм	0.184
наложение	0.184
рингтон	0.184
сигнатура	0.184
социология	0.184
триместр	0.184
тромбоцит	0.184
косуха	0.184
отповедь	0.184
пятиклассница	0.184
эполет	0.184
злобность	0.184
бурление	0.184
певунья	0.184
фрамуга	0.184
каратэ	0.184
аудит	0.184
интернатура	0.184
обморожение	0.184
хинди	0.184
жерлица	0.184
заток	0.184
кедрач	0.184
коновязь	0.184
речник	0.184
рублик	0.184
рябинка	0.184
смычка	0.184
проветривание	0.184
воинственность	0.184
авиапочта	0.183
безвыходность	0.183
грузоподъёмность	0.183
дундук	0.183
наслоение	0.183
черкес	0.183
мимикрия	0.183
базука	0.183
квота	0.183
кебаб	0.183
кукловод	0.183
мантикора	0.183
мусоровоз	0.183
чеддер	0.183
фаянс	0.183
зык	0.183
дьячок	0.183
жатка	0.183
нахлобучка	0.183
рабфак	0.183
рында	0.183
самосад	0.183
стерженёк	0.183
стожар	0.183
суховей	0.183
электросварка	0.183
юкола	0.183
девятиклассница	0.183
молочай	0.183
коала	0.182
прелюбодеяние	0.182
рестлинг	0.182
вертолётчик	0.182
годочек	0.182
книксен	0.182
землячка	0.182
нейрохирургия	0.182
ординатура	0.182
переизбрание	0.182
феминизм	0.182
финалист	0.182
белоус	0.181
буерак	0.181
поскрипывание	0.181
телятница	0.181
уралец	0.181
фрезеровщик	0.181
деформация	0.181
крупье	0.181
стоик	0.181
хорват	0.181
центурион	0.181
взаимовыручка	0.181
ультрамарин	0.181
дерматолог	0.181
миграция	0.181
недержание	0.181
стенограмма	0.181
техобслуживание	0.181
былина	0.180
донец	0.180
избёнка	0.180
кашевар	0.180
погорелец	0.180
савраска	0.180
саженка	0.180
узкоколейка	0.180
цилиндрик	0.180
шерстинка	0.180
силь	0.180
мантра	0.180
предоплата	0.180
самовыражение	0.180
богомолка	0.180
лафа	0.180
медяшка	0.180
мигание	0.180
непонятность	0.180
позитрон	0.180
поклёвка	0.180
покус	0.180
порося	0.180
ружьишко	0.180
скандалистка	0.180
флокс	0.180
черемша	0.180
молодь	0.180
тура	0.179
отребье	0.179
сомнамбула	0.179
гирокомпас	0.179
звероферма	0.179
зыбка	0.179
краюшка	0.179
кубанка	0.179
кузовок	0.179
рашпиль	0.179
самоходка	0.179
табачник	0.179
царизм	0.179
штришок	0.179
ралли	0.179
букля	0.179
гремлин	0.178
пацифист	0.178
суррогат	0.178
камелёк	0.178
гнедко	0.178
леток	0.178
линёк	0.178
нанаец	0.178
постромка	0.178
сурепка	0.178
щепоть	0.178
ингибитор	0.178
плацебо	0.178
фиксатор	0.178
чарт	0.178
безденежье	0.178
волейболист	0.178
дрок	0.178
методистка	0.178
поработитель	0.178
похожесть	0.178
сталагмит	0.178
шестиугольник	0.178
сентенция	0.178
зайчатина	0.178
светомаскировка	0.178
хлябь	0.178
хотение	0.178
шкворень	0.178
неправильность	0.178
окантовка	0.177
порошочек	0.177
селекционер	0.177
хлебозавод	0.177
аудитор	0.177
гейм	0.177
подагра	0.177
расщепление	0.177
шарлот	0.177
дышло	0.177
оторопь	0.177
бадейка	0.177
гуашь	0.177
зимовщик	0.177
облучок	0.177
свёрточек	0.177
хохлатка	0.177
чайхана	0.177
эвенк	0.177
взяточничество	0.177
откат	0.177
замочка	0.176
анаграмма	0.176
исповедница	0.176
оккультизм	0.176
мазка	0.176
тарань	0.176
пропись	0.176
кули	0.176
стапель	0.176
абсцесс	0.176
гламур	0.176
массажист	0.176
пересмешник	0.176
стрихнин	0.176
толерантность	0.176
шипучка	0.176
антимир	0.176
булат	0.176
кнехт	0.176
ламут	0.176
опорок	0.176
осокорь	0.176
подсека	0.176
сапожище	0.176
морось	0.175
цветовод	0.175
абсент	0.175
аэробика	0.175
кардиган	0.175
лицемерка	0.175
талмуд	0.175
естествоиспытатель	0.175
булавочка	0.175
арифмометр	0.175
инспекторша	0.175
маловер	0.175
подёнка	0.175
маркировка	0.175
спецоперация	0.175
физиотерапевт	0.175
бисеринка	0.174
боярыня	0.174
дровяник	0.174
изюбр	0.174
лопушок	0.174
полукольцо	0.174
полукружие	0.174
толокно	0.174
алебастр	0.174
радиоизлучение	0.174
сказуемое	0.174
урожайность	0.174
трибун	0.174
накипь	0.174
детонация	0.174
понюшка	0.174
колбасник	0.174
честолюбец	0.174
земляничка	0.174
порученец	0.174
формалист	0.174
клавиш	0.174
дрожки	0.173
интеграция	0.173
манускрипт	0.173
валка	0.173
мамона	0.173
архар	0.173
ехидца	0.173
кабарга	0.173
колчаковец	0.173
курай	0.173
фискал	0.173
подвод	0.173
бесправие	0.173
конгломерат	0.173
кулер	0.173
бустер	0.172
гидрант	0.172
дежавю	0.172
медиатор	0.172
телекинез	0.172
халифат	0.172
шерп	0.172
электролит	0.172
горлопан	0.172
дырища	0.172
икебана	0.172
инкрустация	0.172
кирасир	0.172
нарастание	0.172
опрятность	0.172
поджарка	0.172
пророчица	0.172
середняк	0.172
чернозём	0.172
актиний	0.172
безлюдье	0.172
валуй	0.172
вогул	0.172
елец	0.172
каптёрка	0.172
кругляк	0.172
неслух	0.172
ольшаник	0.172
пожня	0.172
полубак	0.172
распутица	0.172
самоварчик	0.172
шанежка	0.172
шкалик	0.172
шпиончик	0.172
эвенка	0.172
антик	0.172
аргус	0.172
дайвинг	0.172
обезглавливание	0.172
очиститель	0.172
костра	0.172
мурлыка	0.172
табунщик	0.172
девиза	0.172
закладная	0.172
давило	0.171
авиабаза	0.171
кассия	0.171
распутница	0.171
дрифтер	0.171
пяточек	0.171
собаководство	0.171
иконостас	0.171
кожурка	0.171
олифа	0.171
повилика	0.171
подвывание	0.171
приказный	0.171
разнотравье	0.171
импотенция	0.171
промоутер	0.171
пэр	0.171
тусовщик	0.171
ненужность	0.171
непохожесть	0.171
грандиозность	0.171
ползун	0.171
соленоид	0.171
завидки	0.170
коровушка	0.170
рекреация	0.170
скос	0.170
цукат	0.170
рандеву	0.170
бейджик	0.170
бортпроводница	0.170
закупорка	0.170
расширитель	0.170
роговица	0.170
самоотвод	0.170
эксгумация	0.170
байда	0.170
барьерчик	0.170
графинчик	0.170
гримаска	0.170
корабельщик	0.170
крольчатник	0.170
лесина	0.170
спиртовка	0.170
черноморец	0.170
штейгер	0.170
эмпирей	0.170
ягодник	0.170
кобольд	0.170
копейщик	0.170
матрасик	0.170
пентюх	0.170
треволнение	0.170
аттик	0.169
напалм	0.169
эбен	0.169
юрисконсульт	0.169
непоследовательность	0.169
дива	0.169
сингулярность	0.169
хронология	0.169
аппаратик	0.168
берегиня	0.168
бомбовоз	0.168
варенец	0.168
мироед	0.168
сельмаг	0.168
сенник	0.168
госпитализация	0.168
пончо	0.168
ресепшен	0.168
саморазрушение	0.168
спецподразделение	0.168
баловник	0.168
кругляшок	0.168
кулебяка	0.168
обнова	0.168
публицистика	0.168
телепередатчик	0.168
шлих	0.168
духовная	0.168
приватность	0.168
богема	0.168
конфронтация	0.168
мониторинг	0.168
наполнитель	0.168
нарциссизм	0.168
надлом	0.167
персиянка	0.167
портик	0.167
электродрель	0.167
житница	0.167
исцелитель	0.167
минирование	0.167
папайя	0.167
сигма	0.167
транспортник	0.167
донорство	0.167
балясина	0.167
догадливость	0.167
кедровка	0.167
локомобиль	0.167
ольховник	0.167
пединститут	0.167
поперечина	0.167
речонка	0.167
скрытник	0.167
спардек	0.167
тушканчик	0.167
фугаска	0.167
огонёчек	0.167
разговорчивость	0.167
пузырик	0.167
законодатель	0.167
латекс	0.167
серотонин	0.167
сириец	0.167
глициния	0.166
молоковоз	0.166
наплечник	0.166
начальничек	0.166
прокорм	0.166
тетраэдр	0.166
зуда	0.166
автомагистраль	0.166
контроллер	0.166
транзакция	0.166
транссексуал	0.166
слабительное	0.166
брючина	0.166
голубинка	0.166
дехканин	0.166
кобзарь	0.166
крепостник	0.166
мелколесье	0.166
подрамник	0.166
хитринка	0.166
экслибрис	0.166
артподготовка	0.166
налокотник	0.166
хрипение	0.166
времянка	0.166
бандаж	0.165
буддизм	0.165
каннибализм	0.165
маджонг	0.165
нимфоманка	0.165
пикколо	0.165
высадок	0.165
спряжение	0.165
форсунка	0.165
антисептик	0.165
ассасин	0.165
газетёнка	0.165
фикция	0.165
фисташка	0.165
энергосистема	0.165
белужина	0.165
биссектриса	0.165
ботало	0.165
изразец	0.165
краевед	0.165
лесозавод	0.165
оборвыш	0.165
флигелёк	0.165
хвощ	0.165
барбарис	0.164
биточек	0.164
лысуха	0.164
драфт	0.164
курд	0.164
магистратура	0.164
надбавка	0.164
помадка	0.164
брызгалка	0.164
ветреница	0.164
стопор	0.164
общительность	0.164
доминирование	0.164
разбрызгиватель	0.164
раздевание	0.164
рестлер	0.164
йот	0.163
жалованье	0.163
царедворец	0.163
девчурка	0.163
кастелянша	0.163
лайба	0.163
липовка	0.163
листоед	0.163
молодогвардеец	0.163
паровозник	0.163
пляжик	0.163
приволье	0.163
сплавщик	0.163
генетик	0.163
будущность	0.163
манси	0.163
аперитив	0.163
артишок	0.163
кластер	0.163
локация	0.163
монтажёр	0.163
расторжение	0.163
риторика	0.163
копал	0.163
выпивала	0.163
темнотища	0.163
сиротство	0.162
электрооборудование	0.162
кинофестиваль	0.162
маца	0.162
наследование	0.162
растление	0.162
суперкар	0.162
омег	0.162
водяник	0.162
казачка	0.162
камышинка	0.162
кустарь	0.162
мороженщица	0.162
мотоциклет	0.162
накомарник	0.162
носарь	0.162
парторганизация	0.162
позумент	0.162
приёмщица	0.162
страусёнок	0.162
порубь	0.162
ловелас	0.162
предыстория	0.162
досочка	0.161
загиб	0.161
изувер	0.161
леность	0.161
пойнтер	0.161
пташечка	0.161
растлитель	0.161
сатурация	0.161
барышник	0.161
градина	0.161
мягкотелость	0.161
помещица	0.161
попрёк	0.161
недисциплинированность	0.161
армяк	0.161
калмык	0.161
клёст	0.161
коряжина	0.161
партиец	0.161
первачок	0.161
пешня	0.161
подсумок	0.161
серко	0.161
скатка	0.161
татарка	0.161
хвоинка	0.161
чинар	0.161
бронирование	0.161
иракец	0.161
манипулирование	0.161
обрушение	0.161
паприка	0.161
регги	0.161
суперкомпьютер	0.161
уплотнение	0.161
ванилин	0.161
иллюзион	0.161
хмурость	0.161
лесоповал	0.160
приращение	0.160
спрей	0.160
чирик	0.160
тотем	0.160
авиабилет	0.160
айтишник	0.160
благочестие	0.160
миньон	0.160
басист	0.160
шляпник	0.160
бондарь	0.159
дворницкая	0.159
запальчивость	0.159
кацавейка	0.159
кокошник	0.159
кукан	0.159
перекоп	0.159
позвякивание	0.159
реввоенсовет	0.159
саксаул	0.159
сторублёвка	0.159
шаньга	0.159
бикс	0.159
визуализация	0.159
гепарин	0.159
первосвященник	0.159
провайдер	0.159
шалунья	0.159
мореходка	0.159
сиротинушка	0.159
айван	0.159
декор	0.159
звукооператор	0.159
золовка	0.159
камелия	0.159
канапе	0.159
поножовщина	0.159
тамплиер	0.159
дифтерит	0.159
партбилет	0.159
стрежень	0.159
шишак	0.159
голытьба	0.159
кошелёчек	0.159
плиоцен	0.159
жор	0.158
суглинок	0.158
янычар	0.158
анонс	0.158
должница	0.158
расслабление	0.158
связывание	0.158
бобыль	0.158
богдыхан	0.158
боковушка	0.158
бытовка	0.158
валежина	0.158
коновод	0.158
кулачьё	0.158
лошадник	0.158
лукоморье	0.158
проницаемость	0.158
сивуч	0.158
футлярчик	0.158
хабитус	0.158
хуторок	0.158
шурупчик	0.158
мусс	0.158
аконит	0.158
модернизация	0.158
хлорид	0.158
кастрация	0.158
мученица	0.158
зоркость	0.157
треугольничек	0.157
литий	0.157
клирос	0.157
миролюбие	0.157
циркачка	0.157
аванпост	0.157
бриолин	0.157
идентификатор	0.157
кашемир	0.157
нормальность	0.157
осквернение	0.157
присоединение	0.157
спарринг	0.157
уникальность	0.157
фрилансер	0.157
экзема	0.157
банкетка	0.157
глот	0.157
дубняк	0.157
заводоуправление	0.157
калиточка	0.157
караванщик	0.157
кержак	0.157
крестовина	0.157
мирабилит	0.157
непонятливость	0.157
отчётливость	0.157
посапывание	0.157
самобранка	0.157
сухостой	0.157
хрестоматия	0.157
чебак	0.157
черешок	0.157
швец	0.157
шлейка	0.157
банщик	0.157
горнолыжник	0.157
гулёна	0.157
мадьяр	0.157
недоросток	0.157
блейзер	0.156
мусульманка	0.156
оксид	0.156
онкология	0.156
рекламщик	0.156
комсостав	0.156
триггер	0.156
безбрачие	0.156
дезориентация	0.156
отит	0.156
разнорабочий	0.156
скалолазание	0.156
спецификация	0.156
стерилизация	0.156
холдинг	0.156
энцефалит	0.156
безволие	0.156
брашпиль	0.156
главбух	0.156
кельнер	0.156
киножурнал	0.156
мотыль	0.156
редуктор	0.156
биостанция	0.155
донце	0.155
звяк	0.155
краснопёрка	0.155
неторопливость	0.155
переносье	0.155
седловина	0.155
толмач	0.155
цибуля	0.155
шапчонка	0.155
тройняшка	0.155
хула	0.155
бойлер	0.155
гарсон	0.155
мексиканка	0.155
профессионалка	0.155
фритюр	0.155
эндорфин	0.155
лобан	0.155
ножища	0.155
голосочек	0.155
зачётка	0.155
морилка	0.155
творожок	0.155
шестиклассница	0.155
фотоателье	0.155
асфиксия	0.154
мамбо	0.154
обольщение	0.154
опция	0.154
расчленение	0.154
богомолец	0.154
затхлость	0.154
перловка	0.154
логик	0.154
барабулька	0.154
бетонка	0.154
бочаг	0.154
вершинка	0.154
воркотня	0.154
галечник	0.154
детприёмник	0.154
исправник	0.154
махновец	0.154
перекладинка	0.154
пятисотка	0.154
соболёвка	0.154
телеграфистка	0.154
тесёмочка	0.154
фирман	0.154
формовщик	0.154
холстина	0.154
взволнованность	0.154
ворожея	0.154
культпоход	0.154
людоедство	0.154
наладка	0.154
формализм	0.154
прерогатива	0.154
профайл	0.154
рейв	0.154
электротехник	0.154
хаджи	0.153
лакрица	0.153
мочеиспускание	0.153
погрузчик	0.153
хостел	0.153
эритроцит	0.153
воздухоплавание	0.153
тютя	0.153
литера	0.153
алыча	0.153
атаманша	0.153
гаечка	0.153
гопак	0.153
готовальня	0.153
дратва	0.153
жужелица	0.153
зимник	0.153
колесник	0.153
маёвка	0.153
метельщик	0.153
мотобот	0.153
саламата	0.153
сердитость	0.153
физкультурница	0.153
филёр	0.153
инвестирование	0.153
мигрант	0.153
мокко	0.153
пассия	0.153
резекция	0.153
свёртывание	0.153
тромбоз	0.153
крохобор	0.153
разлёт	0.153
фальшфейер	0.153
суетливость	0.152
флюс	0.152
крабик	0.152
монсеньёр	0.152
наркомания	0.152
педераст	0.152
подвижка	0.152
политикан	0.152
роутер	0.152
слюнка	0.152
функционирование	0.152
баррель	0.152
спальная	0.152
ералаш	0.152
аналитика	0.151
гадючка	0.151
галиот	0.151
домоуправ	0.151
информбюро	0.151
ленинец	0.151
маскхалат	0.151
пенёчек	0.151
подуст	0.151
полузабытьё	0.151
раскоряка	0.151
теснина	0.151
эпиграф	0.151
ястребок	0.151
анфилада	0.151
бурлак	0.151
громыхание	0.151
полоний	0.151
аудиозапись	0.151
гардения	0.151
кодеин	0.151
мандрагора	0.151
цирроз	0.151
колет	0.151
статистик	0.151
одинаковость	0.151
созидатель	0.151
дублёрша	0.151
карда	0.151
маклер	0.151
сван	0.151
стабилизация	0.151
авиабомба	0.150
лычко	0.150
майдан	0.150
мертвецкая	0.150
омёт	0.150
сусек	0.150
расчётливость	0.150
походочка	0.150
дек	0.150
левкой	0.150
декомпрессия	0.150
женоненавистник	0.150
килт	0.150
навал	0.150
совокупление	0.150
болотина	0.150
вольница	0.150
девятиэтажка	0.150
дощаник	0.150
ежонок	0.150
железина	0.150
жетончик	0.150
камча	0.150
каютка	0.150
конопушка	0.150
косыночка	0.150
крин	0.150
купчиха	0.150
ландрин	0.150
лысинка	0.150
медовар	0.150
мосол	0.150
овощехранилище	0.150
перстенёк	0.150
створ	0.150
суетня	0.150
чернилка	0.150
черносотенец	0.150
чумак	0.150
ямина	0.150
газончик	0.150
лорнет	0.150
стеньга	0.150
палея	0.150
анкер	0.149
гипоксия	0.149
идентичность	0.149
консультирование	0.149
конунг	0.149
кореянка	0.149
невменяемость	0.149
перикард	0.149
подпрограмма	0.149
рейдер	0.149
рифф	0.149
робототехника	0.149
шалунишка	0.149
авиаконструктор	0.149
уловитель	0.149
пеня	0.149
запашок	0.149
амброзия	0.149
вхождение	0.149
дивиденд	0.149
номад	0.149
пиарщик	0.149
слот	0.149
трекер	0.149
шафран	0.149
мамба	0.149
кошара	0.149
баранчик	0.149
безмен	0.149
воробьиха	0.149
зазнайство	0.149
кипрей	0.149
орденоносец	0.149
оторочка	0.149
подлещик	0.149
тюха	0.149
фордик	0.149
сома	0.148
заместительница	0.148
кильватер	0.148
помпончик	0.148
провизор	0.148
рваньё	0.148
тройник	0.148
штырёк	0.148
максима	0.148
дьяволица	0.148
заигрывание	0.148
конкурсантка	0.148
похудение	0.148
утончённость	0.148
эсквайр	0.148
дистрибьютор	0.148
мюсли	0.148
политкорректность	0.148
максимализм	0.148
пирожник	0.148
тальк	0.148
антициклон	0.147
сокурсница	0.147
акушерство	0.147
испражнение	0.147
переносчик	0.147
прерывание	0.147
сердцеед	0.147
фиксация	0.147
валидол	0.147
вольноопределяющийся	0.147
дачница	0.147
кизяк	0.147
комкор	0.147
линька	0.147
малица	0.147
плотовщик	0.147
попонка	0.147
саго	0.147
часовенка	0.147
щурёнок	0.147
абстракционист	0.147
бимс	0.147
дубинушка	0.147
краснобай	0.147
лыжница	0.147
мурза	0.147
неуспех	0.147
преферанс	0.147
рукодельница	0.147
сарган	0.147
сеятель	0.147
сомик	0.147
физиолог	0.147
челеста	0.147
гроссбух	0.147
чувственность	0.147
брокколи	0.147
предрасположенность	0.147
котельщик	0.146
удой	0.146
гульден	0.146
диссидент	0.146
индиго	0.146
ирландка	0.146
конфирмация	0.146
креативность	0.146
легат	0.146
переохлаждение	0.146
преподобие	0.146
пуританин	0.146
распутство	0.146
совращение	0.146
йоркшир	0.146
бетонщик	0.146
вперёдсмотрящий	0.146
желтопузик	0.146
костяника	0.146
линеечка	0.146
лозняк	0.146
матросик	0.146
обушок	0.146
папанька	0.146
рогаль	0.146
росянка	0.146
рядно	0.146
сцепщик	0.146
уличка	0.146
хряпа	0.146
анестетик	0.145
болиголов	0.145
ведьмак	0.145
лиф	0.145
режиссура	0.145
сводник	0.145
царапка	0.145
анальгин	0.145
пеночка	0.145
самодержец	0.145
исходящая	0.145
горочка	0.145
коробейник	0.145
налив	0.145
пономарь	0.145
сквалыга	0.145
счисление	0.145
утоп	0.145
скверна	0.145
опал	0.145
антивирус	0.145
антифриз	0.145
видеопрокат	0.145
грубиянка	0.145
домовладелица	0.145
дреды	0.145
измельчитель	0.145
миллилитр	0.145
нагреватель	0.145
непорочность	0.145
повитуха	0.145
присыпка	0.145
див	0.145
авангардист	0.144
бурчание	0.144
ракитник	0.144
битюг	0.144
бремсберг	0.144
гафель	0.144
грушка	0.144
загончик	0.144
капустница	0.144
картушка	0.144
коняга	0.144
муравьишка	0.144
обрывчик	0.144
планшир	0.144
полотёр	0.144
рулончик	0.144
смётка	0.144
стланик	0.144
телушка	0.144
улар	0.144
хлебороб	0.144
штакетина	0.144
воссоздание	0.144
времяпровождение	0.144
джойстик	0.144
дозаправка	0.144
праведность	0.144
соитие	0.144
легализация	0.144
бесплодность	0.144
бортинженер	0.144
выхухоль	0.144
грабительница	0.144
девчоночка	0.144
кляуза	0.144
образок	0.144
содержатель	0.144
вычислитель	0.144
винокур	0.144
комарьё	0.144
лесопосадка	0.144
осьмушка	0.144
разор	0.144
страдалица	0.144
точильщик	0.144
актёрство	0.143
боеготовность	0.143
кускус	0.143
лунатизм	0.143
подкомитет	0.143
продуктивность	0.143
самобичевание	0.143
строчок	0.143
алтаец	0.143
бесовка	0.143
горенка	0.143
загубник	0.143
зюйдвестка	0.143
киноартист	0.143
лязгание	0.143
мурава	0.143
нефтебаза	0.143
окисел	0.143
ордынец	0.143
пелеринка	0.143
пересыпь	0.143
плёночка	0.143
прокопка	0.143
рубероид	0.143
ситро	0.143
скворечня	0.143
смазчик	0.143
татарник	0.143
тетёрка	0.143
тридцатьчетвёрка	0.143
тунгуска	0.143
углежог	0.143
усидчивость	0.143
богачка	0.143
заживление	0.143
инсинуация	0.143
расточительство	0.143
репортёрша	0.143
референдум	0.143
эскалация	0.143
вздутие	0.143
гоготание	0.142
метелица	0.142
миллиметровка	0.142
ножнички	0.142
данность	0.142
бальзамирование	0.142
блокбастер	0.142
ввоз	0.142
климакс	0.142
распутник	0.142
сверхчеловек	0.142
институтка	0.142
разнобой	0.142
ритмика	0.142
теодолит	0.142
чабрец	0.142
баштан	0.141
бессмертник	0.141
голавль	0.141
жемчужница	0.141
лощинка	0.141
мазурик	0.141
медянка	0.141
окалина	0.141
ранетка	0.141
физзарядка	0.141
фольварк	0.141
хлюпание	0.141
хуторянин	0.141
черешенка	0.141
чубик	0.141
игнорирование	0.141
аллергик	0.141
второкурсник	0.141
дебютантка	0.141
исповедник	0.141
католицизм	0.141
компетентность	0.141
кондоминиум	0.141
нард	0.141
натурщица	0.141
невротик	0.141
перезарядка	0.141
раина	0.141
трезвенник	0.141
верблюжонок	0.141
касательство	0.141
бубна	0.141
аэрозоль	0.141
брюзга	0.141
детоксикация	0.141
загул	0.141
коррида	0.141
подпространство	0.141
рекламодатель	0.141
реорганизация	0.141
фарси	0.141
гренка	0.140
допамин	0.140
доработка	0.140
компост	0.140
консорциум	0.140
концепт	0.140
миокард	0.140
наработка	0.140
ортопедия	0.140
полярность	0.140
равиоли	0.140
теология	0.140
тусовщица	0.140
эмфизема	0.140
абхаз	0.140
беретка	0.140
валокордин	0.140
временщик	0.140
дворня	0.140
дождинка	0.140
земснаряд	0.140
капонир	0.140
картоха	0.140
картузик	0.140
космач	0.140
крестовник	0.140
мазепа	0.140
молотьба	0.140
оморочка	0.140
охотка	0.140
парашютик	0.140
пипа	0.140
пищик	0.140
сырт	0.140
таджик	0.140
такание	0.140
террикон	0.140
шинелька	0.140
доброхот	0.140
комбинатор	0.140
тяжеловоз	0.140
чернобурка	0.140
шарабан	0.140
адвокатура	0.139
аранжировка	0.139
внесение	0.139
супружество	0.139
кешью	0.139
мышей	0.139
коллоид	0.139
лерка	0.139
медвежатина	0.139
мучительница	0.139
передержка	0.139
пресвитер	0.139
склочник	0.139
базилик	0.139
антрацит	0.139
автозаправка	0.139
антикоагулянт	0.139
вовлечение	0.139
интим	0.139
кракен	0.139
налогообложение	0.139
наход	0.139
непроходимость	0.139
пневмоторакс	0.139
погашение	0.139
свёртываемость	0.139
спонтанность	0.139
тмин	0.139
тревожность	0.139
фиеста	0.139
азербайджанец	0.138
буланка	0.138
всесилие	0.138
градоначальник	0.138
зеркальщик	0.138
ловчила	0.138
наточка	0.138
рассольник	0.138
рогатинка	0.138
стерлядь	0.138
трельяж	0.138
уклейка	0.138
шпунт	0.138
каберне	0.138
велотренажёр	0.138
дислексия	0.138
имитатор	0.138
исповедальня	0.138
истица	0.138
копир	0.138
логистика	0.138
насыщение	0.138
некроз	0.138
онанизм	0.138
паланкин	0.138
пандемия	0.138
партитура	0.138
суверенитет	0.138
экстра	0.138
энигма	0.137
форсирование	0.137
батог	0.137
колыхание	0.137
мельтешение	0.137
остывание	0.137
подавальщица	0.137
пращур	0.137
ученичество	0.137
фотопластинка	0.137
хаханьки	0.137
хвороба	0.137
коммандос	0.137
бедуин	0.137
блуд	0.137
имплантация	0.137
медперсонал	0.137
праотец	0.137
стирание	0.137
толстосум	0.137
фермерство	0.137
шведка	0.137
щитомордник	0.137
энергоснабжение	0.137
эякуляция	0.137
энтропия	0.137
бурундучок	0.137
ампулка	0.137
артельщик	0.137
вертун	0.137
веялка	0.137
дедуня	0.137
журавель	0.137
завгар	0.137
зерносовхоз	0.137
кляссер	0.137
коврига	0.137
лётка	0.137
мундирчик	0.137
подворотничок	0.137
протопоп	0.137
радиоаппаратура	0.137
таганок	0.137
шлея	0.137
штормтрап	0.137
насмешница	0.137
орлица	0.137
ваучер	0.136
дезинсектор	0.136
еженедельник	0.136
ипохондрик	0.136
кабельщик	0.136
камеристка	0.136
латиноамериканка	0.136
мародёрство	0.136
претор	0.136
преуменьшение	0.136
ретроспектива	0.136
сводничество	0.136
сфинктер	0.136
техосмотр	0.136
течка	0.136
халявщик	0.136
доступность	0.136
эмбарго	0.136
тупей	0.136
гит	0.136
батат	0.136
дедовщина	0.136
медиация	0.136
непредсказуемость	0.136
пробник	0.136
рассадка	0.136
сальмонелла	0.136
бородища	0.136
тихоход	0.136
числитель	0.136
аистёнок	0.135
звездоплавание	0.135
кепчонка	0.135
костровой	0.135
кухлянка	0.135
латник	0.135
озлобление	0.135
офицерик	0.135
плица	0.135
плотичка	0.135
прозелень	0.135
смородинка	0.135
солонец	0.135
марганцовка	0.135
монашенка	0.135
третьеклассница	0.135
акведук	0.135
апперкот	0.135
евгеника	0.135
кайт	0.135
котильон	0.135
облысение	0.135
парадигма	0.135
попса	0.135
телемарафон	0.135
штрудель	0.135
эрцгерцог	0.135
бакшиш	0.135
подносчик	0.135
бросание	0.134
глаукома	0.134
нудист	0.134
пигмент	0.134
кварта	0.134
реципиент	0.134
картридж	0.134
баскетболистка	0.134
коневодство	0.134
мамуся	0.134
спаленка	0.134
чехольчик	0.134
радиостудия	0.134
амвон	0.134
водомерка	0.134
жнейка	0.134
землечерпалка	0.134
зябь	0.134
колосник	0.134
кроншнеп	0.134
куркуль	0.134
литер	0.134
пальтецо	0.134
папахен	0.134
пимокат	0.134
припёка	0.134
самолов	0.134
светёлочка	0.134
суконка	0.134
тойон	0.134
шитик	0.134
ядозуб	0.134
отрезка	0.134
астролябия	0.134
атрофия	0.134
макаронник	0.134
оптимистка	0.134
ретранслятор	0.134
симбиоз	0.134
скупердяй	0.134
субподрядчик	0.134
томограф	0.134
грациозность	0.133
духотища	0.133
заговорщица	0.133
панты	0.133
чемерица	0.133
троллей	0.133
дальтоник	0.133
дрифт	0.133
изменщик	0.133
кардиология	0.133
конкретика	0.133
орс	0.133
послевкусие	0.133
предпринимательство	0.133
распитие	0.133
реалия	0.133
сивер	0.133
смешивание	0.133
умолчание	0.133
фиброз	0.133
чревовещатель	0.133
переоценка	0.133
буровая	0.133
пальмира	0.133
губошлёп	0.133
рисуночек	0.133
страдивариус	0.133
эрзац	0.133
проститут	0.133
вибрион	0.132
портовик	0.132
струг	0.132
бархотка	0.132
батисфера	0.132
варнак	0.132
веничек	0.132
интурист	0.132
ишачок	0.132
коростель	0.132
лубок	0.132
мальва	0.132
обалдение	0.132
перевалка	0.132
плавунец	0.132
плотвичка	0.132
приступок	0.132
прясло	0.132
рогоз	0.132
рулада	0.132
сверхсрочник	0.132
синантроп	0.132
сколопендра	0.132
фурманка	0.132
чалдон	0.132
чертёжница	0.132
империал	0.132
фаллос	0.132
геофизика	0.132
извращенка	0.132
хроник	0.132
апостроф	0.131
диетолог	0.131
дробилка	0.131
кляр	0.131
кодирование	0.131
латук	0.131
лжепророк	0.131
памфлет	0.131
полиэстер	0.131
прожарка	0.131
сангрия	0.131
сноска	0.131
транзит	0.131
трансмиссия	0.131
фильтрация	0.131
целительница	0.131
этанол	0.131
кислотность	0.131
бумажонка	0.131
гарпунёр	0.131
каторжанин	0.131
кофей	0.131
мозгляк	0.131
опалубка	0.131
подобострастие	0.131
подскок	0.131
посвистывание	0.131
рапа	0.131
расхлябанность	0.131
рыдван	0.131
сечка	0.131
румяна	0.131
вольта	0.131
бабуша	0.131
богомаз	0.131
быстрина	0.131
виллан	0.131
галушка	0.131
двоечница	0.131
засольщик	0.131
кавалергард	0.131
канареечка	0.131
кессон	0.131
клокотание	0.131
краковяк	0.131
лицеистка	0.131
многотиражка	0.131
мормыш	0.131
недомыслие	0.131
неровня	0.131
огневик	0.131
омшаник	0.131
паспортистка	0.131
порубка	0.131
прокоп	0.131
пятиминутка	0.131
таратайка	0.131
топляк	0.131
хмарь	0.131
шишига	0.131
штоф	0.131
импресарио	0.131
схожесть	0.131
арак	0.131
надир	0.131
притворщик	0.131
списание	0.131
стартап	0.131
тафта	0.131
уролог	0.131
поленце	0.131
германий	0.130
кирха	0.130
младенчик	0.130
предупредительность	0.130
раскладка	0.130
шорник	0.130
собачонок	0.130
буфы	0.130
варьете	0.130
винодельня	0.130
рассечение	0.130
экранизация	0.130
бальза	0.130
малка	0.129
боржом	0.129
многословие	0.129
авторизация	0.129
аминокислота	0.129
вафельница	0.129
гинекология	0.129
нанотехнология	0.129
обсидиан	0.129
парацетамол	0.129
прапор	0.129
предлежание	0.129
респект	0.129
тремор	0.129
увлажнитель	0.129
фронда	0.129
эрозия	0.129
барынька	0.129
будёновец	0.129
вагонка	0.129
горбуша	0.129
ефимок	0.129
икринка	0.129
кабаниха	0.129
кашне	0.129
комэск	0.129
кулага	0.129
многолюдье	0.129
моргун	0.129
озимь	0.129
пироп	0.129
приготовишка	0.129
пси	0.129
разноголосица	0.129
сенцо	0.129
усмешечка	0.129
штаг	0.129
ярыжка	0.129
здравница	0.129
заправила	0.129
миллиончик	0.129
верчение	0.129
делитель	0.129
описка	0.129
бакалейщик	0.128
гипоталамус	0.128
кавер	0.128
менталитет	0.128
микрофильм	0.128
старшекурсник	0.128
услада	0.128
фьорд	0.128
хартия	0.128
этан	0.128
биде	0.128
гарнитура	0.128
дисциплинированность	0.128
основательность	0.128
проруха	0.128
чучельник	0.128
комполка	0.128
голик	0.128
эндоскопия	0.128
антисемит	0.128
дефис	0.128
киберпространство	0.128
льстец	0.128
опцион	0.128
панацея	0.128
работорговля	0.128
садизм	0.128
сутра	0.128
триангуляция	0.128
уретра	0.128
алтын	0.127
анкерок	0.127
баргузин	0.127
бекеша	0.127
большевичка	0.127
боязливость	0.127
бронекатер	0.127
ветхость	0.127
гидролиз	0.127
грузчица	0.127
жакан	0.127
зодчество	0.127
ихтиозавр	0.127
караулка	0.127
керогаз	0.127
краснодеревщик	0.127
кронверк	0.127
ледянка	0.127
нагель	0.127
парубок	0.127
патрончик	0.127
полупоклон	0.127
понукание	0.127
поставец	0.127
припёк	0.127
приступочка	0.127
самовольство	0.127
серв	0.127
скатёрка	0.127
станочек	0.127
табуреточка	0.127
умывалка	0.127
черняк	0.127
квочка	0.127
приязнь	0.127
рученька	0.127
дитё	0.127
эре	0.127
богохульник	0.127
бунтарка	0.127
водонагреватель	0.127
карабинер	0.127
квадроцикл	0.127
миллисекунда	0.127
мультимиллионер	0.127
мускус	0.127
онанист	0.127
перераспределение	0.127
реагент	0.127
ресивер	0.127
слойка	0.127
форсаж	0.127
зверина	0.126
кинематография	0.126
аммоний	0.126
аниматор	0.126
брюшина	0.126
вдыхание	0.126
закрылок	0.126
кодировка	0.126
коллаборационист	0.126
коллайдер	0.126
лейборист	0.126
надпочечник	0.126
перекрой	0.126
порабощение	0.126
порочность	0.126
самолечение	0.126
саркома	0.126
сопереживание	0.126
тандем	0.126
эст	0.126
аммонал	0.126
берёзовка	0.126
волосёнки	0.126
ворониха	0.126
глухарка	0.126
гривна	0.126
детушки	0.126
журавлёнок	0.126
зябкость	0.126
кинокомедия	0.126
лезгинка	0.126
маслозавод	0.126
медведка	0.126
непогодь	0.126
обитательница	0.126
опричник	0.126
пастушонок	0.126
полумгла	0.126
слоновник	0.126
спевка	0.126
станина	0.126
тенёта	0.126
торбаз	0.126
узелочек	0.126
урман	0.126
ушица	0.126
цуцик	0.126
шрамик	0.126
этнограф	0.126
деляга	0.126
придирчивость	0.126
экстерьер	0.126
автожир	0.125
ангстрем	0.125
швертбот	0.125
брадикардия	0.125
антиген	0.125
биотехнология	0.125
бортпроводник	0.125
детоубийца	0.125
интимность	0.125
кельт	0.125
конкистадор	0.125
конъюнктивит	0.125
космология	0.125
ландо	0.125
левит	0.125
марокканец	0.125
мультипликация	0.125
окарина	0.125
полип	0.125
развратница	0.125
сомелье	0.125
спектрометр	0.125
стажёрка	0.125
тетрарх	0.125
упаковщик	0.125
бильярдист	0.125
хна	0.125
офицерство	0.125
пуховка	0.125
столпник	0.125
нома	0.125
свёртка	0.125
джига	0.125
апартеид	0.125
дедлайн	0.125
деторождение	0.125
джентри	0.125
ламантин	0.125
нейтрино	0.125
обжалование	0.125
открывалка	0.125
подтасовка	0.125
покраснение	0.125
рентгенолог	0.125
скачивание	0.125
трахеотомия	0.125
фавор	0.125
фритюрница	0.125
юзер	0.125
кегель	0.124
тройня	0.124
бактериофаг	0.124
библиотечка	0.124
бочажок	0.124
гранильщик	0.124
гюйс	0.124
дерюжка	0.124
камнерез	0.124
караульщик	0.124
котище	0.124
лесовод	0.124
медичка	0.124
намёт	0.124
общественница	0.124
ордината	0.124
подзеркальник	0.124
поковка	0.124
полевик	0.124
ратник	0.124
реюшка	0.124
рогожка	0.124
сольца	0.124
тючок	0.124
хрипун	0.124
чувяк	0.124
ягель	0.124
афазия	0.124
выборщик	0.124
грог	0.124
доминиканец	0.124
драйвер	0.124
инсайдер	0.124
капиталовложение	0.124
консенсус	0.124
меренга	0.124
полубог	0.124
придание	0.124
публичность	0.124
символизм	0.124
соблазнитель	0.124
соискатель	0.124
сосуществование	0.124
сужение	0.124
таймаут	0.124
пирамидон	0.124
самум	0.124
радужная	0.124
стволовой	0.123
попурри	0.123
бесстыдство	0.123
инсектицид	0.123
каллиграфия	0.123
консалтинг	0.123
контрмера	0.123
нацистка	0.123
неустойка	0.123
офтальмолог	0.123
охладитель	0.123
пантеон	0.123
ринк	0.123
спринт	0.123
хайвей	0.123
электорат	0.123
белянка	0.123
залегание	0.123
каптенармус	0.123
кинескоп	0.123
мракобесие	0.123
пилорама	0.123
пузырёчек	0.123
хорда	0.123
треф	0.123
упёк	0.123
брика	0.123
баульчик	0.122
будяк	0.122
вишняк	0.122
гаер	0.122
извив	0.122
каюр	0.122
коловорот	0.122
колодина	0.122
кошёвка	0.122
кутёнок	0.122
лабазник	0.122
латинист	0.122
мантисса	0.122
массовик	0.122
метёлочка	0.122
мечтательность	0.122
недогадливость	0.122
обдирка	0.122
оспинка	0.122
поветь	0.122
следок	0.122
сыпняк	0.122
электробур	0.122
ассимиляция	0.122
бельведер	0.122
дуче	0.122
душеприказчик	0.122
изысканность	0.122
контент	0.122
меморандум	0.122
олимпиец	0.122
политология	0.122
поправочка	0.122
рант	0.122
расслоение	0.122
реформатор	0.122
семантика	0.122
синапс	0.122
синод	0.122
суфражистка	0.122
шоумен	0.122
творило	0.122
певун	0.122
победоносец	0.122
речитатив	0.122
кетч	0.122
вытрезвитель	0.121
дознаватель	0.121
интоксикация	0.121
некромант	0.121
пороховница	0.121
разъём	0.121
стереосистема	0.121
турагентство	0.121
цианоз	0.121
базилика	0.121
аманат	0.121
архиерей	0.121
базарчик	0.121
бакштаг	0.121
батрачонок	0.121
брусничник	0.121
говоруха	0.121
гончак	0.121
днёвка	0.121
звонница	0.121
капитанша	0.121
комбикорм	0.121
котельник	0.121
лабардан	0.121
нактоуз	0.121
недоимка	0.121
омуль	0.121
пегашка	0.121
пескарик	0.121
пиджачишко	0.121
поречье	0.121
сальце	0.121
скобочка	0.121
табунок	0.121
таганка	0.121
чинара	0.121
чурочка	0.121
чухна	0.121
штабист	0.121
шубёнка	0.121
щербинка	0.121
авгур	0.121
альтруизм	0.121
второкурсница	0.121
кастелян	0.121
кориандр	0.121
марсоход	0.121
нервотрёпка	0.121
реалистка	0.121
сегрегация	0.121
спандекс	0.121
сюрреализм	0.121
финалистка	0.121
эмпатия	0.121
эпсилон	0.121
эмоциональность	0.121
акселерация	0.121
блямба	0.121
куманёк	0.121
кегля	0.120
разнарядка	0.120
святитель	0.120
улита	0.120
слизистая	0.120
странствование	0.120
британка	0.120
выдел	0.120
жонглирование	0.120
калибровка	0.120
квазар	0.120
кондиционирование	0.120
короткометражка	0.120
креститель	0.120
криминология	0.120
ментол	0.120
педофилия	0.120
планировщик	0.120
посредничество	0.120
прикус	0.120
ревнивец	0.120
ридер	0.120
самосовершенствование	0.120
санскрит	0.120
фармацевтика	0.120
хиджаб	0.120
цирконий	0.120
шейкер	0.120
анчар	0.119
барщина	0.119
весовщик	0.119
вставочка	0.119
газырь	0.119
динамка	0.119
зуботычина	0.119
идолище	0.119
избач	0.119
кавун	0.119
колодник	0.119
костёрчик	0.119
крупник	0.119
останец	0.119
пеструха	0.119
поварня	0.119
полупальто	0.119
пшёнка	0.119
свечечка	0.119
свиристель	0.119
серпик	0.119
сиверко	0.119
сигналист	0.119
чаинка	0.119
черпалка	0.119
чертёжик	0.119
штадив	0.119
электромонтёр	0.119
ябедник	0.119
бойлерная	0.119
вокалистка	0.119
выборка	0.119
гарант	0.119
загород	0.119
кегельбан	0.119
отгрузка	0.119
рекрутер	0.119
релаксация	0.119
стрептококк	0.119
упокоение	0.119
чествование	0.119
зайчиха	0.118
официальность	0.118
антисемитизм	0.118
бензол	0.118
беспристрастность	0.118
измеритель	0.118
интервьюер	0.118
клоака	0.118
комплектация	0.118
криз	0.118
маржа	0.118
микадо	0.118
осязание	0.118
отображение	0.118
паркинг	0.118
пекан	0.118
ризница	0.118
рюмашка	0.118
цареубийца	0.118
подмен	0.118
обмылок	0.118
портретик	0.118
каперс	0.118
мнительность	0.118
кут	0.117
агорафобия	0.117
гандбол	0.117
диоксид	0.117
консистенция	0.117
мозжечок	0.117
начёт	0.117
освидетельствование	0.117
поборник	0.117
предсердие	0.117
простолюдинка	0.117
пустозвон	0.117
розетта	0.117
супервайзер	0.117
фолликул	0.117
фоска	0.117
хорей	0.117
астроботаника	0.117
бердан	0.117
березник	0.117
волгарь	0.117
гостинчик	0.117
долблёнка	0.117
завязочка	0.117
зоотехника	0.117
ихтиолог	0.117
корюшка	0.117
кошева	0.117
кремешок	0.117
махра	0.117
несуразность	0.117
полцены	0.117
пристяжная	0.117
радиолампа	0.117
радиоустановка	0.117
рейсфедер	0.117
самозабвение	0.117
свинарка	0.117
смолка	0.117
сопель	0.117
степенность	0.117
тюковка	0.117
увар	0.117
утятина	0.117
учительша	0.117
ушан	0.117
фиорд	0.117
фофан	0.117
церковка	0.117
чумичка	0.117
шматок	0.117
шпенёк	0.117
вкусность	0.117
гидравлика	0.117
мечник	0.117
напой	0.117
иды	0.117
серна	0.117
потливость	0.117
автостопщик	0.117
геккон	0.117
генофонд	0.117
горгулья	0.117
дайджест	0.117
заселение	0.117
засор	0.117
конгрегация	0.117
консервант	0.117
перезапуск	0.117
подкаблучник	0.117
попечительство	0.117
прошивка	0.117
реформация	0.117
рецессия	0.117
сурьма	0.117
техно	0.117
палаццо	0.117
морель	0.116
недоверчивость	0.116
сказочность	0.116
ерундистика	0.116
засолка	0.116
истязатель	0.116
калинка	0.116
канонерка	0.116
лесосека	0.116
ниппель	0.116
плясунья	0.116
регистраторша	0.116
перетягивание	0.116
благость	0.116
блонда	0.116
аккредитация	0.116
битник	0.116
бразда	0.116
виг	0.116
вотум	0.116
гиппокамп	0.116
гранула	0.116
дозатор	0.116
зарабатывание	0.116
ишемия	0.116
панкреатит	0.116
перепланировка	0.116
пипка	0.116
сантим	0.116
стипендиат	0.116
тепловизор	0.116
триппер	0.116
хунта	0.116
шиит	0.116
импульсивность	0.116
акын	0.115
аналой	0.115
архаровец	0.115
брелочек	0.115
верещание	0.115
взвизг	0.115
винтовочка	0.115
водник	0.115
воробьишка	0.115
вражина	0.115
грачонок	0.115
гривка	0.115
клепальщик	0.115
колодочка	0.115
конюшенный	0.115
коровёнка	0.115
леггорн	0.115
ледяшка	0.115
лекальщик	0.115
ломовик	0.115
лунит	0.115
метростроевец	0.115
передвижка	0.115
пикировщик	0.115
планочка	0.115
растеряха	0.115
роздых	0.115
свинчатка	0.115
силомер	0.115
трепанг	0.115
упитанность	0.115
хлыстик	0.115
чересседельник	0.115
шалбер	0.115
ядрышко	0.115
простейшее	0.115
изморось	0.115
капитул	0.115
лебёдушка	0.115
реостат	0.115
воздаяние	0.115
синюшность	0.115
белладонна	0.115
блокатор	0.115
вертеп	0.115
замес	0.115
маразматик	0.115
неон	0.115
отбеливание	0.115
пеньюар	0.115
произнесение	0.115
рамадан	0.115
ресторатор	0.115
ростовщичество	0.115
тимьян	0.115
токсичность	0.115
французик	0.115
эндокардит	0.115
кьянти	0.115
органика	0.115
арифметик	0.114
заусеница	0.114
кочет	0.114
раскрасавица	0.114
тамариск	0.114
преткновение	0.114
выслеживание	0.114
гермафродит	0.114
гляделка	0.114
дудочник	0.114
закись	0.114
импортёр	0.114
калифат	0.114
кета	0.114
кикбоксинг	0.114
лимерик	0.114
ментор	0.114
моторика	0.114
пачули	0.114
перфорация	0.114
перформанс	0.114
просрочка	0.114
самоанализ	0.114
соблазнительница	0.114
стимулирование	0.114
троянец	0.114
хост	0.114
цензор	0.114
эдельвейс	0.114
экспансия	0.114
эпилептик	0.114
эфа	0.114
кил	0.114
унылость	0.114
делопроизводитель	0.114
суппорт	0.114
божница	0.114
виньетка	0.114
газгольдер	0.114
гомункулус	0.114
горянка	0.114
громадность	0.114
гульба	0.114
запятки	0.114
затёс	0.114
камчадал	0.114
кислица	0.114
кукушонок	0.114
ладанка	0.114
лизоцим	0.114
лоточник	0.114
маманька	0.114
меринок	0.114
насмешливость	0.114
оледенение	0.114
отава	0.114
охотовед	0.114
ошеломление	0.114
павильончик	0.114
парашютистка	0.114
полесье	0.114
полушка	0.114
посадский	0.114
пощелкивание	0.114
прессовщик	0.114
прогал	0.114
раскулачивание	0.114
салоп	0.114
самбист	0.114
скрещение	0.114
спиртонос	0.114
стеарин	0.114
теневик	0.114
тугай	0.114
умывальная	0.114
шкурник	0.114
шталмейстер	0.114
эвакопункт	0.114
ячея	0.114
гук	0.114
семинарий	0.113
ботаничка	0.113
адюльтер	0.113
акроним	0.113
видеочат	0.113
волочение	0.113
выпивоха	0.113
иллюстратор	0.113
инсталляция	0.113
капилляр	0.113
компрессия	0.113
котировка	0.113
крез	0.113
кровопускание	0.113
мускат	0.113
налоговик	0.113
папство	0.113
перерасход	0.113
потенция	0.113
пышечка	0.113
разрушительница	0.113
резник	0.113
театральность	0.113
термодинамика	0.113
трепанация	0.113
целибат	0.113
чресла	0.113
галлий	0.113
манта	0.113
наружное	0.113
окорка	0.113
акупунктура	0.112
заклание	0.112
заявитель	0.112
исходник	0.112
католичество	0.112
кворум	0.112
кунжут	0.112
левитация	0.112
мегатонна	0.112
органайзер	0.112
остеопороз	0.112
пересуд	0.112
телевикторина	0.112
шотландка	0.112
жиро	0.112
радиоточка	0.112
бездеятельность	0.112
закрепитель	0.112
кинобудка	0.112
слизень	0.112
гну	0.112
барчонок	0.112
брандвахта	0.112
виварий	0.112
волжанин	0.112
выручалочка	0.112
геликон	0.112
гуленька	0.112
дефектоскоп	0.112
дроздиха	0.112
дуплянка	0.112
жерех	0.112
завалина	0.112
заказчица	0.112
заочник	0.112
иеромонах	0.112
казённик	0.112
кичка	0.112
кобчик	0.112
кудель	0.112
купчина	0.112
оляпка	0.112
пеленгация	0.112
письмоносец	0.112
погромщик	0.112
подгорье	0.112
полусумрак	0.112
присловье	0.112
редколесье	0.112
самописка	0.112
санбат	0.112
сапка	0.112
сковородник	0.112
сочень	0.112
спекулянтка	0.112
удэхеец	0.112
чернец	0.112
шпат	0.112
саше	0.112
железко	0.112
безнравственность	0.111
буцефал	0.111
вечерник	0.111
видеоролик	0.111
вульгарность	0.111
дебош	0.111
китч	0.111
констатация	0.111
костоправ	0.111
наставничество	0.111
обожатель	0.111
огранка	0.111
фундаменталист	0.111
хорист	0.111
эпителий	0.111
дальномер	0.111
хрящик	0.111
фанг	0.111
акустик	0.111
шале	0.111
божественность	0.111
аудиокнига	0.111
благопристойность	0.111
дисквалификация	0.111
заправщик	0.111
иглоукалывание	0.111
курец	0.111
междусобойчик	0.111
ослица	0.111
переподготовка	0.111
резервист	0.111
текучка	0.111
трубадур	0.111
удлинитель	0.111
халтурка	0.111
ягнёночек	0.111
гемофилия	0.111
позирование	0.111
помета	0.111
чрезвычайность	0.110
миномётчик	0.110
незыблемость	0.110
несознательность	0.110
солидол	0.110
абсолютность	0.110
анероид	0.110
батрачка	0.110
ботник	0.110
валерьяна	0.110
дольмен	0.110
дуранда	0.110
дымокур	0.110
завязь	0.110
задорина	0.110
кабельтов	0.110
катыш	0.110
кочевье	0.110
култышка	0.110
монисто	0.110
необычайность	0.110
облепиха	0.110
пелерина	0.110
плановик	0.110
планчик	0.110
плешина	0.110
плюшкин	0.110
подвоз	0.110
подсобник	0.110
прыгалка	0.110
развёрстка	0.110
раковинка	0.110
рационализатор	0.110
рысёнок	0.110
ситник	0.110
скрипун	0.110
сменщица	0.110
снежник	0.110
снопик	0.110
сотский	0.110
стихотворец	0.110
торпедоносец	0.110
тушкан	0.110
фордевинд	0.110
анамнез	0.110
воспроизводство	0.110
глицерин	0.110
дурачество	0.110
инжектор	0.110
кричалка	0.110
лепрозорий	0.110
марафонец	0.110
модулятор	0.110
оникс	0.110
поминовение	0.110
провидица	0.110
тапиока	0.110
фенхель	0.110
шербет	0.110
позёрство	0.110
пирожочек	0.110
бонна	0.109
розарий	0.109
голован	0.109
шпор	0.109
низка	0.109
корифей	0.109
кручина	0.109
хоругвь	0.109
электролиния	0.109
маори	0.109
солитер	0.109
эмансипация	0.109
богословие	0.109
вменяемость	0.109
выгул	0.109
замораживание	0.109
избегание	0.109
канадка	0.109
канкан	0.109
концертмейстер	0.109
направленность	0.109
океанариум	0.109
постскриптум	0.109
приостановка	0.109
прихватка	0.109
радиочастота	0.109
разжигание	0.109
разлучница	0.109
фетишист	0.109
филиппинец	0.109
эвен	0.109
подбора	0.108
колит	0.108
чий	0.108
полутень	0.108
шплинт	0.108
антимония	0.108
башкир	0.108
важенка	0.108
вентерь	0.108
ветродвигатель	0.108
вятка	0.108
главнокомандование	0.108
голубица	0.108
грустинка	0.108
дереза	0.108
дошкольница	0.108
дубовик	0.108
жилочка	0.108
казёнка	0.108
камлание	0.108
камса	0.108
квасник	0.108
клушка	0.108
книжища	0.108
колчедан	0.108
компостер	0.108
кофий	0.108
кресало	0.108
курзал	0.108
левада	0.108
лестничка	0.108
литературовед	0.108
мамелюк	0.108
моделист	0.108
моржиха	0.108
мураш	0.108
нанос	0.108
обезьянщик	0.108
оверштаг	0.108
околоток	0.108
опояска	0.108
палестра	0.108
подсачок	0.108
поскотина	0.108
пустошка	0.108
равелин	0.108
рыбозавод	0.108
сильфида	0.108
сопромат	0.108
тифон	0.108
филёнка	0.108
формовка	0.108
чарочка	0.108
чернавушка	0.108
шерхебель	0.108
щучка	0.108
этнография	0.108
яхточка	0.108
безупречность	0.108
потоотделение	0.108
спринцовка	0.108
адепт	0.108
балабол	0.108
бозон	0.108
бутоньерка	0.108
видеоклип	0.108
глотание	0.108
дерматит	0.108
карбонат	0.108
маркетолог	0.108
модуляция	0.108
отцепка	0.108
похудание	0.108
провинциалка	0.108
проректор	0.108
разводка	0.108
ренегат	0.108
сверка	0.108
снобизм	0.108
спонсорство	0.108
трапп	0.108
экспрессия	0.108
глобализация	0.108
низок	0.108
трефа	0.107
дьявольщина	0.107
завершённость	0.107
активатор	0.107
алжирец	0.107
вамп	0.107
видеоконференция	0.107
гипермаркет	0.107
джоуль	0.107
зонирование	0.107
изменница	0.107
камамбер	0.107
ковач	0.107
контрактник	0.107
космолог	0.107
несоблюдение	0.107
почитание	0.107
преемница	0.107
распор	0.107
умеренность	0.107
фундук	0.107
кровосмешение	0.107
плие	0.107
уединённость	0.107
селен	0.107
диорама	0.107
зазывала	0.106
гликоген	0.106
заказник	0.106
закройщик	0.106
феодализм	0.106
замещение	0.106
наращивание	0.106
опережение	0.106
полумера	0.106
шестнадцатилетие	0.106
автобан	0.106
дофамин	0.106
евангелист	0.106
защищённость	0.106
искариот	0.106
крипта	0.106
начин	0.106
обнародование	0.106
петит	0.106
придел	0.106
психопатия	0.106
сколиоз	0.106
субкультура	0.106
тун	0.106
фальсификатор	0.106
антиоксидант	0.106
менестрель	0.106
плоскостопие	0.106
альпеншток	0.106
басурман	0.106
брюквина	0.106
видеотелефон	0.106
вишенник	0.106
геоморфолог	0.106
гонобобель	0.106
гюрза	0.106
депутация	0.106
закругление	0.106
землепашец	0.106
квакуша	0.106
кистень	0.106
китобоец	0.106
клацание	0.106
косец	0.106
крапина	0.106
мга	0.106
монголка	0.106
нивх	0.106
обутка	0.106
перочистка	0.106
планерист	0.106
плацкарта	0.106
площадочка	0.106
подслушник	0.106
подьячий	0.106
полевод	0.106
похрапывание	0.106
проулочек	0.106
пудик	0.106
путница	0.106
пятистенка	0.106
ротозейство	0.106
ружьецо	0.106
светлица	0.106
сердолик	0.106
сердчишко	0.106
скворчонок	0.106
славянка	0.106
суслон	0.106
угловатость	0.106
фалда	0.106
фиксаж	0.106
флеш	0.106
сокамерница	0.106
бесхозяйственность	0.106
горжетка	0.106
дромадер	0.106
лекторий	0.106
нерасторопность	0.106
параллелепипед	0.106
косок	0.106
реликт	0.106
катар	0.105
барий	0.105
бутан	0.105
восприимчивость	0.105
гаваец	0.105
залёт	0.105
косоглазие	0.105
мораторий	0.105
нацизм	0.105
недееспособность	0.105
промилле	0.105
ребрендинг	0.105
самореклама	0.105
скрещивание	0.105
стульчак	0.105
токсиколог	0.105
уплотнитель	0.105
эскудо	0.105
нейтрализация	0.105
пикантность	0.105
преемственность	0.105
самоотдача	0.105
прибывание	0.104
грамматик	0.104
подлива	0.104
агностик	0.104
блокиратор	0.104
бэр	0.104
видеоматериал	0.104
всасывание	0.104
глажка	0.104
дешифровка	0.104
дож	0.104
дотация	0.104
киноман	0.104
когорта	0.104
мелочность	0.104
моралист	0.104
мотокросс	0.104
нейтрализатор	0.104
новозеландец	0.104
пельмешек	0.104
первопричина	0.104
разрезание	0.104
рациональность	0.104
скандинав	0.104
тампонада	0.104
травматолог	0.104
фавн	0.104
фибра	0.104
фрайер	0.104
хоррор	0.104
эфенди	0.104
видеосъёмка	0.104
восхваление	0.104
подведение	0.104
успешность	0.104
сатир	0.104
абхазец	0.104
агитпункт	0.104
балансир	0.104
бескормица	0.104
браслетка	0.104
ветврач	0.104
водолив	0.104
выветривание	0.104
глум	0.104
греча	0.104
деньжонки	0.104
дисциплинка	0.104
дубец	0.104
ежиха	0.104
живица	0.104
жупан	0.104
заозерье	0.104
кладовушка	0.104
козуля	0.104
корчага	0.104
кривда	0.104
кузнечиха	0.104
курсистка	0.104
лихтер	0.104
маклак	0.104
месячишко	0.104
мичманка	0.104
норочка	0.104
оброть	0.104
паркетина	0.104
пейзажик	0.104
перелаз	0.104
подносик	0.104
покладистость	0.104
посадница	0.104
потьма	0.104
прасол	0.104
приварок	0.104
прыгучесть	0.104
пятиалтынный	0.104
ревтрибунал	0.104
рудознатец	0.104
рябок	0.104
сайга	0.104
самочка	0.104
свайка	0.104
сетование	0.104
скребница	0.104
старшенький	0.104
таёжница	0.104
улус	0.104
фаустпатрон	0.104
фуганок	0.104
фуражечка	0.104
хмелёк	0.104
чудачок	0.104
шенкель	0.104
квадратура	0.104
сабелька	0.104
транжир	0.103
штейн	0.103
кюри	0.103
автогонки	0.103
ангелок	0.103
атеистка	0.103
девайс	0.103
дифференциал	0.103
дроссель	0.103
кальвадос	0.103
кинематографист	0.103
матрона	0.103
монорельс	0.103
непостоянство	0.103
оксюморон	0.103
ополаскиватель	0.103
плеяда	0.103
плодовитость	0.103
полигамия	0.103
пошив	0.103
приватизация	0.103
родительство	0.103
сагиб	0.103
сбрасывание	0.103
ситар	0.103
сшиватель	0.103
фруктоза	0.103
функциональность	0.103
жизнеспособность	0.103
китобой	0.103
мистерия	0.103
нищеброд	0.103
голубёнок	0.103
амбра	0.103
аргументация	0.102
астматик	0.102
бриллиантик	0.102
винодел	0.102
воитель	0.102
дырокол	0.102
жертвенность	0.102
квартиросъёмщик	0.102
коллеж	0.102
ликвидатор	0.102
лоббирование	0.102
материализация	0.102
отток	0.102
пилон	0.102
подголовник	0.102
прелюбодей	0.102
профориентация	0.102
рентгенология	0.102
роялист	0.102
самопознание	0.102
социум	0.102
стёб	0.102
субаренда	0.102
фармакология	0.102
чача	0.102
чемпионство	0.102
шпатель	0.102
электропитание	0.102
методология	0.102
обезболивание	0.102
регрессия	0.102
скарабей	0.102
баккара	0.102
автокран	0.102
афишка	0.102
бешмет	0.102
бирочка	0.102
борщевик	0.102
братушка	0.102
бударка	0.102
выползок	0.102
гидрограф	0.102
десятирублёвка	0.102
домовик	0.102
загранка	0.102
земство	0.102
кинжальчик	0.102
киоскёрша	0.102
княжич	0.102
корвалол	0.102
крутояр	0.102
кусточек	0.102
лимонник	0.102
лобогрейка	0.102
магарыч	0.102
мазилка	0.102
мешанка	0.102
непрочность	0.102
ножонка	0.102
норушка	0.102
обозник	0.102
обстоятельность	0.102
огнёвка	0.102
офицерьё	0.102
педолог	0.102
полубокс	0.102
попискивание	0.102
правобережье	0.102
прицепщик	0.102
пулемётчица	0.102
редан	0.102
сизарь	0.102
сипение	0.102
сослуживица	0.102
соснячок	0.102
сосудик	0.102
тавот	0.102
тельник	0.102
туес	0.102
урез	0.102
фотолюбитель	0.102
фуражир	0.102
хребтина	0.102
целинник	0.102
цокотуха	0.102
чистоплюйка	0.102
шкафик	0.102
шлюпбалка	0.102
щербина	0.102
электролампочка	0.102
обрезка	0.102
урду	0.102
мандраж	0.102
прагматик	0.102
оплётка	0.102
штуцер	0.102
архетип	0.101
аукционист	0.101
всепрощение	0.101
гидропоника	0.101
депиляция	0.101
дискредитация	0.101
иммигрантка	0.101
конденсат	0.101
корнер	0.101
наносекунда	0.101
охранница	0.101
пажить	0.101
переправка	0.101
подвид	0.101
предсказательница	0.101
реакционер	0.101
стенография	0.101
трикстер	0.101
фьючерс	0.101
халиф	0.101
ходунок	0.101
целлюлоза	0.101
электромагнетизм	0.101
электроснабжение	0.101
средоточие	0.101
сумасбродство	0.101
сиена	0.101
античность	0.100
архидьякон	0.100
атриум	0.100
ботулизм	0.100
вакханалия	0.100
вдовушка	0.100
глинтвейн	0.100
дозволение	0.100
закупщик	0.100
кутёж	0.100
ларингит	0.100
нуга	0.100
плутовка	0.100
пульсар	0.100
распыление	0.100
республиканка	0.100
сестерций	0.100
сквернословие	0.100
срабатывание	0.100
фарисей	0.100
хетт	0.100
холостячка	0.100
шовинист	0.100
экстремизм	0.100
квинтэссенция	0.100
отстранённость	0.100
перенаселение	0.100
подгонка	0.100
транжира	0.100
развилок	0.100
афганка	0.100
байдарочник	0.100
гадливость	0.100
гуменник	0.100
дорка	0.100
жалейка	0.100
жеребёночек	0.100
зубище	0.100
иод	0.100
каганец	0.100
капитель	0.100
капрон	0.100
каратистка	0.100
кишмиш	0.100
колодезь	0.100
колоколенка	0.100
компотик	0.100
коногон	0.100
краеведение	0.100
куделька	0.100
кунак	0.100
лапотник	0.100
ледорез	0.100
линотип	0.100
мазар	0.100
мачтовой	0.100
митрофанушка	0.100
муравка	0.100
мюнхгаузен	0.100
напуск	0.100
начитанность	0.100
неблагополучие	0.100
необыкновенность	0.100
неутомимость	0.100
ноченька	0.100
обидчица	0.100
ослушник	0.100
перелог	0.100
подранок	0.100
подсвинок	0.100
подтянутость	0.100
поллитровка	0.100
праздничность	0.100
прожорливость	0.100
пчельник	0.100
саквояжик	0.100
секущая	0.100
сиротинка	0.100
сродственник	0.100
стреха	0.100
студиец	0.100
субтропики	0.100
темляк	0.100
тюфячок	0.100
утятница	0.100
фельетонист	0.100
фефёла	0.100
физорг	0.100
форсун	0.100
чекушка	0.100
чох	0.100
шабашник	0.100
шкафут	0.100
эллипсоид	0.100
юнкор	0.100
скотома	0.100
шабат	0.100
блаженная	0.100
кегль	0.100
бронх	0.099
воспламенение	0.099
вьетнамка	0.099
дееспособность	0.099
древонасаждение	0.099
катехизис	0.099
колядка	0.099
никнейм	0.099
отбывание	0.099
пикёр	0.099
придаток	0.099
прихожанка	0.099
пфенниг	0.099
скарн	0.099
стыдоба	0.099
укачивание	0.099
шерл	0.099
шифровальщик	0.099
энцефалопатия	0.099
арго	0.099
истинность	0.099
мангуст	0.099
анемометр	0.099
диатез	0.099
мятлик	0.099
прибыток	0.099
раздвоенность	0.099
часочек	0.099
прение	0.099
байт	0.099
магнезия	0.098
уместность	0.098
фертильность	0.098
баронет	0.098
бенефис	0.098
бунтарство	0.098
винокурня	0.098
вскармливание	0.098
гербицид	0.098
гигабайт	0.098
далматинец	0.098
заболеваемость	0.098
краснуха	0.098
кредитоспособность	0.098
массажёр	0.098
метеоризм	0.098
наценка	0.098
национализм	0.098
окрашивание	0.098
отказник	0.098
отлучение	0.098
помазанник	0.098
предохранение	0.098
прокуратор	0.098
разброс	0.098
реквизитор	0.098
репетиторство	0.098
секатор	0.098
скраб	0.098
спирит	0.098
таска	0.098
удовлетворённость	0.098
хасид	0.098
катаракта	0.098
авиамоделист	0.098
аджика	0.098
армячок	0.098
барабанчик	0.098
борение	0.098
бревешко	0.098
ватерпас	0.098
винница	0.098
волнолом	0.098
воробьёнок	0.098
горлинка	0.098
дворище	0.098
двухрядка	0.098
драпри	0.098
дымарь	0.098
залавок	0.098
зальчик	0.098
заметочка	0.098
запашка	0.098
заполье	0.098
казачонок	0.098
киоскёр	0.098
коечка	0.098
комингс	0.098
комитетчик	0.098
корабел	0.098
красивость	0.098
кулёмка	0.098
лаврушка	0.098
ледостав	0.098
ленинизм	0.098
лямочка	0.098
многомерность	0.098
недоброжелательство	0.098
носишко	0.098
ночничок	0.098
околышек	0.098
перворазрядник	0.098
пирит	0.098
побасёнка	0.098
побегушка	0.098
поповна	0.098
пролаз	0.098
пустяковина	0.098
радиолокация	0.098
ранжир	0.098
рейхсвер	0.098
рудоуправление	0.098
севрюга	0.098
сервелат	0.098
скотница	0.098
служительница	0.098
смольё	0.098
супонь	0.098
суходол	0.098
табачище	0.098
тесина	0.098
трамбовка	0.098
фельдъегерь	0.098
холодище	0.098
черничник	0.098
чёбот	0.098
подзёмок	0.098
ибис	0.098
рвотное	0.098
дальновидность	0.097
адаптер	0.097
бегунья	0.097
видеосвязь	0.097
гомеопатия	0.097
дервиш	0.097
дёрен	0.097
искоренение	0.097
карьеристка	0.097
лизинг	0.097
лизун	0.097
локализация	0.097
нигилист	0.097
ныряло	0.097
отскок	0.097
пиломатериал	0.097
пресечение	0.097
рокфор	0.097
садистка	0.097
самоопределение	0.097
скрипт	0.097
стяжка	0.097
тонер	0.097
управленец	0.097
фристайл	0.097
бензозаправка	0.097
подбрасывание	0.097
ржа	0.097
бедуинка	0.097
концертино	0.097
наводчица	0.097
напульсник	0.097
положеньице	0.097
рефракция	0.097
свисточек	0.097
бора	0.097
управляемость	0.096
антисанитария	0.096
коммюнике	0.096
блевота	0.096
бурлеск	0.096
бытовуха	0.096
гастрит	0.096
даритель	0.096
демонтаж	0.096
доминанта	0.096
заносчивость	0.096
зулус	0.096
кандела	0.096
катарсис	0.096
конвертер	0.096
недоработка	0.096
ориентирование	0.096
проводимость	0.096
провоз	0.096
радиовещание	0.096
резонатор	0.096
римейк	0.096
ротация	0.096
снегоочиститель	0.096
триптих	0.096
трюкач	0.096
фуникулёр	0.096
чревоугодие	0.096
эмиссия	0.096
эспандер	0.096
лимб	0.096
морена	0.096
акселерат	0.096
амфибрахий	0.096
берейтор	0.096
бересклет	0.096
бойкость	0.096
взлобок	0.096
внушительность	0.096
гидроузел	0.096
голотурия	0.096
грузинка	0.096
губан	0.096
делегатка	0.096
донкихот	0.096
дружинница	0.096
дымник	0.096
железнодорожница	0.096
загорбок	0.096
займище	0.096
закраина	0.096
зальце	0.096
застреха	0.096
ильмень	0.096
иносказание	0.096
камора	0.096
каскетка	0.096
кликуша	0.096
коренник	0.096
крупчатка	0.096
кухмистерская	0.096
лещина	0.096
лохмач	0.096
мальчишечка	0.096
махалка	0.096
медник	0.096
моталка	0.096
муфлон	0.096
нарядчик	0.096
неудачливость	0.096
обзаведение	0.096
омуток	0.096
пасюк	0.096
питатель	0.096
плывун	0.096
подсказчик	0.096
подфарник	0.096
поломойка	0.096
потрава	0.096
престолонаследник	0.096
пробочка	0.096
продразвёрстка	0.096
пятидневка	0.096
пятирублёвка	0.096
рескрипт	0.096
сандружинница	0.096
саян	0.096
сворка	0.096
сезонник	0.096
смолокур	0.096
стрелолист	0.096
студенец	0.096
супник	0.096
толстолобик	0.096
траление	0.096
угорье	0.096
фестон	0.096
хлюст	0.096
чага	0.096
шалопут	0.096
эрдельтерьер	0.096
консолидация	0.095
австралийка	0.095
впрыск	0.095
высвобождение	0.095
держание	0.095
интроверт	0.095
консервация	0.095
кронпринц	0.095
кёрлинг	0.095
линчевание	0.095
маршрутизатор	0.095
неосмотрительность	0.095
номинал	0.095
оглушение	0.095
оптовик	0.095
паттерн	0.095
подсластитель	0.095
проктолог	0.095
профилирование	0.095
путч	0.095
свининка	0.095
себестоимость	0.095
сумасброд	0.095
текстиль	0.095
угасание	0.095
фигурант	0.095
филантропия	0.095
фракиец	0.095
цедра	0.095
шимми	0.095
твид	0.095
венгерское	0.095
траверс	0.095
комедь	0.095
амплитуда	0.094
арбитраж	0.094
атеизм	0.094
выбывание	0.094
девичество	0.094
изменщица	0.094
индуизм	0.094
мученичество	0.094
набожность	0.094
одногруппник	0.094
окисление	0.094
осанна	0.094
падишах	0.094
переосмысление	0.094
пикули	0.094
подраздел	0.094
предшественница	0.094
принесение	0.094
проконсул	0.094
пролежень	0.094
протезирование	0.094
рассеивание	0.094
резервирование	0.094
респектабельность	0.094
содержанка	0.094
соучредитель	0.094
суннит	0.094
теннисистка	0.094
толкание	0.094
утаивание	0.094
фетишизм	0.094
боливар	0.094
кабул	0.094
калан	0.094
домен	0.094
гидравлик	0.094
австрияк	0.094
баснописец	0.094
бесшабашность	0.094
благовест	0.094
бракодел	0.094
вещун	0.094
волнушка	0.094
волоконце	0.094
выбленка	0.094
вывозка	0.094
голубевод	0.094
голубочек	0.094
диспансеризация	0.094
доброжелательство	0.094
домашность	0.094
дутик	0.094
дюраль	0.094
естественник	0.094
жох	0.094
затончик	0.094
зацепочка	0.094
зимница	0.094
инструментальщик	0.094
келейник	0.094
кочкарник	0.094
кубатура	0.094
лапоток	0.094
левретка	0.094
лилипутик	0.094
лукавинка	0.094
милиционерша	0.094
народоволец	0.094
недоговорённость	0.094
несообразительность	0.094
неустроенность	0.094
однолеток	0.094
оплошка	0.094
оселок	0.094
педучилище	0.094
перепечатка	0.094
подголосок	0.094
поползень	0.094
прицепщица	0.094
проталинка	0.094
пупырь	0.094
пылеуловитель	0.094
расчалка	0.094
ропак	0.094
ряженка	0.094
седёлка	0.094
сеянец	0.094
скрипение	0.094
солевар	0.094
телеуправление	0.094
тимберс	0.094
трактористка	0.094
тыквина	0.094
уставщик	0.094
хлебник	0.094
шахтёрка	0.094
шильце	0.094
шпонка	0.094
продажность	0.093
альков	0.093
аморальность	0.093
бесстыдница	0.093
выбивание	0.093
главенство	0.093
загруженность	0.093
интерференция	0.093
клавишник	0.093
коллаген	0.093
корнишон	0.093
кулуар	0.093
ланка	0.093
лейкоз	0.093
маникюрша	0.093
машиностроение	0.093
посыпка	0.093
почтмейстер	0.093
правдоподобность	0.093
синедрион	0.093
сионист	0.093
слюнявчик	0.093
стегозавр	0.093
умерщвление	0.093
шарлатанка	0.093
шовинизм	0.093
эдил	0.093
эндшпиль	0.093
эротизм	0.093
поедатель	0.093
ремарка	0.093
абсурдность	0.092
авиадиспетчер	0.092
арабка	0.092
аргон	0.092
ароматизатор	0.092
баклуша	0.092
банальщина	0.092
блицкриг	0.092
велогонка	0.092
велоспорт	0.092
гандикап	0.092
детализация	0.092
испорченность	0.092
мирянин	0.092
моргание	0.092
новокаин	0.092
обжарка	0.092
оптоволокно	0.092
пересдача	0.092
пессимистка	0.092
петуния	0.092
радиолог	0.092
разжижение	0.092
соверен	0.092
трицератопс	0.092
феминист	0.092
цветочник	0.092
либретто	0.092
кила	0.092
производная	0.092
никчемность	0.091
толкач	0.091
энергичность	0.091
аварийка	0.091
актуальность	0.091
бухучёт	0.091
выставление	0.091
гонт	0.091
дегенерация	0.091
доходность	0.091
заземление	0.091
затягивание	0.091
искусительница	0.091
кастрат	0.091
клептоман	0.091
компенсатор	0.091
корнеплод	0.091
крушитель	0.091
мизантроп	0.091
многозадачность	0.091
мужчинка	0.091
однолюб	0.091
основательница	0.091
порнограф	0.091
превью	0.091
придумывание	0.091
приостановление	0.091
прицеливание	0.091
пятновыводитель	0.091
разминирование	0.091
риал	0.091
ригель	0.091
самовозгорание	0.091
самокопание	0.091
сатисфакция	0.091
собирательство	0.091
спичрайтер	0.091
стеноз	0.091
телеигра	0.091
цезий	0.091
четвертьфинал	0.091
шабли	0.091
шариат	0.091
экшен	0.091
плевака	0.091
блинная	0.091
лого	0.090
прочёсывание	0.090
выравнивание	0.090
датчанка	0.090
заучивание	0.090
игротека	0.090
камедь	0.090
корреляция	0.090
литавра	0.090
мангольд	0.090
марабу	0.090
мистицизм	0.090
недальновидность	0.090
немчура	0.090
ненадёжность	0.090
овчарня	0.090
опыление	0.090
осквернитель	0.090
отруб	0.090
пассив	0.090
понтифик	0.090
последовательница	0.090
правозащитник	0.090
провозглашение	0.090
разбивание	0.090
рислинг	0.090
сверление	0.090
синхронность	0.090
случка	0.090
сожительство	0.090
сплин	0.090
статика	0.090
терабайт	0.090
терние	0.090
фистула	0.090
фонограф	0.090
эксцентричность	0.090
сопротивляемость	0.090
ёра	0.090
дурка	0.090
глиста	0.090
лития	0.089
рубило	0.089
плева	0.089
болезненность	0.089
рапсодия	0.089
адъюнкт	0.089
аллюзия	0.089
бемоль	0.089
вырезание	0.089
выслушивание	0.089
горшечник	0.089
гуава	0.089
исландец	0.089
карикатурист	0.089
картуш	0.089
катапультирование	0.089
козлятина	0.089
криптография	0.089
кумовство	0.089
литургия	0.089
мазер	0.089
мотка	0.089
обесцвечивание	0.089
переедание	0.089
пикничок	0.089
плевел	0.089
полячка	0.089
потакание	0.089
прелестница	0.089
привереда	0.089
притягательность	0.089
разоблачитель	0.089
расточительность	0.089
раут	0.089
самоудовлетворение	0.089
сорокалетие	0.089
спиритизм	0.089
стеклоочиститель	0.089
сюрреалист	0.089
телекоммуникация	0.089
тщетность	0.089
хештег	0.089
шифон	0.089
эластичность	0.089
эскалоп	0.089
луб	0.089
метил	0.089
идиома	0.088
пропил	0.088
бельевая	0.088
авиашоу	0.088
автогонщик	0.088
болеро	0.088
буддистка	0.088
ведьмовство	0.088
грехопадение	0.088
двуокись	0.088
замор	0.088
кернер	0.088
кларет	0.088
коагулянт	0.088
кредитование	0.088
овердрафт	0.088
отрезание	0.088
перерезание	0.088
пигментация	0.088
плавление	0.088
подёнщик	0.088
порей	0.088
радиоэфир	0.088
ракия	0.088
рахит	0.088
регентство	0.088
регулы	0.088
санитария	0.088
сказитель	0.088
сюита	0.088
татуировщик	0.088
теолог	0.088
тунг	0.088
удерживание	0.088
эгида	0.088
эпидермис	0.088
песчанка	0.087
картография	0.087
насыщенность	0.087
автоклуб	0.087
автоматизация	0.087
алкалоид	0.087
анальгетик	0.087
благоволение	0.087
вегетарианство	0.087
гидролокатор	0.087
диаспора	0.087
диспансер	0.087
жим	0.087
ипохондрия	0.087
комплемент	0.087
лафит	0.087
лекарка	0.087
надоедала	0.087
неплательщик	0.087
ободрение	0.087
остролист	0.087
палладиум	0.087
панегирик	0.087
пародист	0.087
патолог	0.087
подшучивание	0.087
послед	0.087
пробуксовка	0.087
протестантка	0.087
рол	0.087
сгибание	0.087
сивилла	0.087
сожительница	0.087
тератома	0.087
тулий	0.087
фарингит	0.087
флуктуация	0.087
хохотун	0.087
чинуша	0.087
малага	0.086
прилипала	0.086
дефиле	0.086
автоспорт	0.086
акклиматизация	0.086
аллерген	0.086
биоритм	0.086
бурсит	0.086
виноградинка	0.086
вирусолог	0.086
вместимость	0.086
вомбат	0.086
гунтер	0.086
дарение	0.086
дезинтегратор	0.086
индивидуализм	0.086
индуист	0.086
клейковина	0.086
клептоманка	0.086
мазло	0.086
мегабайт	0.086
междоусобица	0.086
мобильность	0.086
мультипликатор	0.086
обольститель	0.086
пилинг	0.086
платёжка	0.086
попрыгун	0.086
радиотерапия	0.086
свиноматка	0.086
телефильм	0.086
тестер	0.086
фамильяр	0.086
формалин	0.086
фосфат	0.086
хедлайнер	0.086
эстрагон	0.086
юдоль	0.086
сателлит	0.086
состоятельность	0.086
азалия	0.086
инфант	0.085
синема	0.085
метафизика	0.085
даба	0.085
аскет	0.085
биотуалет	0.085
волынщик	0.085
выбрасывание	0.085
высмеивание	0.085
вязкость	0.085
гнойник	0.085
декаданс	0.085
дефибрилляция	0.085
документалист	0.085
информирование	0.085
капитализация	0.085
колясочник	0.085
курия	0.085
маргинал	0.085
менада	0.085
метина	0.085
нагнетатель	0.085
нектарин	0.085
освящение	0.085
палладий	0.085
папиллома	0.085
пастилка	0.085
подпитка	0.085
риэлтер	0.085
самолюбование	0.085
самоотречение	0.085
самореализация	0.085
стенокардия	0.085
тамбурин	0.085
топография	0.085
увлажнение	0.085
удвоение	0.085
фарада	0.085
фокусировка	0.085
хозтовары	0.085
шиньон	0.085
ревю	0.085
рондо	0.085
экспонент	0.085
экю	0.085
свежачок	0.084
парадиз	0.084
инфанта	0.084
целик	0.084
альпака	0.084
задирала	0.084
орт	0.084
благонадёжность	0.084
заурядность	0.084
цивилизованность	0.084
автотрасса	0.084
бергамот	0.084
бесчувственность	0.084
велогонщик	0.084
герма	0.084
горлица	0.084
гостеприимность	0.084
готика	0.084
дефолт	0.084
децима	0.084
диез	0.084
зубик	0.084
кабальеро	0.084
квартирмейстер	0.084
кутила	0.084
лицензирование	0.084
люпус	0.084
маракас	0.084
негритос	0.084
непотребство	0.084
обоснованность	0.084
отслоение	0.084
паладин	0.084
пахта	0.084
перитонит	0.084
пиктограмма	0.084
плащаница	0.084
потница	0.084
промзона	0.084
протестантизм	0.084
сдавливание	0.084
силовик	0.084
собственница	0.084
совёнок	0.084
стекловолокно	0.084
стенографист	0.084
упразднение	0.084
филистимлянин	0.084
фреон	0.084
чревовещание	0.084
шифратор	0.084
экспортёр	0.084
зазноба	0.084
торк	0.084
тартюф	0.083
идиом	0.083
ярка	0.083
сальник	0.083
дубляж	0.083
став	0.083
национализация	0.082
преднамеренность	0.082
автоцистерна	0.082
администрирование	0.082
антоним	0.082
артистизм	0.082
беллетристика	0.082
бетель	0.082
видеозвонок	0.082
видеосигнал	0.082
врачевание	0.082
вынашивание	0.082
выпивание	0.082
генеалогия	0.082
грум	0.082
двоежёнство	0.082
дестабилизация	0.082
десятиборье	0.082
дешифратор	0.082
джут	0.082
дилетантка	0.082
епитимья	0.082
жертвователь	0.082
инакомыслие	0.082
кадмий	0.082
карбонар	0.082
клико	0.082
корги	0.082
ледопад	0.082
лютеранин	0.082
марсианка	0.082
мультсериал	0.082
надоеда	0.082
незрелость	0.082
отжиг	0.082
первоцвет	0.082
пинетка	0.082
плевательница	0.082
пруссак	0.082
радужка	0.082
разделитель	0.082
ринопластика	0.082
сабан	0.082
сард	0.082
сатанизм	0.082
скрытие	0.082
собачей	0.082
сокрушитель	0.082
токсикоз	0.082
трилистник	0.082
трицепс	0.082
улаживание	0.082
фронтмен	0.082
цельность	0.082
щепетильность	0.082
ямб	0.082
аспирация	0.082
спорынья	0.082
совка	0.082
динарий	0.082
пастель	0.081
ошибочность	0.081
авиалайнер	0.081
акрополь	0.081
биомасса	0.081
биосфера	0.081
блокирование	0.081
градиент	0.081
грызло	0.081
дейтерий	0.081
замерзание	0.081
императив	0.081
канталупа	0.081
кардамон	0.081
книголюб	0.081
конгениальность	0.081
курсив	0.081
курултай	0.081
мотоклуб	0.081
наклад	0.081
оппортунист	0.081
осмысление	0.081
ответчица	0.081
потаскун	0.081
пошлятина	0.081
рафтинг	0.081
реприза	0.081
сероводород	0.081
скотство	0.081
спонсирование	0.081
считывание	0.081
телетайп	0.081
фартинг	0.081
цеппелин	0.081
чужестранка	0.081
эхолокация	0.081
передислокация	0.081
третьяк	0.081
тутти	0.081
тысячная	0.081
болотник	0.081
шестилетка	0.081
закусь	0.081
межсезонье	0.080
андеграунд	0.080
баварец	0.080
базис	0.080
бахилы	0.080
бесчеловечность	0.080
босниец	0.080
буж	0.080
бушель	0.080
воспрепятствование	0.080
гемма	0.080
дебошир	0.080
драник	0.080
друза	0.080
европейка	0.080
засовывание	0.080
инфицирование	0.080
канцероген	0.080
крестец	0.080
либерализм	0.080
лизоблюд	0.080
микроэлемент	0.080
минимализм	0.080
могол	0.080
модернизм	0.080
новообразование	0.080
обеззараживание	0.080
олеандр	0.080
опознавание	0.080
осеменение	0.080
панировка	0.080
паразитка	0.080
перегруппировка	0.080
песочник	0.080
пилюлька	0.080
плойка	0.080
пневматика	0.080
полуавтомат	0.080
помпадур	0.080
провоцирование	0.080
регбист	0.080
регулярность	0.080
самовлюблённость	0.080
самоутверждение	0.080
сортировщик	0.080
сосочек	0.080
соте	0.080
социализация	0.080
тантал	0.080
тефлон	0.080
триумвират	0.080
фаворитизм	0.080
фарт	0.080
фотожурналист	0.080
царапание	0.080
целование	0.080
жарок	0.080
каган	0.079
французишка	0.079
байрам	0.079
аденоид	0.079
антитоксин	0.079
балансировка	0.079
вивисекция	0.079
виолончелистка	0.079
ворчунья	0.079
гремучник	0.079
дезактивация	0.079
дендрарий	0.079
дерматология	0.079
закрутка	0.079
индукция	0.079
иудейка	0.079
киноискусство	0.079
клептомания	0.079
консерватизм	0.079
конфессия	0.079
конюший	0.079
кукарача	0.079
кутюрье	0.079
нетрудоспособность	0.079
обёртывание	0.079
отдохновение	0.079
переписчик	0.079
печеньице	0.079
порто	0.079
прогиб	0.079
прочистка	0.079
размахивание	0.079
сейсмолог	0.079
семяизвержение	0.079
сердцеедка	0.079
установщик	0.079
хористка	0.079
энцефалограмма	0.079
выдворение	0.079
вытаскивание	0.079
генерация	0.079
кади	0.079
нацменьшинство	0.079
сексапильность	0.079
синоптика	0.079
мельхиор	0.078
моща	0.078
корча	0.078
надой	0.078
выездка	0.078
малолитражка	0.078
попрошайничество	0.078
аутсорсинг	0.078
баббит	0.078
биотопливо	0.078
бутончик	0.078
восьмушка	0.078
выживаемость	0.078
вызволение	0.078
выслуга	0.078
высыпание	0.078
вытеснение	0.078
вычитка	0.078
гедонист	0.078
герметичность	0.078
гипнотерапия	0.078
грозд	0.078
дистрибуция	0.078
дриблинг	0.078
забивание	0.078
заимствование	0.078
консоме	0.078
лживость	0.078
мениск	0.078
метрополия	0.078
миниатюризация	0.078
непокорность	0.078
несовпадение	0.078
ничтожность	0.078
обдираловка	0.078
отмывка	0.078
парильня	0.078
переписывание	0.078
перестраховка	0.078
пикша	0.078
плагиатор	0.078
пластида	0.078
прагматизм	0.078
пробст	0.078
просачивание	0.078
пятнадцатилетие	0.078
складывание	0.078
стерильность	0.078
танагра	0.078
танцовщик	0.078
фальстарт	0.078
фейк	0.078
цук	0.078
югослав	0.078
язычество	0.078
купчая	0.077
благоверная	0.077
просек	0.077
закутка	0.077
катаракт	0.076
анемона	0.076
непрерывность	0.076
архидиакон	0.076
аэронавтика	0.076
взламывание	0.076
виндсёрфинг	0.076
выплеск	0.076
гастарбайтер	0.076
дебютант	0.076
демография	0.076
диакон	0.076
драматичность	0.076
идеолог	0.076
ингаляция	0.076
катетеризация	0.076
клот	0.076
контраргумент	0.076
кошатник	0.076
ксенон	0.076
ливанец	0.076
лимфоцит	0.076
магараджа	0.076
мандаринка	0.076
менуэт	0.076
милитарист	0.076
навязчивость	0.076
оспаривание	0.076
паслён	0.076
патриархат	0.076
прерыватель	0.076
приспособленец	0.076
разморозка	0.076
разносчица	0.076
регенератор	0.076
самоистязание	0.076
сводница	0.076
сосочка	0.076
сценаристка	0.076
уклонист	0.076
фабра	0.076
фалангист	0.076
хромоножка	0.076
членовредительство	0.076
шарашка	0.076
южанка	0.076
активизация	0.076
вкладка	0.076
горлодёр	0.076
капер	0.076
лактация	0.076
метеослужба	0.076
плевра	0.076
шпаклёвка	0.076
ерь	0.076
обнимание	0.076
середнячок	0.076
буки	0.076
обой	0.076
кендо	0.075
анклав	0.075
балетки	0.075
валяние	0.075
видеоблог	0.075
возмутитель	0.075
всемогущество	0.075
выпот	0.075
выпрямитель	0.075
герметизация	0.075
гранулёма	0.075
гуано	0.075
двуличие	0.075
дезинфектор	0.075
депонирование	0.075
домохозяин	0.075
дрозофила	0.075
завязывание	0.075
загрязнитель	0.075
заёмщик	0.075
идиотство	0.075
конкур	0.075
контрапункт	0.075
контрудар	0.075
креозот	0.075
легитимность	0.075
ликвидность	0.075
липома	0.075
мейнстрим	0.075
меласса	0.075
минимизация	0.075
невралгия	0.075
обществознание	0.075
оформитель	0.075
оцелот	0.075
палиндром	0.075
переучёт	0.075
подбадривание	0.075
подруженька	0.075
пожирание	0.075
причащение	0.075
противоборство	0.075
расплавление	0.075
розлив	0.075
рубцевание	0.075
синергия	0.075
скручивание	0.075
снукер	0.075
соборование	0.075
сращивание	0.075
суверен	0.075
убогость	0.075
фанатичка	0.075
цитрус	0.075
чакона	0.075
эспаньолка	0.075
эсперанто	0.075
недосказанность	0.075
корректив	0.075
двоеженец	0.074
сап	0.074
скользь	0.074
пурпура	0.074
шала	0.074
сладострастие	0.074
аллель	0.074
бодибилдинг	0.074
бородавочник	0.074
взаимоуважение	0.074
возлияние	0.074
восстановитель	0.074
вёрстка	0.074
дарвинизм	0.074
диод	0.074
дифферент	0.074
догмат	0.074
женоненавистничество	0.074
израильтянка	0.074
километраж	0.074
контролирование	0.074
конфитюр	0.074
коррупционер	0.074
кугуар	0.074
куркума	0.074
медресе	0.074
моральность	0.074
навязывание	0.074
невропатия	0.074
незащищённость	0.074
омоним	0.074
опубликование	0.074
отсасывание	0.074
пампа	0.074
парфюмер	0.074
перенаселённость	0.074
плакальщик	0.074
пловчиха	0.074
подвешивание	0.074
подпункт	0.074
политтехнолог	0.074
пошиб	0.074
предзаказ	0.074
преобладание	0.074
препона	0.074
приручение	0.074
разблокировка	0.074
растирание	0.074
реалистичность	0.074
регуляция	0.074
репатриант	0.074
родоначальник	0.074
синусит	0.074
сирокко	0.074
смеситель	0.074
сольдо	0.074
соусник	0.074
сращение	0.074
сувенирчик	0.074
танцзал	0.074
трен	0.074
туарег	0.074
урина	0.074
уроженка	0.074
фазенда	0.074
фрактал	0.074
хронометраж	0.074
чернокнижие	0.074
шантажистка	0.074
электропила	0.074
эндоскоп	0.074
энергоблок	0.074
энтомология	0.074
анис	0.074
тканьё	0.073
траверса	0.073
подлив	0.073
рейтер	0.073
смирна	0.072
альтруист	0.072
ангидрид	0.072
арат	0.072
бестиарий	0.072
бином	0.072
биометрия	0.072
блудник	0.072
вбрасывание	0.072
всход	0.072
гематолог	0.072
геополитика	0.072
гидротерапия	0.072
гондольер	0.072
диагност	0.072
дистилляция	0.072
доведение	0.072
доказывание	0.072
долбёжка	0.072
желтушник	0.072
защемление	0.072
испаритель	0.072
кеб	0.072
лангуст	0.072
ларингоскоп	0.072
лютеций	0.072
муслин	0.072
невозвращение	0.072
непочтительность	0.072
обескровливание	0.072
обтирание	0.072
однокурсница	0.072
опак	0.072
опрометчивость	0.072
ослепление	0.072
отбойник	0.072
паломница	0.072
прибыльность	0.072
притвора	0.072
ракетостроение	0.072
распорядительница	0.072
регресс	0.072
религиозность	0.072
репатриация	0.072
репер	0.072
роуминг	0.072
свежак	0.072
телевещание	0.072
травести	0.072
трансплантология	0.072
тридцатилетие	0.072
тромбонист	0.072
уголовница	0.072
фасция	0.072
шизофреничка	0.072
шпионство	0.072
эпидемиолог	0.072
аллитерация	0.072
власяница	0.072
прижигание	0.072
развязывание	0.072
согласованность	0.072
алтей	0.072
взвесь	0.072
праща	0.072
метаморфоз	0.071
горнило	0.071
незаметность	0.071
подделывание	0.071
предприимчивость	0.071
придурь	0.071
спутанность	0.071
ущербность	0.071
фанданго	0.071
фрикасе	0.071
шаманство	0.071
автопогрузчик	0.071
анналы	0.071
антология	0.071
апофеоз	0.071
баламут	0.071
бразильянка	0.071
венгерка	0.071
восходитель	0.071
выпрямление	0.071
денатурат	0.071
дублирование	0.071
извращённость	0.071
изменчивость	0.071
инструментарий	0.071
квинтет	0.071
компилятор	0.071
косметология	0.071
кресс	0.071
криптограмма	0.071
луидор	0.071
маис	0.071
марена	0.071
микшер	0.071
митоз	0.071
модус	0.071
навь	0.071
натурщик	0.071
невестушка	0.071
непригодность	0.071
обжимание	0.071
откладывание	0.071
параллакс	0.071
патина	0.071
переворачивание	0.071
перманент	0.071
петролеум	0.071
плеврит	0.071
подхалимство	0.071
практикум	0.071
престолонаследие	0.071
прорицательница	0.071
разбрасывание	0.071
развращение	0.071
развращённость	0.071
репарация	0.071
сионизм	0.071
смоковница	0.071
сплочение	0.071
стробоскоп	0.071
таскание	0.071
транскрипция	0.071
троллинг	0.071
уравновешенность	0.071
фламандец	0.071
флорентиец	0.071
хорт	0.071
цейтнот	0.071
чешка	0.071
экстраверт	0.071
переступь	0.071
морф	0.071
постоялое	0.071
исподнее	0.071
молоканин	0.070
самбука	0.070
хазар	0.070
вафелька	0.070
органик	0.070
дисгармония	0.070
запутанность	0.070
отслойка	0.070
потёртость	0.070
рентабельность	0.070
троеборье	0.070
чистокровка	0.070
аутентичность	0.070
безжалостность	0.070
бериллий	0.070
бичевание	0.070
бобслей	0.070
боливиец	0.070
бренность	0.070
бронхоскопия	0.070
варщик	0.070
верховенство	0.070
выписывание	0.070
высасывание	0.070
гомеопат	0.070
двуличность	0.070
демпфер	0.070
депутатка	0.070
детерминизм	0.070
диффузия	0.070
ежемесячник	0.070
затворничество	0.070
золотуха	0.070
игрушечник	0.070
импрессионизм	0.070
искупитель	0.070
каллиграф	0.070
колониализм	0.070
крачка	0.070
лайкра	0.070
магнитик	0.070
медалистка	0.070
меломан	0.070
натурализация	0.070
небыль	0.070
некрополь	0.070
норвежка	0.070
обеспеченность	0.070
останов	0.070
парализатор	0.070
парламентарий	0.070
патриотка	0.070
первородство	0.070
переквалификация	0.070
перчаточник	0.070
платёжеспособность	0.070
подлизывание	0.070
подложка	0.070
праматерь	0.070
преамбула	0.070
прикуриватель	0.070
проходимость	0.070
разбивка	0.070
рентгенограмма	0.070
рокировка	0.070
самопомощь	0.070
светодиод	0.070
сливовица	0.070
снегоступ	0.070
сомалиец	0.070
соответчик	0.070
соскок	0.070
статистка	0.070
трилобит	0.070
увиливание	0.070
упрямица	0.070
урология	0.070
фаталист	0.070
хамка	0.070
шлакоблок	0.070
штрихкод	0.070
эдикт	0.070
электроинструмент	0.070
ягнятина	0.070
анемон	0.069
аппаратная	0.069
житьё	0.069
кармелит	0.069
бабьё	0.069
интерферон	0.069
сводня	0.069
шестилеток	0.068
атаксия	0.068
сепия	0.068
чудовищность	0.068
автотурист	0.068
антагонизм	0.068
аптекарша	0.068
атеросклероз	0.068
аудиокассета	0.068
аэробус	0.068
барахольщица	0.068
бербер	0.068
бесчувствие	0.068
блошка	0.068
ветчинка	0.068
восемнадцатилетие	0.068
восьмиугольник	0.068
гало	0.068
гастрономия	0.068
гобоист	0.068
дансинг	0.068
девальвация	0.068
дезинтеграция	0.068
деспотизм	0.068
диссоциация	0.068
загашник	0.068
закачка	0.068
изощрённость	0.068
инженю	0.068
ипостась	0.068
ирригация	0.068
каденция	0.068
клинопись	0.068
книготорговец	0.068
копирайт	0.068
крап	0.068
луддит	0.068
манекенщик	0.068
миастения	0.068
миляга	0.068
мочевина	0.068
навет	0.068
нагнетание	0.068
надгортанник	0.068
намаз	0.068
недобор	0.068
нетерпеливость	0.068
нувориш	0.068
облатка	0.068
оборванка	0.068
одометр	0.068
орлянка	0.068
орнитология	0.068
осмий	0.068
падуб	0.068
панкейк	0.068
парапсихология	0.068
пацифизм	0.068
подчёркивание	0.068
прелюбодейка	0.068
препарирование	0.068
протекторат	0.068
противопоставление	0.068
психопатология	0.068
рецензент	0.068
розжиг	0.068
сабантуй	0.068
сертификация	0.068
сифилитик	0.068
сказочница	0.068
смерд	0.068
сумасбродка	0.068
угадывание	0.068
удлинение	0.068
утоление	0.068
фигляр	0.068
фимиам	0.068
функционер	0.068
цистит	0.068
цицеро	0.068
швейцарка	0.068
шельф	0.068
шляхта	0.068
экзистенциализм	0.068
эротоман	0.068
воспевание	0.068
высокогорье	0.068
драчка	0.068
магнитуда	0.068
невежливость	0.068
рафия	0.068
цикута	0.068
подотчётность	0.068
желторотик	0.068
люцерна	0.068
ярь	0.067
инициативность	0.067
коагуляция	0.067
недосягаемость	0.067
неучтивость	0.067
рефлексия	0.067
романтичность	0.067
сорго	0.067
ужесточение	0.067
адвентист	0.067
аккордеонист	0.067
аудиофайл	0.067
бешамель	0.067
близь	0.067
брамин	0.067
бушмен	0.067
гистамин	0.067
гистология	0.067
гранола	0.067
гробокопатель	0.067
губернаторство	0.067
гуртовщик	0.067
двоение	0.067
декорирование	0.067
дерма	0.067
дешевизна	0.067
дробление	0.067
душица	0.067
иглотерапевт	0.067
ильм	0.067
кантата	0.067
карбункул	0.067
ковыряние	0.067
корректировщик	0.067
курильщица	0.067
ламбада	0.067
лизание	0.067
лунатичка	0.067
людоедка	0.067
мессенджер	0.067
микроинсульт	0.067
мирабель	0.067
монополист	0.067
мульча	0.067
мумификация	0.067
начисление	0.067
незаконность	0.067
непоколебимость	0.067
нефтепродукт	0.067
нимфомания	0.067
новаторство	0.067
ознаменование	0.067
опекунша	0.067
опорожнение	0.067
оседание	0.067
отжим	0.067
патронаж	0.067
перезапись	0.067
перикардит	0.067
перфокарта	0.067
поллюция	0.067
полуприцеп	0.067
попустительство	0.067
поругание	0.067
поташ	0.067
потение	0.067
префикс	0.067
приступление	0.067
присуждение	0.067
приучение	0.067
прославление	0.067
псевдонаука	0.067
пустословие	0.067
священство	0.067
смягчитель	0.067
соединитель	0.067
суаре	0.067
субсидирование	0.067
талантище	0.067
тапир	0.067
филиппинка	0.067
фрахтовщик	0.067
ханство	0.067
цитирование	0.067
шулерство	0.067
шутовство	0.067
экстравагантность	0.067
суахили	0.067
юрт	0.067
отходная	0.067
подметала	0.066
аксон	0.066
инока	0.066
тартан	0.066
лососина	0.066
удалённость	0.065
волосатость	0.065
нисхождение	0.065
ползание	0.065
сублимация	0.065
эклампсия	0.065
элегия	0.065
эпидемиология	0.065
апельсинчик	0.065
ареал	0.065
астигматизм	0.065
ацетат	0.065
бакалавриат	0.065
битбокс	0.065
бражник	0.065
брендинг	0.065
бромид	0.065
варикоз	0.065
великомученик	0.065
воздухозаборник	0.065
гипотония	0.065
гитана	0.065
гифа	0.065
гнездование	0.065
дальтонизм	0.065
дисконт	0.065
домоседка	0.065
еврейство	0.065
европеоид	0.065
засечка	0.065
злословие	0.065
игривость	0.065
камфара	0.065
капризуля	0.065
каталогизация	0.065
кириллица	0.065
кульман	0.065
локаут	0.065
лудильщик	0.065
лёсс	0.065
машинопись	0.065
миллиардерша	0.065
модистка	0.065
навешивание	0.065
наперстянка	0.065
неуместность	0.065
неуравновешенность	0.065
нунций	0.065
обливание	0.065
обсыпка	0.065
омбудсмен	0.065
ортодокс	0.065
отладка	0.065
отцеубийство	0.065
папула	0.065
пищание	0.065
плутишка	0.065
поджигательница	0.065
подсистема	0.065
помрачение	0.065
постоялица	0.065
праведница	0.065
правообладатель	0.065
притоп	0.065
прообраз	0.065
прочерк	0.065
прыгунья	0.065
разъединение	0.065
распаковка	0.065
реституция	0.065
саз	0.065
салки	0.065
самонаведение	0.065
самоуничижение	0.065
сверхсила	0.065
светобоязнь	0.065
соавторство	0.065
сыроварня	0.065
телекс	0.065
успение	0.065
утилизатор	0.065
уховёртка	0.065
фрустрация	0.065
хиляк	0.065
цесарка	0.065
шаманизм	0.065
эгоцентризм	0.065
экстерн	0.065
этил	0.065
эфедрин	0.065
фотофиниш	0.065
сосисочная	0.065
сторожок	0.065
самбук	0.065
наглеца	0.064
эпик	0.064
морфология	0.064
аберрация	0.064
австрийка	0.064
акрил	0.064
альбумин	0.064
античастица	0.064
артикуляция	0.064
безрассудность	0.064
бессердечие	0.064
брудер	0.064
бурса	0.064
вживление	0.064
винишко	0.064
виноделие	0.064
вошка	0.064
вымогательница	0.064
гематология	0.064
гонщица	0.064
горожанка	0.064
дактилоскопия	0.064
дебет	0.064
делопроизводство	0.064
диагностирование	0.064
директорат	0.064
зиггурат	0.064
идеалистка	0.064
идеальность	0.064
инвалидка	0.064
истеблишмент	0.064
йеменец	0.064
камфора	0.064
капибара	0.064
кольраби	0.064
конформист	0.064
лангуста	0.064
локдаун	0.064
лохотрон	0.064
маракуйя	0.064
маслобойка	0.064
миокардит	0.064
наладчик	0.064
негус	0.064
некромантия	0.064
нигилизм	0.064
нудизм	0.064
обязаловка	0.064
озлобленность	0.064
олигархия	0.064
оперативка	0.064
осмеяние	0.064
отвержение	0.064
открыточка	0.064
отталкивание	0.064
офтальмология	0.064
панибратство	0.064
пароварка	0.064
пастораль	0.064
патан	0.064
перекраивание	0.064
перенесение	0.064
переоборудование	0.064
пересъёмка	0.064
перетяжка	0.064
поджигание	0.064
потворство	0.064
потрошение	0.064
похабщина	0.064
преторий	0.064
прихлоп	0.064
причинность	0.064
просиживание	0.064
простатит	0.064
разбазаривание	0.064
раскачивание	0.064
родий	0.064
роялти	0.064
рукоблудие	0.064
рунд	0.064
саморазвитие	0.064
сворачивание	0.064
селянка	0.064
семейственность	0.064
сербка	0.064
скандирование	0.064
софистика	0.064
субъективность	0.064
трахома	0.064
требник	0.064
трезвенница	0.064
третьекурсник	0.064
удильщик	0.064
франкмасон	0.064
цесаревич	0.064
человечище	0.064
шпажка	0.064
экспрессионизм	0.064
язычница	0.064
отёчность	0.064
склеродермия	0.064
расследователь	0.064
кожан	0.064
прагматика	0.063
нечистота	0.063
сапа	0.063
сельтерская	0.063
эстетик	0.063
освещённость	0.062
обходительность	0.062
разграничение	0.062
электрокардиограмма	0.062
альтиметр	0.062
амбициозность	0.062
ангажемент	0.062
арфист	0.062
арфистка	0.062
архонт	0.062
асимметрия	0.062
баллотирование	0.062
братание	0.062
венесуэлец	0.062
волеизъявление	0.062
вседозволенность	0.062
вспоминание	0.062
выдавливание	0.062
вырывание	0.062
вытирание	0.062
гериатрия	0.062
государственность	0.062
градостроительство	0.062
двадцатилетие	0.062
дезинсекция	0.062
дешифровщик	0.062
душевность	0.062
дуэнья	0.062
жизнелюбие	0.062
жирность	0.062
журнализм	0.062
забывание	0.062
заклинательница	0.062
запирание	0.062
засилье	0.062
инжиниринг	0.062
ионосфера	0.062
истолкование	0.062
кадастр	0.062
каприс	0.062
квадриллион	0.062
квиток	0.062
киносценарий	0.062
клозет	0.062
конденсация	0.062
корректность	0.062
крейцер	0.062
криль	0.062
лемма	0.062
лигатура	0.062
лизол	0.062
махание	0.062
ментальность	0.062
митохондрия	0.062
набухание	0.062
нанду	0.062
нарушительница	0.062
недобросовестность	0.062
недооценка	0.062
незачёт	0.062
нормализация	0.062
носоглотка	0.062
обесценивание	0.062
осмос	0.062
отдалённость	0.062
отстаивание	0.062
палеолит	0.062
переназначение	0.062
перепой	0.062
перепроверка	0.062
перкуссия	0.062
перуанец	0.062
петунья	0.062
поползновение	0.062
портретист	0.062
потопление	0.062
предопределение	0.062
претенциозность	0.062
притеснитель	0.062
прожигатель	0.062
проигрывание	0.062
пролитие	0.062
противопоказание	0.062
радон	0.062
реформирование	0.062
румынка	0.062
сайра	0.062
себялюбие	0.062
серка	0.062
систематизация	0.062
скваттер	0.062
сновидец	0.062
советница	0.062
солодка	0.062
старичьё	0.062
стилистика	0.062
стронций	0.062
текучесть	0.062
телеса	0.062
термидор	0.062
траттория	0.062
триммер	0.062
турбуленция	0.062
тысячелистник	0.062
тёша	0.062
убывание	0.062
утеря	0.062
фотомонтаж	0.062
хлорат	0.062
цугцванг	0.062
чаровница	0.062
чёска	0.062
шартрез	0.062
электродинамика	0.062
ходун	0.062
доломит	0.062
новик	0.062
герметик	0.061
умиротворённость	0.061
аденома	0.061
антигерой	0.061
антрепренёр	0.061
ариетта	0.061
артикль	0.061
боекомплект	0.061
брег	0.061
бройлер	0.061
брыжейка	0.061
вероотступник	0.061
видеофильм	0.061
волосня	0.061
гаситель	0.061
гештальт	0.061
горчичка	0.061
градация	0.061
дворянка	0.061
двухсотлетие	0.061
действенность	0.061
докторантура	0.061
егермейстер	0.061
еретичка	0.061
завоз	0.061
замедлитель	0.061
зрелищность	0.061
индуска	0.061
инкубация	0.061
искательница	0.061
искусствоведение	0.061
креолка	0.061
культивирование	0.061
кучность	0.061
марсала	0.061
мессалина	0.061
месячник	0.061
натирание	0.061
нацеливание	0.061
наёмница	0.061
низложение	0.061
нормирование	0.061
облизывание	0.061
оперирование	0.061
пенаты	0.061
перетаскивание	0.061
пикетчик	0.061
полузащита	0.061
помазание	0.061
пособница	0.061
потерянность	0.061
прерафаэлит	0.061
прокачка	0.061
протекание	0.061
пылкость	0.061
пятидесятилетие	0.061
пёрка	0.061
разрывание	0.061
расселение	0.061
рационализм	0.061
результативность	0.061
рецептик	0.061
сбивание	0.061
скидочка	0.061
скрепление	0.061
совратитель	0.061
создательница	0.061
солка	0.061
сосание	0.061
спектроскоп	0.061
сусло	0.061
тарантелла	0.061
топтун	0.061
троакар	0.061
трубкозуб	0.061
трудотерапия	0.061
тубероза	0.061
укрывание	0.061
укрыватель	0.061
универсальность	0.061
усище	0.061
финикиец	0.061
фундаментализм	0.061
хохмач	0.061
хронограф	0.061
центрист	0.061
цитра	0.061
якобинец	0.061
кромешник	0.061
неряшливость	0.061
периодичность	0.061
своевременность	0.061
посредство	0.060
эксцентрик	0.060
цикля	0.060
коновал	0.060
трёхлетка	0.060
учан	0.060
кинза	0.060
арабеск	0.059
ситце	0.059
балансирование	0.059
живучесть	0.059
музыкальность	0.059
накаливание	0.059
непорядочность	0.059
нечувствительность	0.059
опустошённость	0.059
перекладывание	0.059
синкопа	0.059
анисовка	0.059
аукционер	0.059
бессердечность	0.059
вавилонянин	0.059
винкель	0.059
виртуальность	0.059
вправление	0.059
выброска	0.059
выкапывание	0.059
выскабливание	0.059
габардин	0.059
гедонизм	0.059
гигиенист	0.059
гонитель	0.059
греховность	0.059
десантирование	0.059
диктат	0.059
дрюк	0.059
египтология	0.059
единообразие	0.059
жертвование	0.059
идолопоклонник	0.059
измельчение	0.059
изящность	0.059
исповедание	0.059
комедиантка	0.059
кристаллизация	0.059
легкомысленность	0.059
лепра	0.059
либералка	0.059
ликёрчик	0.059
лимфа	0.059
майорат	0.059
макание	0.059
материальчик	0.059
мочеточник	0.059
муштра	0.059
надевание	0.059
незаинтересованность	0.059
непогрешимость	0.059
неудовлетворение	0.059
нистагм	0.059
ноктюрн	0.059
обвязка	0.059
озвучивание	0.059
оплакивание	0.059
опухание	0.059
основоположник	0.059
остеомиелит	0.059
осциллятор	0.059
ощупывание	0.059
пайщик	0.059
палатин	0.059
перегруз	0.059
передачка	0.059
переполнение	0.059
перфоратор	0.059
плакальщица	0.059
подгоняла	0.059
подталкивание	0.059
подтирка	0.059
подхалимаж	0.059
подхалимка	0.059
поливание	0.059
приводнение	0.059
прокалывание	0.059
прокрутка	0.059
прокурорша	0.059
птеранодон	0.059
пурист	0.059
пятидесятник	0.059
рапс	0.059
распознаватель	0.059
рассеяние	0.059
римлянка	0.059
садовница	0.059
сейм	0.059
секста	0.059
сикомор	0.059
силачка	0.059
тартинка	0.059
термитник	0.059
транш	0.059
трассировка	0.059
туляремия	0.059
усыновитель	0.059
фенол	0.059
херувимчик	0.059
экзистенциалист	0.059
эластик	0.059
электроток	0.059
эмигрантка	0.059
эндокринолог	0.059
эпифиз	0.059
эспланада	0.059
этичность	0.059
взаимозависимость	0.059
ланды	0.059
пампасы	0.058
саман	0.058
интеллектуалка	0.058
важ	0.058
сотенная	0.058
вирусология	0.057
позитивность	0.057
агрономия	0.057
аспиратор	0.057
аэрон	0.057
битум	0.057
вероучение	0.057
восполнение	0.057
вруша	0.057
вулканолог	0.057
выгорание	0.057
выжидание	0.057
выпрашивание	0.057
вытягивание	0.057
вязальщица	0.057
гипертермия	0.057
гитаристка	0.057
графология	0.057
грузоподъёмник	0.057
гусеничка	0.057
дальнозоркость	0.057
деревообработка	0.057
дигиталис	0.057
добропорядочность	0.057
документалистика	0.057
дрога	0.057
заметание	0.057
зрительница	0.057
инфильтрат	0.057
иссечение	0.057
канонизация	0.057
кармелитка	0.057
кетгут	0.057
козинак	0.057
конкурентоспособность	0.057
контрагент	0.057
контрастность	0.057
конформизм	0.057
крольчатина	0.057
кубинка	0.057
лапонька	0.057
легальность	0.057
лейтмотив	0.057
летаргия	0.057
лжесвидетель	0.057
липид	0.057
мешалка	0.057
миелит	0.057
модернист	0.057
муэдзин	0.057
наплав	0.057
напыщенность	0.057
необратимость	0.057
неразлучник	0.057
нобиль	0.057
обойщик	0.057
отбельщик	0.057
отбивание	0.057
отмирание	0.057
относ	0.057
отоларинголог	0.057
отсев	0.057
паникёрша	0.057
партеногенез	0.057
педерастия	0.057
переваривание	0.057
перестроение	0.057
перигей	0.057
подзаголовок	0.057
помпезность	0.057
популяризация	0.057
португалка	0.057
прародительница	0.057
предвестие	0.057
прикуп	0.057
прорицание	0.057
протезист	0.057
разбавитель	0.057
развозчик	0.057
развёртка	0.057
раздувание	0.057
распространённость	0.057
расхищение	0.057
рефрен	0.057
рым	0.057
самаритянка	0.057
сандал	0.057
свадебка	0.057
седалище	0.057
сейсмология	0.057
сексолог	0.057
семилетие	0.057
слюноотделение	0.057
смывание	0.057
соизволение	0.057
сомнамбулизм	0.057
сошествие	0.057
спектрограф	0.057
спектроскопия	0.057
спич	0.057
стимпанк	0.057
стремечко	0.057
строгач	0.057
судостроитель	0.057
сумочник	0.057
тахометр	0.057
тиролец	0.057
трагик	0.057
умалчивание	0.057
фармаколог	0.057
фокусница	0.057
фригидность	0.057
цадик	0.057
чилим	0.057
шажочек	0.057
шалька	0.057
швыряние	0.057
шепелявость	0.057
южноамериканец	0.057
юмористка	0.057
исполнительность	0.057
манко	0.057
приспособляемость	0.057
фолио	0.057
талька	0.057
утюжок	0.057
столярная	0.057
ломонос	0.057
вис	0.057
каплун	0.057
мясоед	0.057
надувала	0.057
грузовоз	0.056
молка	0.056
десяточек	0.056
верша	0.056
светлейший	0.056
радиотрансляция	0.056
смиренность	0.056
уступчивость	0.056
авитаминоз	0.056
адекватность	0.056
азан	0.056
аллерголог	0.056
альвеола	0.056
анархизм	0.056
анархистка	0.056
аннексия	0.056
аскетизм	0.056
бабища	0.056
бенгалец	0.056
биомеханика	0.056
бормотуха	0.056
булочница	0.056
бульончик	0.056
буффонада	0.056
бюргер	0.056
влиятельность	0.056
выкачивание	0.056
выпячивание	0.056
галантерейщик	0.056
гамаша	0.056
гнильца	0.056
губитель	0.056
декомпенсация	0.056
дериват	0.056
дзюдоист	0.056
диффамация	0.056
доследование	0.056
дуплекс	0.056
единобрачие	0.056
зажжение	0.056
закусочка	0.056
запечатывание	0.056
зеленщик	0.056
зернистость	0.056
зернохранилище	0.056
идолопоклонство	0.056
изм	0.056
инструкторша	0.056
интегратор	0.056
инфантильность	0.056
канва	0.056
кидание	0.056
клир	0.056
контейнеровоз	0.056
контрпредложение	0.056
кубизм	0.056
легкоатлет	0.056
лобзание	0.056
ломтерезка	0.056
макаль	0.056
меланин	0.056
мелочишка	0.056
мистраль	0.056
монашество	0.056
муфтий	0.056
наперсница	0.056
нарез	0.056
нормаль	0.056
нормандец	0.056
нюхание	0.056
облагораживание	0.056
опреснение	0.056
осознанность	0.056
остракизм	0.056
отравительница	0.056
палантин	0.056
паричок	0.056
пеленание	0.056
плезиозавр	0.056
подвозка	0.056
подтирание	0.056
поляризация	0.056
постирушка	0.056
поэтичность	0.056
правомерность	0.056
примас	0.056
принос	0.056
продувка	0.056
прожект	0.056
пуританка	0.056
рабовладение	0.056
разбрызгивание	0.056
распиливание	0.056
растратчик	0.056
растягивание	0.056
расходование	0.056
ратификация	0.056
ревизионизм	0.056
ретроград	0.056
рецепция	0.056
самобытность	0.056
самовосхваление	0.056
самообучение	0.056
самосожжение	0.056
сентиментальщина	0.056
симулянтка	0.056
синематограф	0.056
сопричастность	0.056
соусница	0.056
старательство	0.056
старшекурсница	0.056
товарооборот	0.056
традиционалист	0.056
тустеп	0.056
умбра	0.056
утомляемость	0.056
утяжелитель	0.056
флюороскоп	0.056
фот	0.056
централь	0.056
цикличность	0.056
чванство	0.056
швартовка	0.056
шеллак	0.056
шлиц	0.056
шоколадница	0.056
шпынь	0.056
эскимоска	0.056
юс	0.056
кантеле	0.056
нагорье	0.056
хазарин	0.056
нудь	0.055
хныкала	0.055
очернение	0.055
синенькая	0.055
саёк	0.055
трог	0.055
двухлетка	0.055
фес	0.055
диалектик	0.054
маниока	0.054
автодорога	0.054
бетонирование	0.054
изолированность	0.054
коллизия	0.054
нелогичность	0.054
нелояльность	0.054
рекламация	0.054
усложнение	0.054
чрезмерность	0.054
экстраполяция	0.054
автоклав	0.054
безбожие	0.054
бездомность	0.054
бретонец	0.054
виконтесса	0.054
волейболистка	0.054
вульгарщина	0.054
выкат	0.054
гемолиз	0.054
датирование	0.054
добрососедство	0.054
драчунья	0.054
дуализм	0.054
евхаристия	0.054
иммунизация	0.054
инертность	0.054
информант	0.054
иссушение	0.054
календула	0.054
каталонец	0.054
катод	0.054
квестор	0.054
кинопроизводство	0.054
кипячение	0.054
копьеносец	0.054
коррумпированность	0.054
креол	0.054
кривотолки	0.054
курирование	0.054
лапшичка	0.054
ливанка	0.054
литания	0.054
лицезрение	0.054
майоран	0.054
мизгирь	0.054
микрохирургия	0.054
миссионерство	0.054
молчунья	0.054
моляр	0.054
мужеложство	0.054
мужененавистница	0.054
надавливание	0.054
называние	0.054
нейтральность	0.054
неолит	0.054
несессер	0.054
окислитель	0.054
околичность	0.054
оркестровка	0.054
отплата	0.054
переиздание	0.054
переименование	0.054
подгон	0.054
подкомиссия	0.054
поднимание	0.054
пожимание	0.054
полировщик	0.054
поляроид	0.054
потир	0.054
привязывание	0.054
пробивание	0.054
проблематика	0.054
прободение	0.054
раскачка	0.054
расхитительница	0.054
рейхсканцлер	0.054
рукоположение	0.054
самоуспокоение	0.054
светочувствительность	0.054
сельджук	0.054
серология	0.054
синопсис	0.054
сквернослов	0.054
словенец	0.054
смуглянка	0.054
снегоуборщик	0.054
сокольничий	0.054
соратница	0.054
сорокопут	0.054
сребреник	0.054
стило	0.054
стоматит	0.054
тавтология	0.054
теплоизоляция	0.054
толкатель	0.054
треста	0.054
триумфатор	0.054
умопомешательство	0.054
умёт	0.054
фантасмагория	0.054
фермерша	0.054
фотомагазин	0.054
хиромантия	0.054
царёк	0.054
четвертование	0.054
чтица	0.054
шпиндель	0.054
шустряк	0.054
экземплярчик	0.054
экстрактор	0.054
эскапада	0.054
эффектность	0.054
бриошь	0.054
дзета	0.054
кошатина	0.054
манерность	0.054
многогранность	0.054
нечистоплотность	0.054
подержка	0.054
почёсывание	0.054
праздношатание	0.054
разборчивость	0.054
разрастание	0.054
раскрепощение	0.054
ролька	0.054
саржа	0.054
семиотика	0.054
суспензия	0.054
терпеливость	0.054
упреждение	0.054
цареубийство	0.054
эгоистичность	0.054
нелюдим	0.054
сушило	0.053
щипка	0.053
розан	0.053
приработок	0.053
ползок	0.053
ганза	0.053
абиссинец	0.052
автоприцеп	0.052
акванавт	0.052
ассонанс	0.052
букс	0.052
бурмистр	0.052
буровик	0.052
бурт	0.052
вешатель	0.052
визжание	0.052
вискоза	0.052
восшествие	0.052
втягивание	0.052
выстраивание	0.052
ганглий	0.052
глазировка	0.052
гомеостаз	0.052
гражданственность	0.052
грампластинка	0.052
датировка	0.052
девиация	0.052
делатель	0.052
демократизация	0.052
демонология	0.052
депозитарий	0.052
десегрегация	0.052
дренирование	0.052
завладение	0.052
закатывание	0.052
запечатление	0.052
засыпание	0.052
зачитывание	0.052
изобличение	0.052
инвертор	0.052
интересность	0.052
инфильтрация	0.052
иприт	0.052
иранка	0.052
иррациональность	0.052
искрение	0.052
ишиас	0.052
конвергенция	0.052
контрабандистка	0.052
конфуцианство	0.052
краболов	0.052
кручение	0.052
кувыркание	0.052
кусание	0.052
матриархат	0.052
методичка	0.052
меховщик	0.052
мироощущение	0.052
миссионерка	0.052
многожёнство	0.052
мутон	0.052
набивание	0.052
накачка	0.052
невоздержанность	0.052
невыплата	0.052
незначительность	0.052
нейтрал	0.052
неспециалист	0.052
обесточивание	0.052
обтекатель	0.052
обугливание	0.052
овцебык	0.052
окклюзия	0.052
окостенение	0.052
омнибус	0.052
ополаскивание	0.052
опрелость	0.052
оратория	0.052
отвратительность	0.052
отрешение	0.052
охотничек	0.052
паритет	0.052
перекраска	0.052
перемешивание	0.052
пикадор	0.052
плавильня	0.052
плательщик	0.052
плутократ	0.052
поддельщик	0.052
подкрутка	0.052
попрание	0.052
попрыгунья	0.052
прелюбодейство	0.052
прогонка	0.052
проктология	0.052
прострел	0.052
протоплазма	0.052
пускание	0.052
пустула	0.052
рационалист	0.052
рогожина	0.052
сальмонеллёз	0.052
сальность	0.052
самоусовершенствование	0.052
сапсан	0.052
связность	0.052
святотатец	0.052
сенешаль	0.052
систола	0.052
скандальчик	0.052
спелеология	0.052
спирохета	0.052
срамота	0.052
счетоводство	0.052
телеобъектив	0.052
тонзиллит	0.052
топология	0.052
триктрак	0.052
тринитротолуол	0.052
укладчик	0.052
укладывание	0.052
уродливость	0.052
уругваец	0.052
утопист	0.052
утроение	0.052
утёночек	0.052
учащение	0.052
фабрикация	0.052
фрейдист	0.052
футурист	0.052
хватание	0.052
хормейстер	0.052
централизация	0.052
церковница	0.052
циклотрон	0.052
чартист	0.052
чреда	0.052
шептала	0.052
шпак	0.052
шутиха	0.052
электролиз	0.052
эманация	0.052
бряцание	0.052
воздыхание	0.052
детоубийство	0.052
зашивание	0.052
коник	0.052
мантилья	0.052
отбивка	0.052
предопределённость	0.052
суперобложка	0.052
трепетание	0.052
фиброма	0.052
притирка	0.052
трепало	0.052
черва	0.052
всенощная	0.052
сомнамбул	0.051
сорит	0.051
образующая	0.051
подолье	0.051
полива	0.051
кадь	0.051
стека	0.051
тукан	0.051
заливное	0.050
гидратация	0.050
аборигенка	0.050
автократия	0.050
аквамарин	0.050
акциз	0.050
антагонист	0.050
апокриф	0.050
ассенизатор	0.050
ассириец	0.050
атлетизм	0.050
баллиста	0.050
биатлон	0.050
билирубин	0.050
бонбоньерка	0.050
брюнеточка	0.050
велосипедистка	0.050
водоотвод	0.050
водосбор	0.050
возбудимость	0.050
втирание	0.050
выдумывание	0.050
высокомерность	0.050
гальванизм	0.050
гегемония	0.050
главка	0.050
грамзапись	0.050
грудничок	0.050
демократка	0.050
доверитель	0.050
долговечность	0.050
дружелюбность	0.050
дюкер	0.050
забрасывание	0.050
задымление	0.050
замалчивание	0.050
запутывание	0.050
захватчица	0.050
звёздность	0.050
землевладение	0.050
игольница	0.050
импровизатор	0.050
индексация	0.050
информированность	0.050
камбоджиец	0.050
каталепсия	0.050
кенгурёнок	0.050
кениец	0.050
кларнетист	0.050
ковырялка	0.050
колумбийка	0.050
коляда	0.050
конфетница	0.050
конъюнктура	0.050
космополит	0.050
красоточка	0.050
крикунья	0.050
культивация	0.050
латинянин	0.050
легковес	0.050
линт	0.050
лярва	0.050
мазик	0.050
малаец	0.050
маринование	0.050
метраж	0.050
мечехвост	0.050
мизер	0.050
милаша	0.050
милитаризм	0.050
молниеотвод	0.050
монтекристо	0.050
мормонка	0.050
мотогонщик	0.050
мутаген	0.050
наперсник	0.050
невосприимчивость	0.050
недопущение	0.050
непринятие	0.050
нефтедобыча	0.050
обычность	0.050
оккультист	0.050
опрыскиватель	0.050
осушитель	0.050
пальпация	0.050
патрубок	0.050
педантизм	0.050
переложение	0.050
переменчивость	0.050
пиндос	0.050
пискунья	0.050
плутовство	0.050
повествователь	0.050
полифония	0.050
помышление	0.050
правопреемник	0.050
преторианец	0.050
прикасание	0.050
примитивизм	0.050
провождение	0.050
просфора	0.050
прятание	0.050
радикализм	0.050
радиоперехват	0.050
размораживание	0.050
размягчение	0.050
реквизиция	0.050
респондент	0.050
рецептура	0.050
рифмоплёт	0.050
ростовщица	0.050
самоуправец	0.050
сахароза	0.050
сексология	0.050
септик	0.050
серебряник	0.050
склеивание	0.050
склера	0.050
смотрение	0.050
собачница	0.050
спуд	0.050
статут	0.050
стерилизатор	0.050
тиамин	0.050
тоталитаризм	0.050
травматизм	0.050
тщета	0.050
тяжелоатлет	0.050
укорочение	0.050
унификация	0.050
фатализм	0.050
фильмотека	0.050
флёрдоранж	0.050
фульгурит	0.050
хлёбово	0.050
целлулоид	0.050
циста	0.050
цитология	0.050
чесание	0.050
шлёпание	0.050
экспериментирование	0.050
этруск	0.050
неприступность	0.050
переплата	0.050
потягивание	0.050
психометрия	0.050
пухляк	0.050
разгребание	0.050
свободомыслие	0.050
связник	0.050
упование	0.050
штриховка	0.050
мужичка	0.050
арника	0.050
мадама	0.050
навис	0.050
обжигала	0.050
застольная	0.049
дерть	0.049
абсорбция	0.048
неразборчивость	0.048
обороноспособность	0.048
эротомания	0.048
апоплексия	0.048
артистичность	0.048
беспринципность	0.048
визави	0.048
виртуозность	0.048
гастроскопия	0.048
калорийность	0.048
мимолётность	0.048
неподкупность	0.048
сопряжение	0.048
тайнопись	0.048
френология	0.048
хинду	0.048
абак	0.048
автомобилестроение	0.048
албанка	0.048
англосакс	0.048
баптизм	0.048
безвластие	0.048
безграничность	0.048
бельгийка	0.048
бензопровод	0.048
беспорядочность	0.048
бирманец	0.048
бланманже	0.048
брандер	0.048
бронеавтомобиль	0.048
бунд	0.048
вайя	0.048
ведунья	0.048
велорикша	0.048
верига	0.048
верификация	0.048
виноторговец	0.048
возложение	0.048
вопросец	0.048
впитывание	0.048
выжигание	0.048
выжимка	0.048
выкладывание	0.048
вылизывание	0.048
гамадрил	0.048
геральдика	0.048
гипнотизм	0.048
глумление	0.048
година	0.048
давильня	0.048
делегирование	0.048
дилетантство	0.048
дирижирование	0.048
дихотомия	0.048
додекаэдр	0.048
дряхлость	0.048
женоубийца	0.048
жидовка	0.048
запекание	0.048
заторможенность	0.048
затухание	0.048
избирательница	0.048
иммунология	0.048
иноверец	0.048
инфразвук	0.048
иорданец	0.048
ироничность	0.048
искусность	0.048
искусственность	0.048
калика	0.048
кальцит	0.048
карапузик	0.048
квестура	0.048
консервирование	0.048
кривоножка	0.048
критикан	0.048
критицизм	0.048
крючкотвор	0.048
купава	0.048
курильня	0.048
ланита	0.048
лженаука	0.048
лисель	0.048
лицедей	0.048
люминал	0.048
люфа	0.048
лягушечка	0.048
магнетит	0.048
манежик	0.048
миловидность	0.048
минералогия	0.048
миома	0.048
мистрис	0.048
мозазавр	0.048
молибден	0.048
мушкетон	0.048
нагноение	0.048
наддув	0.048
надкостница	0.048
надоедливость	0.048
натянутость	0.048
нахлебница	0.048
небезопасность	0.048
неврома	0.048
нейрология	0.048
несвобода	0.048
обжог	0.048
обидчивость	0.048
образность	0.048
окаменение	0.048
округление	0.048
оранжад	0.048
ослушание	0.048
остекление	0.048
отрепье	0.048
отрубание	0.048
официоз	0.048
очковтирательство	0.048
папуша	0.048
педантичность	0.048
перерасчёт	0.048
перетасовка	0.048
периодика	0.048
перистальтика	0.048
пивоварение	0.048
подстановка	0.048
поедательница	0.048
полинезиец	0.048
пораженчество	0.048
потемнение	0.048
пощипывание	0.048
преставление	0.048
привратница	0.048
примула	0.048
притупление	0.048
причудливость	0.048
прогульщица	0.048
просеивание	0.048
противоречивость	0.048
протыкание	0.048
протёк	0.048
проходчик	0.048
пустобрёх	0.048
развешивание	0.048
развоз	0.048
разобщённость	0.048
районирование	0.048
рамс	0.048
регентша	0.048
роббер	0.048
самоограничение	0.048
свинарь	0.048
сгон	0.048
сдельщина	0.048
себялюбец	0.048
силлогизм	0.048
синхронизатор	0.048
скотоводство	0.048
скрутка	0.048
словоблудие	0.048
совладелица	0.048
сосун	0.048
спермацет	0.048
ставрида	0.048
стервоза	0.048
страстоцвет	0.048
строчила	0.048
судостроение	0.048
темпера	0.048
трансцендентность	0.048
учительство	0.048
фатум	0.048
ферментация	0.048
фиакр	0.048
фиглярство	0.048
фитюлька	0.048
фланец	0.048
фокусирование	0.048
фоторепортаж	0.048
цехин	0.048
чернобыльник	0.048
чудодей	0.048
чуйка	0.048
шансон	0.048
шептание	0.048
шестидесятилетие	0.048
шинок	0.048
шпагоглотатель	0.048
штамповка	0.048
экранирование	0.048
эндокринология	0.048
эстонка	0.048
эстрадник	0.048
этилен	0.048
целлюлит	0.048
маниок	0.048
метафизик	0.048
индуистка	0.048
девишник	0.048
байстрюк	0.048
просак	0.048
красильщик	0.048
жаропонижающее	0.048
девятилетка	0.047
квасцы	0.047
кортесы	0.047
трёхлеток	0.047
филей	0.047
шпон	0.047
пингвинёнок	0.047
мафусаил	0.047
сырец	0.047
засоня	0.047
старь	0.047
посевная	0.047
мочило	0.047
латинка	0.047
сальдо	0.046
допустимость	0.046
податливость	0.046
подчинённость	0.046
экономичность	0.046
этимология	0.046
автопоезд	0.046
автопробег	0.046
агломерация	0.046
азур	0.046
амальгама	0.046
анион	0.046
архимандрит	0.046
бесхребетность	0.046
блокгауз	0.046
бомбометание	0.046
величественность	0.046
взаимосвязанность	0.046
визгун	0.046
висмут	0.046
водозабор	0.046
водосброс	0.046
выкручивание	0.046
выпаривание	0.046
вышивальщица	0.046
гавайка	0.046
гавот	0.046
гарус	0.046
гематит	0.046
гидроусилитель	0.046
гипертрофия	0.046
голяшка	0.046
госэкзамен	0.046
градостроитель	0.046
декодирование	0.046
дельтапланеризм	0.046
дентин	0.046
децентрализация	0.046
джазист	0.046
диверсификация	0.046
диктаторство	0.046
доение	0.046
доминиканка	0.046
донжон	0.046
дорожник	0.046
дудник	0.046
запихивание	0.046
застревание	0.046
зоил	0.046
извоз	0.046
изношенность	0.046
интерлюдия	0.046
ирригатор	0.046
казеин	0.046
кальвинист	0.046
кинопрокат	0.046
китолов	0.046
клака	0.046
клятвопреступник	0.046
кожзаменитель	0.046
компоновка	0.046
кровиночка	0.046
кровохаркание	0.046
кукушечка	0.046
лабораторка	0.046
лизунья	0.046
магнитосфера	0.046
манифестант	0.046
марокканка	0.046
маршировка	0.046
маршрутизация	0.046
меблировка	0.046
метеоспутник	0.046
милашечка	0.046
мюзет	0.046
нарколог	0.046
натр	0.046
натуральность	0.046
неизменность	0.046
неотразимость	0.046
неравнодушие	0.046
несерьёзность	0.046
обводка	0.046
обирала	0.046
обледенение	0.046
обувщик	0.046
объединитель	0.046
обязательность	0.046
овцевод	0.046
опрокидывание	0.046
осветлитель	0.046
отведение	0.046
отождествление	0.046
отсеивание	0.046
отсечка	0.046
парняга	0.046
пасквиль	0.046
пацифистка	0.046
пеллагра	0.046
переаттестация	0.046
переманивание	0.046
переориентация	0.046
переполненность	0.046
пикирование	0.046
плис	0.046
подверженность	0.046
поджаривание	0.046
подкачка	0.046
подкорка	0.046
подогреватель	0.046
подрыватель	0.046
политиканство	0.046
полишинель	0.046
прикуривание	0.046
пристойность	0.046
причет	0.046
пришивание	0.046
прогуливание	0.046
продуманность	0.046
прозябание	0.046
пронос	0.046
протестантство	0.046
псарь	0.046
пятилетие	0.046
разводчик	0.046
растворение	0.046
расшаркивание	0.046
реформист	0.046
рюшка	0.046
самоощущение	0.046
сгущение	0.046
северянка	0.046
севооборот	0.046
силикат	0.046
складирование	0.046
склейка	0.046
склеротик	0.046
скоросшиватель	0.046
солдатня	0.046
соловушек	0.046
сонатина	0.046
сонник	0.046
сообщничество	0.046
сопелка	0.046
спутывание	0.046
стихосложение	0.046
телефония	0.046
терция	0.046
топсель	0.046
триба	0.046
триплет	0.046
трирема	0.046
трудоспособность	0.046
турнюр	0.046
убегание	0.046
удачник	0.046
упорядочение	0.046
флористика	0.046
фотогеничность	0.046
художественность	0.046
целестин	0.046
шваб	0.046
швейка	0.046
шлаг	0.046
электроплита	0.046
электропривод	0.046
элерон	0.046
эстамп	0.046
этнолог	0.046
ясак	0.046
баронство	0.046
благожелательность	0.046
гибридизация	0.046
капание	0.046
мусульманство	0.046
незаменимость	0.046
необузданность	0.046
паразитология	0.046
паскудство	0.046
переобучение	0.046
простачка	0.046
слащавость	0.046
согревание	0.046
тучность	0.046
фурнитура	0.046
щегольство	0.046
моджахед	0.046
прослоек	0.046
искомое	0.046
схемка	0.046
путина	0.046
добрячок	0.045
эпика	0.045
возничий	0.045
димедрол	0.045
переделывание	0.045
шампань	0.045
продел	0.044
светомузыка	0.044
кайен	0.044
баска	0.044
сомнительность	0.044
ворвань	0.044
гидроизоляция	0.044
дальнобойность	0.044
диоптрия	0.044
идеализация	0.044
максимизация	0.044
незавершённость	0.044
немочь	0.044
необъективность	0.044
нерадивость	0.044
репрезентация	0.044
агнат	0.044
американизм	0.044
анатомичка	0.044
антисемитка	0.044
апробация	0.044
аэросъёмка	0.044
басон	0.044
безик	0.044
безызвестность	0.044
белошвейка	0.044
бессознательность	0.044
бундесвер	0.044
вакханка	0.044
верк	0.044
взбивание	0.044
взимание	0.044
висение	0.044
воздухоочиститель	0.044
восьмилетие	0.044
впадинка	0.044
вписка	0.044
выбрасыватель	0.044
выжимание	0.044
высыхание	0.044
выуживание	0.044
ганец	0.044
геологоразведка	0.044
гусятина	0.044
данник	0.044
диспропорция	0.044
довыборы	0.044
долготерпение	0.044
драп	0.044
дубильня	0.044
жалобщик	0.044
жиклёр	0.044
закрывание	0.044
заложение	0.044
заполнитель	0.044
зубровка	0.044
иконография	0.044
имитирование	0.044
иммунолог	0.044
инфинитив	0.044
инфлюэнца	0.044
искусница	0.044
калькуляция	0.044
канцелярщина	0.044
карликовость	0.044
квипрокво	0.044
кератин	0.044
коммерциализация	0.044
компиляция	0.044
компьютеризация	0.044
кондёр	0.044
копчение	0.044
корейка	0.044
коронование	0.044
кралечка	0.044
лакуна	0.044
ланолин	0.044
лицедейство	0.044
ляпсус	0.044
махинатор	0.044
мацони	0.044
метеосводка	0.044
многоженец	0.044
мориск	0.044
мотовство	0.044
мракобес	0.044
мыльце	0.044
мюон	0.044
надсмотр	0.044
надувание	0.044
накладывание	0.044
насвистывание	0.044
неврастеничка	0.044
неврастения	0.044
недоброжелательность	0.044
немощность	0.044
непредусмотрительность	0.044
обвес	0.044
обнажённость	0.044
оборина	0.044
обособленность	0.044
окат	0.044
омертвение	0.044
оппортунизм	0.044
осушение	0.044
откорм	0.044
отращивание	0.044
отщепенка	0.044
охальник	0.044
палочник	0.044
паскудник	0.044
патронесса	0.044
пахит	0.044
педикулёз	0.044
пережёвывание	0.044
перекалибровка	0.044
перекрест	0.044
першение	0.044
поверхностность	0.044
пожирательница	0.044
почитательница	0.044
предвестница	0.044
пресвитерианин	0.044
претворение	0.044
припой	0.044
проглатывание	0.044
пропорциональность	0.044
протагонист	0.044
протекционизм	0.044
прядильщик	0.044
психоневролог	0.044
птифур	0.044
пустослов	0.044
пухлячок	0.044
пяльцы	0.044
разбавление	0.044
развес	0.044
разделывание	0.044
раздробление	0.044
расформирование	0.044
рекомендатель	0.044
рентгеноскопия	0.044
рецидивистка	0.044
романистка	0.044
рудимент	0.044
саечка	0.044
самогипноз	0.044
самость	0.044
свидетельствование	0.044
свих	0.044
сгибатель	0.044
сдирание	0.044
секстет	0.044
симптоматика	0.044
синьория	0.044
скопидом	0.044
слабохарактерность	0.044
словенка	0.044
слюнотечение	0.044
советчица	0.044
согрев	0.044
солеварня	0.044
специфичность	0.044
стеклорез	0.044
стипендиатка	0.044
стрессор	0.044
субпродукт	0.044
суетность	0.044
термы	0.044
толстовец	0.044
тонировка	0.044
топтание	0.044
трактирщица	0.044
трогание	0.044
туземка	0.044
тюленёнок	0.044
урбанизация	0.044
урезка	0.044
усадка	0.044
устремлённость	0.044
утильсырьё	0.044
утор	0.044
учинение	0.044
фанфарон	0.044
фонетика	0.044
форинт	0.044
храповик	0.044
царственность	0.044
цементовоз	0.044
чекан	0.044
червончик	0.044
чесалка	0.044
шассе	0.044
шахиншах	0.044
штукарь	0.044
экспатриант	0.044
экспедиционер	0.044
экспрессионист	0.044
юбочник	0.044
половозрелость	0.044
перебивание	0.044
беремя	0.043
проплыв	0.043
четверня	0.043
обзывание	0.043
вынюхивание	0.043
упрямость	0.043
куранта	0.043
прозекторская	0.043
ехидна	0.043
прожилок	0.043
брызгало	0.043
мастит	0.043
скопа	0.043
игил	0.042
глиссада	0.042
аркебуза	0.042
гнусь	0.042
раскос	0.042
гиперемия	0.042
дискретность	0.042
конверсия	0.042
множественность	0.042
недолговечность	0.042
скрупулёзность	0.042
абака	0.042
авиагоризонт	0.042
автономность	0.042
агитка	0.042
агрокультура	0.042
алжирка	0.042
анестезиология	0.042
антракоз	0.042
археоптерикс	0.042
архивист	0.042
ассистирование	0.042
асцит	0.042
аутотренинг	0.042
баптистка	0.042
безбилетница	0.042
безгрешность	0.042
бездушие	0.042
безобразница	0.042
бенедиктинец	0.042
бензонасос	0.042
бионика	0.042
богомил	0.042
боковина	0.042
болтание	0.042
бомбарда	0.042
букашечка	0.042
бутафор	0.042
велодром	0.042
виночерпий	0.042
внушаемость	0.042
водослив	0.042
возделывание	0.042
воцарение	0.042
впрыскивание	0.042
всезнание	0.042
вскидка	0.042
вылупление	0.042
выманивание	0.042
выпускание	0.042
выстилка	0.042
выщипывание	0.042
газация	0.042
газолин	0.042
гайморит	0.042
гашение	0.042
глад	0.042
говорение	0.042
говядинка	0.042
голеностоп	0.042
голография	0.042
графоман	0.042
десть	0.042
динамизм	0.042
дифференциация	0.042
добор	0.042
докторант	0.042
драпировщик	0.042
дрек	0.042
дрот	0.042
жёлчность	0.042
завинчивание	0.042
заедание	0.042
закал	0.042
закидывание	0.042
засорение	0.042
здоровячка	0.042
зигота	0.042
идиотия	0.042
избранность	0.042
избыточность	0.042
изгнанница	0.042
интернирование	0.042
кагор	0.042
камнедробилка	0.042
капитулянт	0.042
карьеризм	0.042
китайчонок	0.042
книгопечатание	0.042
козлище	0.042
колониалист	0.042
колотун	0.042
комбинирование	0.042
кондотьер	0.042
контрактура	0.042
координирование	0.042
кораблестроитель	0.042
кремирование	0.042
кровинушка	0.042
крючкотворство	0.042
лазурит	0.042
ламбрекен	0.042
ламинария	0.042
лендлорд	0.042
лепесточек	0.042
люмбаго	0.042
люмпен	0.042
магнитометр	0.042
матерщина	0.042
микрокосм	0.042
милушка	0.042
многочлен	0.042
морализаторство	0.042
мореходство	0.042
морфинист	0.042
мотобол	0.042
мохер	0.042
мулине	0.042
мусорщица	0.042
мятежница	0.042
надколенник	0.042
наполненность	0.042
начертание	0.042
невредимость	0.042
неиспользование	0.042
неотложность	0.042
неплатёж	0.042
непризнание	0.042
низвержение	0.042
нужность	0.042
ныряльщица	0.042
обжа	0.042
одалиска	0.042
оливин	0.042
оппортунистка	0.042
опросчик	0.042
опущение	0.042
острослов	0.042
отвальная	0.042
отступница	0.042
парализация	0.042
парапсихолог	0.042
парез	0.042
паротит	0.042
пейзажист	0.042
петличка	0.042
пледик	0.042
пневмококк	0.042
подделыватель	0.042
подметание	0.042
подтип	0.042
почтовик	0.042
правоведение	0.042
предтеча	0.042
прилунение	0.042
присед	0.042
приукрашивание	0.042
пропитка	0.042
пульсометр	0.042
разумник	0.042
раскапывание	0.042
распевание	0.042
расплав	0.042
рассказывание	0.042
рассредоточение	0.042
расшифровщик	0.042
ревнивица	0.042
ректорат	0.042
релятивизм	0.042
ретуширование	0.042
родословие	0.042
рыботорговец	0.042
рыскание	0.042
сатрап	0.042
светотень	0.042
сгрузка	0.042
североамериканец	0.042
сепарация	0.042
скиния	0.042
скотопромышленник	0.042
скуление	0.042
скупердяйка	0.042
слаженность	0.042
смыкание	0.042
спил	0.042
старомодность	0.042
суданец	0.042
талес	0.042
тектоника	0.042
транспозиция	0.042
транспортировщик	0.042
трансферт	0.042
тремоло	0.042
тринадцатилетие	0.042
тростиночка	0.042
тюремщица	0.042
ублажение	0.042
угодница	0.042
утепление	0.042
утеплитель	0.042
фибрилла	0.042
фривольность	0.042
хабалка	0.042
хмурь	0.042
храпение	0.042
цинния	0.042
черничка	0.042
четырёхлеток	0.042
чужеземка	0.042
шабер	0.042
шелушение	0.042
экзальтация	0.042
эмульгатор	0.042
эрстед	0.042
этнология	0.042
язвочка	0.042
кодировщик	0.042
невежественность	0.042
ненасытность	0.042
подготовленность	0.042
секвенция	0.042
уклончивость	0.042
кураторство	0.042
нудистка	0.042
флюгельгорн	0.042
серебреник	0.041
сайка	0.041
аир	0.041
бравура	0.041
цыпа	0.041
боксёрка	0.041
ацетилен	0.041
замёт	0.041
валах	0.041
мытарь	0.041
тифус	0.041
самарий	0.040
пралине	0.040
приработка	0.040
рыгание	0.040
матчасть	0.040
латание	0.040
полшага	0.040
аббатисса	0.039
абрис	0.039
абстракционизм	0.039
автопокрышка	0.039
альпинистка	0.039
анатом	0.039
антитеза	0.039
анэнцефалия	0.039
апаш	0.039
арийка	0.039
бакан	0.039
безучастность	0.039
бейка	0.039
бенгали	0.039
беспризорница	0.039
бесстрастность	0.039
бесчестность	0.039
биржевик	0.039
болтология	0.039
брада	0.039
братоубийство	0.039
бруцеллёз	0.039
бубон	0.039
бузотёр	0.039
бумагомаратель	0.039
буффон	0.039
вдовство	0.039
вдохновительница	0.039
великомученица	0.039
верес	0.039
ветеринария	0.039
ветреник	0.039
вечерочек	0.039
взрывание	0.039
вкушение	0.039
водонепроницаемость	0.039
врезка	0.039
выдувание	0.039
выдёргивание	0.039
выкормыш	0.039
выкуривание	0.039
вылов	0.039
выразитель	0.039
вырожденец	0.039
высиживание	0.039
вытяжение	0.039
вязальщик	0.039
галоген	0.039
гарпунщик	0.039
генералитет	0.039
гешефт	0.039
гигантизм	0.039
гидрат	0.039
градирня	0.039
гридь	0.039
давилка	0.039
данаец	0.039
движитель	0.039
двурушник	0.039
дезабилье	0.039
декадент	0.039
держалка	0.039
диссидентка	0.039
доставание	0.039
дрена	0.039
дщерь	0.039
желтокорень	0.039
жеода	0.039
живописность	0.039
жизнелюб	0.039
завышение	0.039
задик	0.039
закручивание	0.039
залесье	0.039
заманивание	0.039
записывание	0.039
запущенность	0.039
заявительница	0.039
зевание	0.039
иждивенка	0.039
изолирование	0.039
изуверство	0.039
изюмина	0.039
индонезиец	0.039
инфантилизм	0.039
исправитель	0.039
камбоджийка	0.039
карамболь	0.039
кислинка	0.039
кокотка	0.039
колумбарий	0.039
комвзвод	0.039
коммутация	0.039
конвекция	0.039
кондитерша	0.039
копиист	0.039
корчмарь	0.039
кровник	0.039
крокус	0.039
крутка	0.039
крушина	0.039
кувейтец	0.039
купина	0.039
лазка	0.039
леденчик	0.039
лейкоцитоз	0.039
летоисчисление	0.039
лизоблюдство	0.039
лиризм	0.039
лихачество	0.039
логичность	0.039
лютеранка	0.039
мальбек	0.039
манжетка	0.039
маоист	0.039
маркшейдер	0.039
медонос	0.039
мейстерзингер	0.039
меланхолик	0.039
мелодичность	0.039
метемпсихоз	0.039
метиска	0.039
меццо	0.039
мизантропия	0.039
микрометеорит	0.039
миракль	0.039
многостаночник	0.039
модификатор	0.039
молдаванка	0.039
монада	0.039
наделение	0.039
накапливание	0.039
наматывание	0.039
нарезание	0.039
нарождение	0.039
националистка	0.039
небрежение	0.039
негритоска	0.039
неопрятность	0.039
непочтение	0.039
нерегулярность	0.039
нефтепромышленник	0.039
обаятельность	0.039
обструкционист	0.039
одомашнивание	0.039
окончательность	0.039
ораторство	0.039
освежение	0.039
ослёнок	0.039
островитянка	0.039
острячка	0.039
осуществимость	0.039
откачивание	0.039
отрицатель	0.039
отсоединение	0.039
отступничество	0.039
отшельничество	0.039
пагуба	0.039
палеозой	0.039
палимпсест	0.039
палисандр	0.039
паразитизм	0.039
пароксизм	0.039
парша	0.039
пастеризация	0.039
переглядывание	0.039
перекачивание	0.039
пиния	0.039
питательность	0.039
пифагореец	0.039
плебс	0.039
пленэр	0.039
плодородность	0.039
побивание	0.039
поддонок	0.039
поддразнивание	0.039
подкрадывание	0.039
подписывание	0.039
подпрыгивание	0.039
подражательница	0.039
подтрунивание	0.039
позёрка	0.039
покойницкая	0.039
ползучесть	0.039
полином	0.039
полутруп	0.039
пораженец	0.039
посредница	0.039
постоянность	0.039
потреба	0.039
поэтика	0.039
праправнук	0.039
прелюд	0.039
преуспевание	0.039
приверженка	0.039
призрение	0.039
прикорм	0.039
принципат	0.039
притирание	0.039
причисление	0.039
проектировка	0.039
прожигание	0.039
пропускание	0.039
просвещённость	0.039
протирание	0.039
профанация	0.039
птицевод	0.039
пуншик	0.039
пятиборье	0.039
радикалка	0.039
разжалование	0.039
разноска	0.039
разночтение	0.039
распускание	0.039
распыл	0.039
расчётчица	0.039
ризничий	0.039
саботирование	0.039
самооправдание	0.039
самоосвобождение	0.039
санация	0.039
сатурналии	0.039
сварщица	0.039
свежевание	0.039
свечник	0.039
свиновод	0.039
скатывание	0.039
склочница	0.039
скоропись	0.039
скрывание	0.039
смоква	0.039
снимание	0.039
созерцатель	0.039
соотечественница	0.039
сосальщик	0.039
софизм	0.039
сочность	0.039
спиритуалист	0.039
спринцевание	0.039
срезание	0.039
стагнация	0.039
стайер	0.039
стандартизация	0.039
степс	0.039
стоицизм	0.039
страхователь	0.039
супец	0.039
супинатор	0.039
сюзерен	0.039
театральщина	0.039
территориальность	0.039
техничность	0.039
технократ	0.039
токайское	0.039
токсемия	0.039
травмирование	0.039
трагикомедия	0.039
транжирство	0.039
трансфузия	0.039
третьекурсница	0.039
тритий	0.039
убиение	0.039
узость	0.039
узурпация	0.039
урбанизм	0.039
утреня	0.039
фабула	0.039
фитопланктон	0.039
флебит	0.039
фотосфера	0.039
футболистка	0.039
хвастунья	0.039
цирюльня	0.039
чистяк	0.039
шабот	0.039
шалман	0.039
шестёрочка	0.039
шикарность	0.039
шлам	0.039
шпрота	0.039
экзобиология	0.039
электроподстанция	0.039
эмпиризм	0.039
эпатаж	0.039
эритема	0.039
эфедра	0.039
безжизненность	0.039
бескультурье	0.039
выталкивание	0.039
законченность	0.039
непривлекательность	0.039
неравномерность	0.039
нерестилище	0.039
однородность	0.039
ожесточённость	0.039
омерзительность	0.039
отлынивание	0.039
подданство	0.039
пористость	0.039
сарсапарель	0.039
сморкание	0.039
спектрограмма	0.039
строптивость	0.039
фатальность	0.039
хаотичность	0.039
эквивалентность	0.039
аркебуз	0.039
пискун	0.039
азу	0.039
амбре	0.039
тенериф	0.039
сарыч	0.039
подлом	0.039
распил	0.039
рококо	0.039
эксцентрика	0.038
отврат	0.038
бобслеист	0.038
борей	0.038
пупочек	0.038
тюрк	0.038
чернобыл	0.038
постав	0.038
мраз	0.037
воздушка	0.037
агнозия	0.037
бессмертность	0.037
геодезия	0.037
дипломатичность	0.037
доверительность	0.037
легитимация	0.037
приспособленность	0.037
симония	0.037
скоротечность	0.037
фальшивость	0.037
авиамодель	0.037
автогонка	0.037
аденовирус	0.037
адресочек	0.037
аккредитив	0.037
антипротон	0.037
аппаратчик	0.037
апсида	0.037
архаизм	0.037
афиширование	0.037
аэронавт	0.037
базирование	0.037
барвинок	0.037
бездетность	0.037
безотлагательность	0.037
бензинчик	0.037
беспристрастие	0.037
бифуркация	0.037
буер	0.037
буксировщик	0.037
быстротечность	0.037
вегетация	0.037
взаимопроникновение	0.037
влезание	0.037
водоочистка	0.037
возбуждённость	0.037
возмужание	0.037
вольноотпущенник	0.037
ворчливость	0.037
воскреситель	0.037
впуск	0.037
всеведение	0.037
всеобщность	0.037
вспахивание	0.037
выгибание	0.037
гвоздильщик	0.037
гемофилик	0.037
гипертоник	0.037
глобулин	0.037
головач	0.037
греховодник	0.037
дармовщинка	0.037
двоемужница	0.037
джунта	0.037
диапроектор	0.037
документирование	0.037
доставление	0.037
драматизация	0.037
дыхальце	0.037
жига	0.037
жилеточка	0.037
жировик	0.037
западник	0.037
зачинщица	0.037
зебу	0.037
зельц	0.037
землячество	0.037
злонамеренность	0.037
зраза	0.037
иглотерапия	0.037
иерарх	0.037
изготовительница	0.037
изнашивание	0.037
именование	0.037
имярек	0.037
инкассация	0.037
интерпретатор	0.037
интерферометр	0.037
искушённость	0.037
испепеление	0.037
исповедование	0.037
календы	0.037
каприччио	0.037
карусельщик	0.037
кашпо	0.037
кимвал	0.037
кинетика	0.037
кинолюбитель	0.037
китёнок	0.037
клеймение	0.037
клятвопреступление	0.037
коллективизм	0.037
коллоквиум	0.037
комендантша	0.037
конвоирование	0.037
крапивник	0.037
критичность	0.037
кровавик	0.037
крупка	0.037
культиватор	0.037
кхмер	0.037
ленивица	0.037
лепота	0.037
ликтор	0.037
литературоведение	0.037
ловкачка	0.037
ломщик	0.037
лудильщица	0.037
люфт	0.037
магнезит	0.037
магнетрон	0.037
мальтиец	0.037
маранта	0.037
марьяж	0.037
масонство	0.037
материалистка	0.037
медиана	0.037
миелин	0.037
микроинфаркт	0.037
миропомазание	0.037
многослойность	0.037
моветон	0.037
моралистка	0.037
мороженица	0.037
мстительница	0.037
мурло	0.037
накачивание	0.037
намин	0.037
неблагоразумие	0.037
небывальщина	0.037
невольница	0.037
невыход	0.037
недействительность	0.037
недонесение	0.037
неестественность	0.037
ненавистница	0.037
неологизм	0.037
неофит	0.037
неповторимость	0.037
непостижимость	0.037
непротивление	0.037
несгибаемость	0.037
нечёткость	0.037
низкопоклонство	0.037
нищебродка	0.037
носач	0.037
обтекаемость	0.037
однолюбка	0.037
озеленитель	0.037
окопник	0.037
окот	0.037
опалка	0.037
ортодоксия	0.037
осветление	0.037
оттаивание	0.037
оттоман	0.037
парабиоз	0.037
параллелограмм	0.037
пачкун	0.037
перестраховщица	0.037
перилла	0.037
петельщик	0.037
пиитика	0.037
пикетирование	0.037
пластичность	0.037
плюрализм	0.037
подвергание	0.037
подвес	0.037
подготовишка	0.037
поддерживание	0.037
подреберье	0.037
подсматривание	0.037
подстрекание	0.037
поединщик	0.037
показывание	0.037
полиграфия	0.037
политура	0.037
поношение	0.037
последыш	0.037
правовед	0.037
правомочность	0.037
правоспособность	0.037
пресвитерианец	0.037
пресыщение	0.037
привнесение	0.037
прикрепление	0.037
прилипание	0.037
принижение	0.037
причмокивание	0.037
продол	0.037
произрастание	0.037
прокатка	0.037
пуантилизм	0.037
пустынник	0.037
пяденица	0.037
раболепие	0.037
радикальность	0.037
развлекатель	0.037
развратитель	0.037
развратность	0.037
разжим	0.037
размывание	0.037
разрыхлитель	0.037
раскрашивание	0.037
распилка	0.037
распутывание	0.037
расточитель	0.037
рвач	0.037
реверберация	0.037
ревизионист	0.037
реконструирование	0.037
рекордсменка	0.037
реноме	0.037
рецензирование	0.037
рибофлавин	0.037
ристалище	0.037
саамка	0.037
самогоноварение	0.037
самозванство	0.037
саморегулирование	0.037
сарабанда	0.037
сбрасыватель	0.037
сбытчик	0.037
священнодействие	0.037
сегментация	0.037
сентименталист	0.037
симулирование	0.037
сингал	0.037
синячок	0.037
систематичность	0.037
ситечко	0.037
скаполит	0.037
скаутинг	0.037
скудость	0.037
сластолюбец	0.037
снимочек	0.037
согрешение	0.037
соловушка	0.037
сосец	0.037
сплошняк	0.037
спускание	0.037
срастание	0.037
сретение	0.037
стилистка	0.037
стоножка	0.037
супружница	0.037
сцеживание	0.037
такелажник	0.037
тамаринд	0.037
татуировщица	0.037
тезаурус	0.037
теллур	0.037
термопара	0.037
транслитерация	0.037
триплекс	0.037
триумвир	0.037
трувер	0.037
трюкачество	0.037
увековечивание	0.037
угломер	0.037
удивительность	0.037
универсум	0.037
уравнивание	0.037
усваивание	0.037
услаждение	0.037
фальшивомонетничество	0.037
фальшивомонетчица	0.037
фаршировка	0.037
физалис	0.037
фланк	0.037
фланкёр	0.037
фототерапия	0.037
фрикадель	0.037
футуризм	0.037
хамса	0.037
хроникёр	0.037
центровка	0.037
центурия	0.037
цимбалист	0.037
цитоплазма	0.037
человеконенавистник	0.037
чистоган	0.037
шанкр	0.037
шмат	0.037
шумовка	0.037
щипание	0.037
экссудат	0.037
экстракция	0.037
электростимуляция	0.037
электросчётчик	0.037
эллипсис	0.037
ярем	0.037
заворачивание	0.037
сексопатолог	0.037
стороночка	0.037
ударчик	0.037
поедь	0.037
фиал	0.037
фуле	0.036
водь	0.036
наиб	0.036
руст	0.036
двухлеток	0.036
курносая	0.036
пупочка	0.036
фишечка	0.035
кофеёчек	0.035
кратное	0.035
маратхи	0.035
преложение	0.035
токсикоман	0.035
биофизика	0.035
кубарь	0.035
кователь	0.035
дочерь	0.035
молотило	0.035
асана	0.035
падучая	0.035
мурома	0.035
валок	0.034
зловредность	0.034
косолапость	0.034
меркантильность	0.034
неаккуратность	0.034
нелегальность	0.034
несогласованность	0.034
обыкновенность	0.034
прагматичность	0.034
симметричность	0.034
скандальность	0.034
абсолютизм	0.034
абсорбент	0.034
аварийщик	0.034
авторефрижератор	0.034
адаптивность	0.034
апологет	0.034
аскарида	0.034
аэрограф	0.034
бальзамин	0.034
безверие	0.034
беззаконник	0.034
бензорез	0.034
берилл	0.034
библиография	0.034
библиофил	0.034
боезаряд	0.034
бонвиван	0.034
боргес	0.034
брюзжание	0.034
бумажечка	0.034
быстродействие	0.034
вареньице	0.034
вежа	0.034
везучесть	0.034
вентилирование	0.034
веред	0.034
весталка	0.034
весёлка	0.034
взаимообмен	0.034
взвар	0.034
видоизменение	0.034
виляние	0.034
винище	0.034
властительница	0.034
властолюбие	0.034
воеводство	0.034
волновод	0.034
впечатлительность	0.034
вулканизация	0.034
выпрыгивание	0.034
выраженьице	0.034
вычурность	0.034
вышибание	0.034
гагарка	0.034
гелиотроп	0.034
генерирование	0.034
гидрофон	0.034
гнездовище	0.034
говорильня	0.034
голодранка	0.034
горчинка	0.034
гранатомётчик	0.034
грена	0.034
грильяж	0.034
гяур	0.034
дарохранительница	0.034
двенадцатилетие	0.034
девятилетие	0.034
дегенератка	0.034
демонстратор	0.034
демос	0.034
деэскалация	0.034
диспепсия	0.034
добросердечность	0.034
добытчица	0.034
домра	0.034
доносительство	0.034
достаточность	0.034
дубление	0.034
дубонос	0.034
единоверец	0.034
единогласие	0.034
епископство	0.034
загазованность	0.034
заглатывание	0.034
задавание	0.034
заживание	0.034
законодательница	0.034
запаздывание	0.034
затвердевание	0.034
затейница	0.034
зачарованность	0.034
звукоряд	0.034
идеограмма	0.034
идиосинкразия	0.034
излёт	0.034
изнурение	0.034
изобличитель	0.034
илот	0.034
инспектирование	0.034
интеллектуальность	0.034
искусник	0.034
испускание	0.034
исследовательница	0.034
истончение	0.034
историйка	0.034
истфак	0.034
исчерпание	0.034
казуистика	0.034
капище	0.034
капремонт	0.034
картографирование	0.034
качение	0.034
квадрига	0.034
квинтильон	0.034
кенар	0.034
клавир	0.034
классицизм	0.034
климатолог	0.034
клобук	0.034
кожевня	0.034
кокаинист	0.034
коленопреклонение	0.034
компаунд	0.034
конституционность	0.034
концентрирование	0.034
копчёность	0.034
красильня	0.034
кремнезём	0.034
кругооборот	0.034
крылатка	0.034
кубист	0.034
кубышечка	0.034
кудесница	0.034
куколь	0.034
курсантка	0.034
курфюрст	0.034
курфюрстина	0.034
курьерша	0.034
лазоревка	0.034
лазутчица	0.034
ласкатель	0.034
латвиец	0.034
легковерие	0.034
ледобур	0.034
ловитель	0.034
логист	0.034
льдышка	0.034
любвеобильность	0.034
машбюро	0.034
междоусобие	0.034
микроскопия	0.034
мимеограф	0.034
миозин	0.034
мировосприятие	0.034
мироустройство	0.034
млеко	0.034
многогранник	0.034
молодушка	0.034
мордасы	0.034
мушмула	0.034
мяло	0.034
наваха	0.034
навозник	0.034
надпереносье	0.034
надсмотрщица	0.034
надув	0.034
нажимание	0.034
наплевательство	0.034
наполеондор	0.034
наречение	0.034
народонаселение	0.034
наручи	0.034
насилование	0.034
натягивание	0.034
нахлёст	0.034
негативизм	0.034
неготовность	0.034
некомплект	0.034
неорганизованность	0.034
неореализм	0.034
непопулярность	0.034
несовершеннолетие	0.034
неумелость	0.034
нечестие	0.034
нитрит	0.034
номенклатура	0.034
нощь	0.034
обезображивание	0.034
обкатка	0.034
обложение	0.034
обнищание	0.034
обожествление	0.034
оборачивание	0.034
обработчик	0.034
обхаживание	0.034
объездка	0.034
одурманивание	0.034
окропление	0.034
онтология	0.034
оппонентка	0.034
опрыскивание	0.034
опустошитель	0.034
опылитель	0.034
оршад	0.034
освистывание	0.034
отборщик	0.034
отбраковка	0.034
отгадывание	0.034
отделочник	0.034
отомщение	0.034
отпускание	0.034
отрезвление	0.034
отрывание	0.034
оттачивание	0.034
отыскание	0.034
оценщица	0.034
параклит	0.034
паренхима	0.034
паршивость	0.034
патриархальность	0.034
паучишка	0.034
пенсион	0.034
первичность	0.034
переброс	0.034
перевооружение	0.034
перекомпоновка	0.034
переустройство	0.034
переформирование	0.034
пижонство	0.034
писателишка	0.034
плавничок	0.034
плотничество	0.034
плюшечка	0.034
повал	0.034
повет	0.034
поветрие	0.034
подвержение	0.034
подрезание	0.034
подтёлок	0.034
подшлемник	0.034
пожелтение	0.034
покорительница	0.034
полимеризация	0.034
поморник	0.034
попрыгушка	0.034
портач	0.034
послушничество	0.034
потворствование	0.034
празеодим	0.034
предпринимательница	0.034
презентабельность	0.034
препирание	0.034
преподнесение	0.034
препровождение	0.034
прижимание	0.034
прилежность	0.034
припрыжка	0.034
присваивание	0.034
притягивание	0.034
прожаренность	0.034
произвольность	0.034
прометий	0.034
проповедование	0.034
пропс	0.034
прорастание	0.034
прорезывание	0.034
просветитель	0.034
профит	0.034
пурген	0.034
пуританство	0.034
путчист	0.034
пятидесятница	0.034
радиоастрономия	0.034
разбухание	0.034
различение	0.034
разлучение	0.034
разлучник	0.034
размеренность	0.034
разнузданность	0.034
разоритель	0.034
разрисовывание	0.034
разъятие	0.034
рамочник	0.034
раскалывание	0.034
расквартирование	0.034
распашка	0.034
резание	0.034
резчица	0.034
рентгенография	0.034
ретушь	0.034
рефлексология	0.034
ржанка	0.034
рисовка	0.034
родственность	0.034
романеска	0.034
россиянка	0.034
самовольщина	0.034
самоокупаемость	0.034
самопроверка	0.034
свиноводство	0.034
своенравие	0.034
сглаживание	0.034
сейсмометр	0.034
сектантка	0.034
семенник	0.034
семит	0.034
семнадцатилетие	0.034
сепаратистка	0.034
септаккорд	0.034
септима	0.034
сердечница	0.034
сеяние	0.034
сибарит	0.034
сигарка	0.034
символист	0.034
синемаскоп	0.034
сирин	0.034
скабрёзность	0.034
скерцо	0.034
скорострельность	0.034
скученность	0.034
слизевик	0.034
смутьянка	0.034
смывка	0.034
совратительница	0.034
соискание	0.034
солнечник	0.034
софист	0.034
спай	0.034
спектрометрия	0.034
спинет	0.034
спиритуализм	0.034
срубка	0.034
срывание	0.034
сталелитейщик	0.034
стереоскоп	0.034
стиракс	0.034
стихарь	0.034
сточка	0.034
стратагема	0.034
стройбат	0.034
съёмник	0.034
тапёр	0.034
телица	0.034
теплозащита	0.034
технеций	0.034
токай	0.034
тоннаж	0.034
трансцендентальность	0.034
трезвучие	0.034
туберкулёзник	0.034
турмалин	0.034
украшательство	0.034
уличение	0.034
уничижение	0.034
упадничество	0.034
фактик	0.034
фантастичность	0.034
фарандола	0.034
фелон	0.034
фенотип	0.034
фибриноген	0.034
фиксирование	0.034
филателия	0.034
филистер	0.034
фламандка	0.034
флейтистка	0.034
флешь	0.034
фольклорист	0.034
фразировка	0.034
фрахт	0.034
фумигация	0.034
хабанера	0.034
хамьё	0.034
харчо	0.034
хохлушка	0.034
хроматизм	0.034
циан	0.034
циничность	0.034
цирцея	0.034
человеколюбец	0.034
человекоубийство	0.034
чернорубашечник	0.034
чистовик	0.034
шансонье	0.034
шифрограмма	0.034
шкуродёр	0.034
шлифование	0.034
шнек	0.034
шнеллер	0.034
эбонит	0.034
эквилибристика	0.034
эксплуатирование	0.034
экстраординарность	0.034
эммер	0.034
эпикуреец	0.034
эркер	0.034
эротичность	0.034
кошениль	0.034
рюмочная	0.034
перчаточка	0.034
бестер	0.034
арабеска	0.034
свиль	0.034
чинка	0.034
хорея	0.033
берест	0.033
кручь	0.033
потогонное	0.033
барсучок	0.033
ножище	0.033
раздавание	0.033
сохрана	0.032
менка	0.032
зацеп	0.032
лирохвост	0.032
замета	0.032
нагнёт	0.032
обдирала	0.032
размыв	0.032
кипер	0.032
хрюкало	0.032
раус	0.032
молельная	0.032
агама	0.032
волосина	0.031
беспризорность	0.031
богобоязненность	0.031
косность	0.031
перерегистрация	0.031
призрачность	0.031
эсхатология	0.031
адгезия	0.031
вместительность	0.031
воздержанность	0.031
выкрикивание	0.031
дезорганизация	0.031
деноминация	0.031
кавитация	0.031
копань	0.031
мелодраматичность	0.031
молвь	0.031
огромность	0.031
ортодоксальность	0.031
остерия	0.031
похотливость	0.031
преференция	0.031
противозаконность	0.031
разочарованность	0.031
распутность	0.031
славословие	0.031
смазливость	0.031
суверенность	0.031
супинация	0.031
электротерапия	0.031
эмбриология	0.031
абитуриентка	0.031
абрикосик	0.031
августинец	0.031
автоблокировка	0.031
агар	0.031
агломерат	0.031
аккуратистка	0.031
акростих	0.031
активирование	0.031
альтруистка	0.031
амбивалентность	0.031
амперметр	0.031
анализирование	0.031
анкетирование	0.031
антиокислитель	0.031
арестантка	0.031
аристократизм	0.031
асессор	0.031
аскорбинка	0.031
атомщик	0.031
аэрофотоснимок	0.031
баварка	0.031
бандерильеро	0.031
барьерист	0.031
бастурма	0.031
бентонит	0.031
бестолковщина	0.031
блинница	0.031
богатейка	0.031
богомолье	0.031
богохульница	0.031
болгарка	0.031
бонапартист	0.031
бонтон	0.031
буйволица	0.031
буйволёнок	0.031
бульварщина	0.031
бумагомарака	0.031
бычище	0.031
валентность	0.031
ваяние	0.031
вдавление	0.031
вертопрах	0.031
вершение	0.031
ветрище	0.031
вздрагивание	0.031
вздыхатель	0.031
видеолента	0.031
визаж	0.031
водорез	0.031
воздвижение	0.031
воздухопровод	0.031
воспламеняемость	0.031
встряхивание	0.031
второгодница	0.031
второклассница	0.031
вулканология	0.031
вывешивание	0.031
выпекание	0.031
гекзаметр	0.031
гермафродитизм	0.031
геронтология	0.031
гетера	0.031
гидролокация	0.031
гипотоник	0.031
глазение	0.031
гнойничок	0.031
гололедица	0.031
горбунья	0.031
горлянка	0.031
дарвинист	0.031
даяние	0.031
двоебрачие	0.031
двустишие	0.031
декадентство	0.031
декларирование	0.031
дерзание	0.031
детскость	0.031
децилитр	0.031
диатриба	0.031
дилетантизм	0.031
директорство	0.031
дисперсия	0.031
догматизм	0.031
долгострой	0.031
домоправитель	0.031
душегубство	0.031
жавель	0.031
жакетик	0.031
жаление	0.031
жеманство	0.031
животинка	0.031
жилетик	0.031
забавник	0.031
забавность	0.031
заброс	0.031
заведеньице	0.031
загадывание	0.031
загнивание	0.031
заискивание	0.031
закапывание	0.031
закипание	0.031
заклинивание	0.031
заковырка	0.031
закоулочек	0.031
заметность	0.031
заслушивание	0.031
засол	0.031
застывание	0.031
затыкание	0.031
землепользование	0.031
злопыхатель	0.031
золотарник	0.031
иглодержатель	0.031
изгибание	0.031
издательница	0.031
изобретательница	0.031
изоляционист	0.031
имиджмейкер	0.031
иммунотерапия	0.031
ионизатор	0.031
иррадиация	0.031
иссоп	0.031
кагал	0.031
каолин	0.031
капельдинер	0.031
каперство	0.031
капиталистка	0.031
капитанство	0.031
капканщик	0.031
капок	0.031
картофелинка	0.031
кашкара	0.031
кейф	0.031
кинжальщик	0.031
клерикал	0.031
когтище	0.031
коленочка	0.031
колесование	0.031
коллодий	0.031
колорист	0.031
коммуникабельность	0.031
компендиум	0.031
комфортабельность	0.031
конкретность	0.031
консигнация	0.031
копировщик	0.031
кораблестроение	0.031
крамольник	0.031
крапп	0.031
крепышка	0.031
криминолог	0.031
кримплен	0.031
кромсание	0.031
кроше	0.031
крошение	0.031
крылан	0.031
культуризм	0.031
купаж	0.031
купирование	0.031
кьят	0.031
латиница	0.031
лекало	0.031
лесоматериал	0.031
лесопильня	0.031
летунья	0.031
лечо	0.031
либериец	0.031
лигирование	0.031
лобызание	0.031
ломание	0.031
любительство	0.031
люминесценция	0.031
магометанин	0.031
макрофаг	0.031
мандаринчик	0.031
маниакальность	0.031
маньеризм	0.031
маргинальность	0.031
марсовой	0.031
массовость	0.031
мафиозо	0.031
мебельщик	0.031
мегалополис	0.031
меджлис	0.031
мезозой	0.031
мелиорация	0.031
менгир	0.031
мерзавчик	0.031
металлофон	0.031
методизм	0.031
методичность	0.031
меценатство	0.031
микрометр	0.031
миропорядок	0.031
миротворчество	0.031
многозначительность	0.031
модальность	0.031
морковина	0.031
морозник	0.031
мотивирование	0.031
муар	0.031
мыловарня	0.031
мялка	0.031
набрюшник	0.031
надоедание	0.031
наклеивание	0.031
намотка	0.031
напевание	0.031
натаскивание	0.031
натирка	0.031
недопустимость	0.031
недоразвитость	0.031
нейропатия	0.031
неподсудность	0.031
неполнота	0.031
непостоянность	0.031
непроницаемость	0.031
неравноправие	0.031
неразговорчивость	0.031
нервоз	0.031
несообразность	0.031
несоразмерность	0.031
несчастливец	0.031
неумеренность	0.031
неуступчивость	0.031
нищенство	0.031
нубиец	0.031
обезличивание	0.031
обол	0.031
обольстительница	0.031
обуздание	0.031
оглядывание	0.031
оковалок	0.031
опреснитель	0.031
опротестование	0.031
опухлость	0.031
ослиха	0.031
ослушница	0.031
острословие	0.031
отвыкание	0.031
отвёрточка	0.031
отгон	0.031
откапывание	0.031
отскребание	0.031
оттягивание	0.031
пакостница	0.031
пампушечка	0.031
панаш	0.031
пантуфля	0.031
пасение	0.031
паспарту	0.031
патронат	0.031
перебежчица	0.031
перебивка	0.031
перегруженность	0.031
передразнивание	0.031
перековка	0.031
перекручивание	0.031
перелистывание	0.031
перенасыщение	0.031
перепроизводство	0.031
перцовка	0.031
пианола	0.031
пиит	0.031
пикание	0.031
пиромания	0.031
плескание	0.031
плешивость	0.031
плиточка	0.031
плунжер	0.031
плутократия	0.031
повой	0.031
подгрудок	0.031
подкалывание	0.031
подруливание	0.031
подсос	0.031
подстройка	0.031
подъесаул	0.031
познавание	0.031
полба	0.031
полушаг	0.031
помога	0.031
портативность	0.031
портплед	0.031
постепенность	0.031
потник	0.031
правдоискатель	0.031
правдолюб	0.031
предвосхищение	0.031
предугадывание	0.031
президентша	0.031
пресвитерианка	0.031
пресмыкательство	0.031
привередливость	0.031
приглядывание	0.031
пригрев	0.031
приемлемость	0.031
приклеивание	0.031
присев	0.031
прихрамывание	0.031
промин	0.031
промискуитет	0.031
прононс	0.031
пронырливость	0.031
пропаривание	0.031
проповедница	0.031
прополис	0.031
прорезание	0.031
просадка	0.031
проскальзывание	0.031
проставление	0.031
проталкивание	0.031
профессура	0.031
прудок	0.031
прус	0.031
публикатор	0.031
пульпа	0.031
пускатель	0.031
путепровод	0.031
пэрство	0.031
радиомачта	0.031
развенчание	0.031
раздельность	0.031
раздутие	0.031
разливание	0.031
разобщение	0.031
ракша	0.031
рассаживание	0.031
растлительница	0.031
расчёсывание	0.031
реверсирование	0.031
ревнитель	0.031
регулировщица	0.031
режиссирование	0.031
рекламирование	0.031
репозиция	0.031
ризеншнауцер	0.031
ринит	0.031
рискованность	0.031
роскошество	0.031
рутений	0.031
ручательство	0.031
рябинник	0.031
саксонец	0.031
самовозвеличивание	0.031
самогонщица	0.031
самодурство	0.031
сбитень	0.031
сваливание	0.031
своевольство	0.031
своекорыстие	0.031
севр	0.031
сеид	0.031
семисвечник	0.031
семянка	0.031
симпатичность	0.031
синтагма	0.031
синтезирование	0.031
синхротрон	0.031
сквернословка	0.031
скелетон	0.031
скиталица	0.031
склеродерма	0.031
скобель	0.031
скрап	0.031
скрежетание	0.031
сливание	0.031
слых	0.031
смазывание	0.031
смалец	0.031
смертоносность	0.031
смехотворность	0.031
собирательница	0.031
собраньице	0.031
соглашательство	0.031
соланин	0.031
солнцеворот	0.031
сосредоточие	0.031
сотейник	0.031
сотерн	0.031
сотрапезник	0.031
соученица	0.031
спаивание	0.031
спешность	0.031
срамник	0.031
сродство	0.031
статор	0.031
стега	0.031
стенограф	0.031
стигма	0.031
стилизация	0.031
стыкование	0.031
стягивание	0.031
суммирование	0.031
сушильня	0.031
сыть	0.031
тархун	0.031
теист	0.031
теософ	0.031
термообработка	0.031
терпуг	0.031
тирс	0.031
товарообмен	0.031
трагичность	0.031
традиционность	0.031
тратта	0.031
триединство	0.031
трихинеллёз	0.031
тугрик	0.031
тунеядство	0.031
тутовник	0.031
тщание	0.031
тяж	0.031
удачливость	0.031
уйгур	0.031
указывание	0.031
уложение	0.031
умонастроение	0.031
упрашивание	0.031
уремия	0.031
устроительница	0.031
усугубление	0.031
усыхание	0.031
уценка	0.031
фармация	0.031
фибула	0.031
физиономист	0.031
фимоз	0.031
флотоводец	0.031
фонема	0.031
фонотека	0.031
форшмак	0.031
фосген	0.031
фосфид	0.031
хабар	0.031
хавбек	0.031
халцедон	0.031
хвостовик	0.031
хиатус	0.031
хладнокровность	0.031
холецистит	0.031
худрук	0.031
целомудренность	0.031
цитатка	0.031
цуг	0.031
четвероклассница	0.031
чинодрал	0.031
чистилка	0.031
чопорность	0.031
чудаковатость	0.031
шамбертен	0.031
шаромыжник	0.031
шестилетие	0.031
шибер	0.031
шифровщик	0.031
штуковинка	0.031
эгоцентрист	0.031
эклектик	0.031
эклектика	0.031
эластомер	0.031
электрокардиограф	0.031
энтузиастка	0.031
энциклика	0.031
эпилятор	0.031
эстетизм	0.031
этиология	0.031
язвенник	0.031
языковед	0.031
янсенист	0.031
латинец	0.031
соляр	0.031
индюшатина	0.031
колокольник	0.031
лягуха	0.031
светотехник	0.031
чал	0.031
персичек	0.031
пугание	0.030
биофизик	0.030
главком	0.030
затёк	0.030
абажурчик	0.030
абаз	0.030
абазин	0.030
абазинец	0.030
абазинка	0.030
абверовец	0.030
абиогенез	0.030
абиссаль	0.030
абиссинка	0.030
аболиционизм	0.030
аболиционистка	0.030
абразив	0.030
абразия	0.030
абрикотин	0.030
абсентеизм	0.030
абсолютизация	0.030
абсолютизирование	0.030
абсолютист	0.030
абсолютистка	0.030
абстрагирование	0.030
абстракт	0.030
абстрактность	0.030
абстракционистка	0.030
абулия	0.030
абхазка	0.030
абцуг	0.030
абшид	0.030
авангардизм	0.030
аванзал	0.030
аванложа	0.030
аванпорт	0.030
авансирование	0.030
авансодатель	0.030
авансодержатель	0.030
авантаж	0.030
авантажность	0.030
авантюрин	0.030
авантюрность	0.030
аварец	0.030
аварийность	0.030
аварка	0.030
авгит	0.030
авиадесант	0.030
авиадесантник	0.030
авиамагистраль	0.030
авиаматка	0.030
авиамеханик	0.030
авиамоделизм	0.030
авиамотор	0.030
авиапассажир	0.030
авиасалон	0.030
авиаспорт	0.030
авиастроение	0.030
авиастроитель	0.030
авиатранспорт	0.030
авиатрасса	0.030
авиачасть	0.030
авиашкола	0.030
авиетка	0.030
авизо	0.030
авральщина	0.030
австерия	0.030
австриячка	0.030
автаркия	0.030
автобат	0.030
автобиограф	0.030
автобиографизм	0.030
автобиографичность	0.030
автобусик	0.030
автобусник	0.030
автовагон	0.030
автовесы	0.030
автовышка	0.030
автогамия	0.030
автогенщик	0.030
автогигант	0.030
автогонщица	0.030
автогравюра	0.030
автоград	0.030
автография	0.030
автодело	0.030
автодиспетчер	0.030
автодорожник	0.030
автодрезина	0.030
автозаводец	0.030
автозаправщик	0.030
автокар	0.030
автокомбинат	0.030
автокормушка	0.030
автокрановщик	0.030
автокрановщица	0.030
автократ	0.030
автол	0.030
автолавка	0.030
автолиз	0.030
автолитография	0.030
автоматизирование	0.030
автоматичность	0.030
автоматчица	0.030
автомашинист	0.030
автомобилеразгрузчик	0.030
автомобилестроитель	0.030
автомобилизация	0.030
автомобилизм	0.030
автомобилистка	0.030
автомотоклуб	0.030
автомотолотерея	0.030
автомотриса	0.030
автоплатформа	0.030
автопоилка	0.030
авторалли	0.030
автореферат	0.030
авторитаризм	0.030
авторитарность	0.030
авторитетность	0.030
авторулевой	0.030
авторша	0.030
автосварка	0.030
автосварщик	0.030
автостроение	0.030
автостроитель	0.030
автосцепка	0.030
автотележка	0.030
автотипия	0.030
автотормоз	0.030
автотранспортник	0.030
автотропизм	0.030
автотуризм	0.030
автотягач	0.030
автохозяйство	0.030
автохтон	0.030
автоцементовоз	0.030
автошина	0.030
автоштурман	0.030
агальматолит	0.030
агами	0.030
агамия	0.030
агарянин	0.030
агарянка	0.030
агглютинативность	0.030
агглютинация	0.030
агглютинирование	0.030
аггравация	0.030
агиография	0.030
агитаторша	0.030
агитационность	0.030
агитбригада	0.030
агитирование	0.030
агитпроп	0.030
агломератчик	0.030
агница	0.030
агностицизм	0.030
аграмант	0.030
аграрий	0.030
аграрник	0.030
аграф	0.030
аграфия	0.030
агрегатирование	0.030
агрегатчик	0.030
агреман	0.030
агроклиматология	0.030
агролесомелиоратор	0.030
агролесомелиорация	0.030
агромелиоратор	0.030
агромелиорация	0.030
агрометеоролог	0.030
агрометеорология	0.030
агроминимум	0.030
агротехник	0.030
агрофизика	0.030
агрохимик	0.030
агрохимия	0.030
агрохимлаборатория	0.030
агукание	0.030
агул	0.030
агулка	0.030
адамант	0.030
адамсит	0.030
адаптометр	0.030
адат	0.030
адвекция	0.030
адвентизм	0.030
адвербиализация	0.030
адвокатство	0.030
аджарец	0.030
аджарка	0.030
адинамия	0.030
администраторство	0.030
адмиральство	0.030
адмиральша	0.030
адоптация	0.030
адресант	0.030
адряс	0.030
адсорбент	0.030
адсорбция	0.030
адуляр	0.030
адъективация	0.030
адъюнктство	0.030
адъюнктура	0.030
адъютантство	0.030
адыгеец	0.030
адыгейка	0.030
ажан	0.030
ажгон	0.030
ажио	0.030
ажитация	0.030
ажурность	0.030
азартность	0.030
азбуковник	0.030
азбучность	0.030
азербайджанка	0.030
азиатец	0.030
азиатчина	0.030
азид	0.030
азональность	0.030
азооспермия	0.030
азотемия	0.030
азотизация	0.030
азотирование	0.030
азотобактер	0.030
азотобактерин	0.030
азотоген	0.030
азурит	0.030
азям	0.030
аистиха	0.030
аистник	0.030
айкание	0.030
айлант	0.030
аймак	0.030
айран	0.030
айсор	0.030
айсорка	0.030
академизм	0.030
академист	0.030
академистка	0.030
академичность	0.030
акажу	0.030
акание	0.030
акант	0.030
акарицид	0.030
акароз	0.030
акарология	0.030
акафист	0.030
аквадаг	0.030
аквалангистка	0.030
акваметрия	0.030
аквамобиль	0.030
акванавтика	0.030
акванавтка	0.030
акваплан	0.030
акварелист	0.030
акварелистка	0.030
акварелька	0.030
акварий	0.030
аквариумист	0.030
акватинта	0.030
акватипия	0.030
аквилегия	0.030
аквилон	0.030
акинезия	0.030
акклиматизатор	0.030
акклиматизирование	0.030
акколада	0.030
аккомодация	0.030
аккомпаниаторша	0.030
аккомпанирование	0.030
аккордеонистка	0.030
аккредитование	0.030
аккумулирование	0.030
аккумуляция	0.030
акмеизм	0.030
акмеист	0.030
акмеистка	0.030
акрида	0.030
акрихин	0.030
аксамит	0.030
акселерант	0.030
акселератка	0.030
акселерометр	0.030
аксиоматика	0.030
активизирование	0.030
актиния	0.030
актинограф	0.030
актинометр	0.030
актинометрия	0.030
актирование	0.030
актуализация	0.030
актуализирование	0.030
актуализм	0.030
актёрка	0.030
акулёнок	0.030
акцентирование	0.030
акцентология	0.030
акцентуация	0.030
акцепт	0.030
акциденция	0.030
аларма	0.030
алармист	0.030
алгвазил	0.030
алгебраист	0.030
алгоритмизация	0.030
алебардист	0.030
алебардник	0.030
алебардщик	0.030
александрит	0.030
алеутка	0.030
ализарин	0.030
алиментщик	0.030
алконост	0.030
аллегоризм	0.030
аллегоричность	0.030
аллегретто	0.030
аллергология	0.030
аллилуйщик	0.030
аллилуйщина	0.030
аллопат	0.030
аллопатия	0.030
аллохтон	0.030
аллювий	0.030
алмазик	0.030
алмазник	0.030
алогизм	0.030
алогичность	0.030
алость	0.030
алтабас	0.030
алтайка	0.030
алтынник	0.030
алунит	0.030
алчба	0.030
альбедо	0.030
альбинизм	0.030
альбиноска	0.030
альбомец	0.030
альгвазил	0.030
альдегид	0.030
алькальд	0.030
альмавива	0.030
альмандин	0.030
альпинарий	0.030
альпиниада	0.030
альтерация	0.030
альтернативность	0.030
альтист	0.030
альтистка	0.030
альтруистичность	0.030
алюминщик	0.030
аляповатость	0.030
амальгамация	0.030
амальгамирование	0.030
амариллис	0.030
аматёр	0.030
амбарик	0.030
амбарушка	0.030
амбистома	0.030
американизация	0.030
американист	0.030
американистика	0.030
американистка	0.030
амидопирин	0.030
амикошонство	0.030
аминазин	0.030
аммофос	0.030
амнистирование	0.030
аморализм	0.030
аморалка	0.030
аморфность	0.030
амплификация	0.030
амфитрион	0.030
ананасик	0.030
анапест	0.030
анархичность	0.030
анатомирование	0.030
анафора	0.030
анахорет	0.030
анахроничность	0.030
анаэроб	0.030
анаэробиоз	0.030
ангажирование	0.030
ангидрит	0.030
ангиома	0.030
англез	0.030
англиканизм	0.030
англиканство	0.030
англицизм	0.030
англоман	0.030
англомания	0.030
англоманка	0.030
англоманство	0.030
англосаксонец	0.030
англофил	0.030
англофильство	0.030
англофоб	0.030
англофобство	0.030
анголец	0.030
анголка	0.030
андезит	0.030
анекдотец	0.030
анекдотик	0.030
анекдотист	0.030
анекдотчик	0.030
анемограф	0.030
анемофилия	0.030
анестезин	0.030
анид	0.030
анилин	0.030
анимализм	0.030
анималист	0.030
анимизм	0.030
анимист	0.030
анимистка	0.030
анкилоз	0.030
анкилостома	0.030
анналист	0.030
аннексионист	0.030
аннексирование	0.030
аннотирование	0.030
анод	0.030
анодирование	0.030
анонимщик	0.030
анонимщица	0.030
анонсирование	0.030
анормальность	0.030
анортит	0.030
анортозит	0.030
аносмия	0.030
анофелес	0.030
антабка	0.030
антаблемент	0.030
антабус	0.030
антагонистичность	0.030
антивитамин	0.030
антигриппин	0.030
антидарвинизм	0.030
антиква	0.030
антикварий	0.030
антиклиналь	0.030
антикоммунизм	0.030
антикоммунист	0.030
антикритика	0.030
антимилитаризм	0.030
антимилитарист	0.030
антимонит	0.030
антинаучность	0.030
антинейтрино	0.030
антинейтрон	0.030
антиномия	0.030
антиобледенитель	0.030
антипассат	0.030
антипатичность	0.030
антипирин	0.030
антиракета	0.030
антироман	0.030
антисептирование	0.030
антисоветизм	0.030
антисоветчик	0.030
антисоветчина	0.030
антисоветчица	0.030
антистатик	0.030
антистрофа	0.030
антитезис	0.030
антифашистка	0.030
антифон	0.030
антиципация	0.030
антиэлектрон	0.030
антиядро	0.030
антономазия	0.030
антоциан	0.030
антрацен	0.030
антраша	0.030
антрепренёрство	0.030
антрепренёрша	0.030
антреприза	0.030
антропогенез	0.030
антропометр	0.030
антропометрия	0.030
антропоморфизация	0.030
антропоморфизм	0.030
антропонимика	0.030
антропоноз	0.030
антропософия	0.030
антропофаг	0.030
антропофагия	0.030
антропоцентризм	0.030
антуриум	0.030
анурия	0.030
анфельция	0.030
аншеф	0.030
аншлюс	0.030
аорист	0.030
апатит	0.030
апатичность	0.030
апеллирование	0.030
апилак	0.030
аплодирование	0.030
аполитизм	0.030
аполитицизм	0.030
аполитичность	0.030
аполог	0.030
апологетика	0.030
апология	0.030
апостериорность	0.030
апофегма	0.030
апоцентр	0.030
аппаратчица	0.030
аппарель	0.030
апперцепция	0.030
аппетитец	0.030
аппетитность	0.030
аппликатура	0.030
аппозиция	0.030
аппрет	0.030
аппретирование	0.030
аппретура	0.030
априорность	0.030
апробирование	0.030
апрош	0.030
аптекоуправление	0.030
арабизм	0.030
арабист	0.030
арабистика	0.030
аракчеевщина	0.030
аралия	0.030
арамеец	0.030
арамей	0.030
арамейка	0.030
арапка	0.030
арапник	0.030
арапчонок	0.030
араукария	0.030
арахнология	0.030
арбалетчик	0.030
арболит	0.030
арборицид	0.030
арбузище	0.030
аргали	0.030
аргентинка	0.030
арготизм	0.030
аргументирование	0.030
аргументированность	0.030
арека	0.030
арендование	0.030
ареометр	0.030
ареопаг	0.030
арестантская	0.030
ариозо	0.030
аристократичность	0.030
аристократство	0.030
аристон	0.030
арифмограф	0.030
аркатура	0.030
аркебузир	0.030
арлекинада	0.030
арматурщик	0.030
арматурщица	0.030
армирование	0.030
армировка	0.030
армячишко	0.030
ароматизация	0.030
арочка	0.030
артериосклероз	0.030
артналёт	0.030
артроз	0.030
архаизация	0.030
архаизирование	0.030
архаика	0.030
архаист	0.030
архаистика	0.030
архаичность	0.030
архалук	0.030
архарёнок	0.030
археограф	0.030
археография	0.030
архивоведение	0.030
архивольт	0.030
архивохранилище	0.030
архипастырь	0.030
архитектоника	0.030
архитрав	0.030
арчинец	0.030
арчинка	0.030
аршинник	0.030
асбестит	0.030
асбестоцемент	0.030
асбоцемент	0.030
асептика	0.030
асессорша	0.030
асимметричность	0.030
аскаридоз	0.030
ассенизация	0.030
ассигновка	0.030
ассимилирование	0.030
ассимилятор	0.030
ассимиляторство	0.030
ассирийка	0.030
ассириолог	0.030
ассириология	0.030
ассириянин	0.030
ассириянка	0.030
ассистентура	0.030
ассоциативность	0.030
астат	0.030
астеник	0.030
астения	0.030
астеносфера	0.030
астматичка	0.030
астрагал	0.030
астробиология	0.030
астрогеография	0.030
астрограф	0.030
астродатчик	0.030
астродинамика	0.030
астроклимат	0.030
астрокомпас	0.030
астрометрия	0.030
астронавигация	0.030
астроориентация	0.030
астрофотография	0.030
астрофотометр	0.030
астрофотометрия	0.030
асфалия	0.030
асфальтирование	0.030
асфальтировка	0.030
асфальтировщик	0.030
асфальтировщица	0.030
асфальтобетон	0.030
асфальтоукладчик	0.030
атаманец	0.030
атаманство	0.030
атипичность	0.030
атласец	0.030
атомизм	0.030
атомист	0.030
атомистика	0.030
атомник	0.030
атомоход	0.030
атония	0.030
атрибутивность	0.030
атукание	0.030
аукание	0.030
аустерия	0.030
аутодафе	0.030
афелий	0.030
афористичность	0.030
африканер	0.030
африканист	0.030
африканистика	0.030
афронт	0.030
аффектация	0.030
аффикс	0.030
аффинаж	0.030
аффриката	0.030
ахание	0.030
ацидофилин	0.030
ашуг	0.030
аэрарий	0.030
аэрация	0.030
аэроб	0.030
аэробиоз	0.030
аэролит	0.030
аэролог	0.030
аэрология	0.030
аэромеханика	0.030
аэронавигация	0.030
аэросани	0.030
аэростатика	0.030
аэрофотосъёмка	0.030
бабахание	0.030
бабашка	0.030
бабенька	0.030
бабочник	0.030
бабр	0.030
бабуленька	0.030
бабёночка	0.030
багги	0.030
баггист	0.030
багермейстер	0.030
багетчик	0.030
багетчица	0.030
багорик	0.030
багорок	0.030
багорчик	0.030
багорщик	0.030
багрение	0.030
багрец	0.030
багрильщик	0.030
багровище	0.030
багровость	0.030
багряница	0.030
багряность	0.030
бадан	0.030
бадминтонист	0.030
бадьян	0.030
базировка	0.030
байбак	0.030
байбачество	0.030
байбачина	0.030
байга	0.030
байдарочница	0.030
байронизм	0.030
байство	0.030
бакаут	0.030
бакенбардист	0.030
баклага	0.030
баклажка	0.030
бактериолог	0.030
бактериология	0.030
бактерионоситель	0.030
бактерионосительство	0.030
бактерицидность	0.030
бакун	0.030
бакунизм	0.030
бакштов	0.030
балабон	0.030
балаганчик	0.030
балаганщик	0.030
балагурство	0.030
балалаечка	0.030
балалаечник	0.030
баламутка	0.030
балансировщик	0.030
балансёр	0.030
балахонник	0.030
балахончик	0.030
балбера	0.030
балеринка	0.030
балерун	0.030
балетка	0.030
балетовед	0.030
балетоман	0.030
балетомания	0.030
балетоманка	0.030
балканистика	0.030
балкар	0.030
балкарец	0.030
балкарка	0.030
балладник	0.030
балластер	0.030
балластировка	0.030
баллистокардиография	0.030
баллотировка	0.030
балльник	0.030
балобан	0.030
баловница	0.030
балочка	0.030
балык	0.030
балычок	0.030
бальнеолог	0.030
бальнеология	0.030
бальнеотерапия	0.030
балясинка	0.030
балясник	0.030
балясница	0.030
балясы	0.030
бамбучина	0.030
бананник	0.030
банановоз	0.030
бандерилья	0.030
бандеролька	0.030
бандурист	0.030
бандуристка	0.030
баниан	0.030
банкаброш	0.030
банкаброшница	0.030
банкомёт	0.030
банлон	0.030
бантустан	0.030
банчок	0.030
банщица	0.030
барабошка	0.030
баранинка	0.030
бараночка	0.030
бараночник	0.030
бараночница	0.030
баранта	0.030
барахтание	0.030
барбамил	0.030
бареж	0.030
барекс	0.030
барельефчик	0.030
баретка	0.030
бареттер	0.030
баржестроение	0.030
баржонка	0.030
барибал	0.030
барисфера	0.030
барит	0.030
баритонист	0.030
барич	0.030
баркан	0.030
баркарола	0.030
баркасик	0.030
бармы	0.030
барограф	0.030
баронетство	0.030
баронша	0.030
баротерапия	0.030
баротравма	0.030
барочка	0.030
барочник	0.030
барраж	0.030
барражирование	0.030
барственность	0.030
барство	0.030
барсучиха	0.030
барсучонок	0.030
барсёнок	0.030
бархатистость	0.030
бархатка	0.030
бархатность	0.030
барышничество	0.030
барьеристка	0.030
басенка	0.030
басенник	0.030
басище	0.030
басконка	0.030
басма	0.030
басмачество	0.030
баснословие	0.030
баснь	0.030
басовитость	0.030
басурманка	0.030
баталист	0.030
батиаль	0.030
батиплан	0.030
батник	0.030
батожок	0.030
батометр	0.030
батрачество	0.030
батырь	0.030
бахание	0.030
бахвал	0.030
бахвалка	0.030
бахромка	0.030
бахтарма	0.030
бахчевник	0.030
бахчевод	0.030
бахчеводство	0.030
бациллоноситель	0.030
башкирец	0.030
башкирка	0.030
башковитость	0.030
башлычок	0.030
башнёр	0.030
баюкание	0.030
баядера	0.030
баядерка	0.030
баянистка	0.030
беби	0.030
бегание	0.030
беглость	0.030
беднячка	0.030
бедокур	0.030
бедокурка	0.030
бедственность	0.030
беженство	0.030
безаварийность	0.030
безалаберщина	0.030
безапелляционность	0.030
безбожница	0.030
безболезненность	0.030
безбоязненность	0.030
безбрежие	0.030
безбрежность	0.030
безвкусие	0.030
безводье	0.030
безвозвратность	0.030
безвозмездность	0.030
безвредность	0.030
безгласность	0.030
безголосица	0.030
безголосье	0.030
бездейственность	0.030
безделка	0.030
безделушечка	0.030
бездельничание	0.030
бездельничество	0.030
безденежность	0.030
бездоказательность	0.030
бездолье	0.030
бездомник	0.030
бездомница	0.030
бездомничество	0.030
бездомовник	0.030
бездомье	0.030
бездонность	0.030
бездонье	0.030
бездорожица	0.030
бездумность	0.030
бездумье	0.030
бездуховность	0.030
бездушность	0.030
бездымка	0.030
бездымность	0.030
беззаветность	0.030
беззаконница	0.030
беззаконность	0.030
беззастенчивость	0.030
беззвучие	0.030
беззвучность	0.030
безземелье	0.030
беззлобие	0.030
беззлобность	0.030
беззубка	0.030
беззубость	0.030
безлесье	0.030
безликость	0.030
безличие	0.030
безличность	0.030
безлошадник	0.030
безлуние	0.030
безлюдность	0.030
безлюдство	0.030
безматок	0.030
безмерность	0.030
безмозглость	0.030
безмыслие	0.030
безнадзорность	0.030
безначалие	0.030
безобидность	0.030
безоблачность	0.030
безобразность	0.030
безоглядность	0.030
безоговорочность	0.030
безоружность	0.030
безосновательность	0.030
безостановочность	0.030
безответность	0.030
безотвязность	0.030
безотказность	0.030
безотносительность	0.030
безотрадность	0.030
безотчётность	0.030
безошибочность	0.030
безрадостность	0.030
безраздельность	0.030
безразличность	0.030
безрезультатность	0.030
безрогость	0.030
безропотность	0.030
безрукость	0.030
безрыбица	0.030
безубыточность	0.030
безударность	0.030
безудержность	0.030
безукоризненность	0.030
безумность	0.030
безусадочность	0.030
безусловность	0.030
безуспешность	0.030
безутешность	0.030
безучастие	0.030
безъязычие	0.030
безыдейность	0.030
безымянка	0.030
безымянность	0.030
безымённость	0.030
безынерционность	0.030
безынициативность	0.030
безынтересность	0.030
безыскусность	0.030
безыскусственность	0.030
бекар	0.030
бекасинник	0.030
бекасёнок	0.030
бекешка	0.030
белемнит	0.030
беление	0.030
белесоватость	0.030
белец	0.030
белильня	0.030
белитель	0.030
белица	0.030
белкование	0.030
белковость	0.030
беллетризация	0.030
беллетрист	0.030
беллетристка	0.030
белобилетник	0.030
белобилетчик	0.030
беловатость	0.030
беловик	0.030
белоглазка	0.030
белодеревец	0.030
белодеревщик	0.030
белодушка	0.030
белозор	0.030
белокопытник	0.030
белокровие	0.030
белокрыльник	0.030
белокурость	0.030
беломестец	0.030
беломошник	0.030
белопогонник	0.030
белоподкладочник	0.030
белоруска	0.030
белорыбица	0.030
белоснежность	0.030
белость	0.030
белотал	0.030
белоэмигрант	0.030
белужинка	0.030
белужка	0.030
бельдюга	0.030
бельецо	0.030
бельканто	0.030
беляна	0.030
беляночка	0.030
белёсость	0.030
бенгалка	0.030
бенедиктин	0.030
бенефициант	0.030
бенефициантка	0.030
бензозаправщик	0.030
бензорезчик	0.030
бензохранилище	0.030
бентос	0.030
бенуар	0.030
берберка	0.030
бердана	0.030
бердыш	0.030
береговик	0.030
бережность	0.030
бережочек	0.030
березит	0.030
березничек	0.030
березнячок	0.030
берека	0.030
берестина	0.030
берестянка	0.030
берклий	0.030
берковец	0.030
берсальер	0.030
берёзовик	0.030
берёзовица	0.030
берёзонька	0.030
берёстка	0.030
беседочка	0.030
бесклассовость	0.030
бескомпромиссность	0.030
бесконтрольность	0.030
бесконфликтность	0.030
бескорыстность	0.030
бескрайность	0.030
бескрылость	0.030
беснование	0.030
беспамятность	0.030
беспардонность	0.030
беспартийность	0.030
беспаспортность	0.030
бесперебойность	0.030
бесперспективность	0.030
бесплановость	0.030
бесплатность	0.030
бесплотность	0.030
бесповоротность	0.030
беспоповец	0.030
беспоповщина	0.030
беспородность	0.030
беспорочность	0.030
беспочвенность	0.030
бесправность	0.030
беспредельность	0.030
беспредметность	0.030
беспрекословие	0.030
беспрекословность	0.030
беспрепятственность	0.030
беспрерывность	0.030
беспрецедентность	0.030
бесприветность	0.030
бесприданница	0.030
беспримерность	0.030
беспритязательность	0.030
беспричинность	0.030
бесприютность	0.030
беспросветность	0.030
беспутица	0.030
беспутник	0.030
беспутница	0.030
беспутность	0.030
беспутство	0.030
беспутье	0.030
бессвязность	0.030
бессемерование	0.030
бессемянка	0.030
бессистемность	0.030
бесславие	0.030
бесславность	0.030
бессловесность	0.030
бессменность	0.030
бессмыслие	0.030
бесснежие	0.030
бессовестность	0.030
бессодержательность	0.030
бессословность	0.030
бесспорность	0.030
бессребреник	0.030
бессребреница	0.030
бессрочность	0.030
бесстрастие	0.030
бесстыдность	0.030
бессубъектность	0.030
бессюжетность	0.030
бесталанность	0.030
бесталантность	0.030
бестелесность	0.030
бестоварье	0.030
бестужевка	0.030
бесформенность	0.030
бесхарактерность	0.030
бесхитростность	0.030
бесхлебица	0.030
бесхлебье	0.030
бесхозяйствие	0.030
бесцветность	0.030
бесцельность	0.030
бесцензурность	0.030
бесценность	0.030
бесчеловечие	0.030
бесчинник	0.030
бесчинница	0.030
бесчисленность	0.030
бесшумность	0.030
бетатрон	0.030
бетатронщик	0.030
бетонировка	0.030
бетоновоз	0.030
бетоносмеситель	0.030
бетоноукладчик	0.030
бетонщица	0.030
бетоньерка	0.030
бечевник	0.030
бечёвочка	0.030
бешбармак	0.030
биатлонист	0.030
биатлонистка	0.030
бибабо	0.030
бибколлектор	0.030
библиограф	0.030
библиографирование	0.030
библиолог	0.030
библиология	0.030
библиоман	0.030
библиомания	0.030
библиотековед	0.030
библиотековедение	0.030
библиофильство	0.030
бизнесменство	0.030
билингвизм	0.030
биллон	0.030
бильбоке	0.030
биметалл	0.030
биметаллизм	0.030
биндюжник	0.030
бинокулярность	0.030
бинтик	0.030
бинтование	0.030
бинтовка	0.030
биоархитектура	0.030
биобиблиография	0.030
биогеография	0.030
биогеоценоз	0.030
биогеоценология	0.030
биокибернетик	0.030
биокибернетика	0.030
биокрем	0.030
биолит	0.030
биомицин	0.030
биополимер	0.030
биопотенциал	0.030
биосинтез	0.030
биостимулятор	0.030
биотелеметрия	0.030
биохроника	0.030
биоценоз	0.030
биоценология	0.030
биоэнергетика	0.030
бирманка	0.030
бирюч	0.030
бирючина	0.030
бисерина	0.030
битумовоз	0.030
бициллин	0.030
благовоспитанность	0.030
благоглупость	0.030
благожелатель	0.030
благожелательница	0.030
благожелательство	0.030
благозвучие	0.030
благозвучность	0.030
благолепие	0.030
благонамеренность	0.030
благонравие	0.030
благонравность	0.030
благообразие	0.030
благопожелание	0.030
благоприобретение	0.030
благоприятность	0.030
благоприятствование	0.030
благоразумность	0.030
благорасположение	0.030
благорастворение	0.030
благостыня	0.030
благотворение	0.030
благотворительница	0.030
благотворность	0.030
благоусмотрение	0.030
благоустроенность	0.030
благочиние	0.030
блаженненький	0.030
блайзер	0.030
бланковка	0.030
бланширование	0.030
бланшировка	0.030
бластома	0.030
бластула	0.030
блатмейстер	0.030
блато	0.030
блиндажик	0.030
блиндирование	0.030
блинец	0.030
блинник	0.030
блинт	0.030
блистание	0.030
блистательность	0.030
блистер	0.030
блокадник	0.030
блокадница	0.030
блудливость	0.030
блудни	0.030
блудня	0.030
блузник	0.030
блюдолиз	0.030
блюминг	0.030
блюстительница	0.030
блёклость	0.030
блёсточка	0.030
бобовник	0.030
бобочка	0.030
бобриха	0.030
бобылка	0.030
богаделка	0.030
богара	0.030
богатырство	0.030
богатырша	0.030
богоборец	0.030
богоборчество	0.030
богоискатель	0.030
богоискательство	0.030
богомильство	0.030
богоотступник	0.030
богоотступница	0.030
богостроитель	0.030
богостроительство	0.030
бодание	0.030
бодливость	0.030
бодряк	0.030
бодрячество	0.030
бодяк	0.030
боевитость	0.030
божба	0.030
бойкотист	0.030
бойскаутизм	0.030
боковинка	0.030
боксит	0.030
болвашка	0.030
боливийка	0.030
болометр	0.030
болона	0.030
болотинка	0.030
болотовед	0.030
болотоведение	0.030
болотоход	0.030
болтунишка	0.030
большегруз	0.030
большуха	0.030
бомбардирование	0.030
бомбодержатель	0.030
бомбометатель	0.030
бомбомёт	0.030
бонапартизм	0.030
бондарня	0.030
бондарство	0.030
бонза	0.030
бонитет	0.030
бонитировка	0.030
бонмо	0.030
бонмотист	0.030
бордеро	0.030
бордюрчик	0.030
борзописец	0.030
борзятник	0.030
бормотун	0.030
бормотунья	0.030
боровинка	0.030
бородавочка	0.030
бородушка	0.030
бороздник	0.030
бороздование	0.030
бороздочка	0.030
боронильщик	0.030
боронильщица	0.030
боронка	0.030
бороновальщик	0.030
бороновальщица	0.030
боронование	0.030
бороновка	0.030
бороньба	0.030
бортжурнал	0.030
бортник	0.030
бортничество	0.030
бортовка	0.030
бортовщик	0.030
бортпаёк	0.030
борть	0.030
борцовка	0.030
борщок	0.030
боскет	0.030
боскетная	0.030
боснийка	0.030
босовик	0.030
босота	0.030
босячество	0.030
ботанизирка	0.030
ботвинья	0.030
ботдек	0.030
боцманмат	0.030
бочар	0.030
бочечка	0.030
бочковатость	0.030
бочкотара	0.030
боярство	0.030
боярщина	0.030
боярышница	0.030
боярышня	0.030
брабансон	0.030
бравирование	0.030
бравость	0.030
бравурность	0.030
бражничание	0.030
бражничество	0.030
бразильянец	0.030
бракераж	0.030
браковка	0.030
браковщик	0.030
браковщица	0.030
бракодельство	0.030
бракосочетавшаяся	0.030
бракосочетавшийся	0.030
бракёр	0.030
браман	0.030
браманизм	0.030
брандахлыст	0.030
брандмайор	0.030
брандмейстер	0.030
брассист	0.030
брассистка	0.030
братина	0.030
братоубийца	0.030
братчина	0.030
брахицефал	0.030
брахицефалия	0.030
брахманизм	0.030
брачующаяся	0.030
брачующийся	0.030
брашно	0.030
бревнотаска	0.030
брегет	0.030
брезгливец	0.030
брезгливица	0.030
брезгун	0.030
брезгунья	0.030
брезгуша	0.030
брезентовка	0.030
брекватер	0.030
брекчия	0.030
бренькание	0.030
бретель	0.030
бретонка	0.030
бретёр	0.030
брехунья	0.030
бригадирство	0.030
бригадирша	0.030
бригадник	0.030
бригадница	0.030
брикетирование	0.030
бриллиантин	0.030
бриллиантщик	0.030
брильянтик	0.030
брильянтин	0.030
брильянтщик	0.030
бродень	0.030
бродильня	0.030
бродяжество	0.030
брокат	0.030
бронебойка	0.030
бронебойщик	0.030
бронеколпак	0.030
бронеспинка	0.030
бронестекло	0.030
бронзирование	0.030
бронзировка	0.030
бронзовка	0.030
бронзовщик	0.030
бронник	0.030
бронхиола	0.030
бронхография	0.030
бронхопневмония	0.030
броскость	0.030
брошюрование	0.030
брошюровка	0.030
брошюровщик	0.030
брошюровщица	0.030
брудерация	0.030
брудергауз	0.030
брульон	0.030
брусница	0.030
брусничка	0.030
брусовка	0.030
брусочник	0.030
брусчатник	0.030
брыжи	0.030
брызгание	0.030
брызгун	0.030
брыкание	0.030
брыкливость	0.030
брыла	0.030
брюзгливость	0.030
брюзглость	0.030
брюквенница	0.030
брюковка	0.030
брюхан	0.030
брюхач	0.030
брюховина	0.030
брючник	0.030
брюшняк	0.030
брякание	0.030
буби	0.030
бубличек	0.030
бубличник	0.030
бубличница	0.030
бубновка	0.030
бугель	0.030
бугенвиллея	0.030
бугорочек	0.030
бугорчатка	0.030
бугристость	0.030
будара	0.030
будирование	0.030
будничность	0.030
будорага	0.030
будочник	0.030
будра	0.030
будыль	0.030
буерист	0.030
буженина	0.030
буженинка	0.030
бузила	0.030
бузинник	0.030
бузотёрка	0.030
бузотёрство	0.030
буйность	0.030
буйреп	0.030
букан	0.030
буквализм	0.030
буквалист	0.030
буквалистика	0.030
буквальность	0.030
букварик	0.030
буквица	0.030
буквоедка	0.030
буквоедство	0.030
буквочка	0.030
букетец	0.030
букетировка	0.030
букетище	0.030
букле	0.030
буколика	0.030
буколька	0.030
буксирование	0.030
буксирчик	0.030
буксование	0.030
буксовка	0.030
булавочник	0.030
булавочница	0.030
булга	0.030
бултыхание	0.030
булыга	0.030
булыжина	0.030
бульварчик	0.030
булькание	0.030
бумагомарание	0.030
бумагопрядение	0.030
бумагопрядильня	0.030
бумаготворчество	0.030
бумаженция	0.030
бумазейка	0.030
бумазея	0.030
бундесрат	0.030
бундестаг	0.030
бундовец	0.030
бункеровка	0.030
бункеровщик	0.030
бунтовство	0.030
бунтовщица	0.030
бурав	0.030
бурат	0.030
бурачник	0.030
бурачок	0.030
бургонское	0.030
буревал	0.030
буреломник	0.030
буржуазность	0.030
бурильщица	0.030
буриме	0.030
буркание	0.030
бурлачество	0.030
бурливость	0.030
бурмастер	0.030
бурнус	0.030
бурнусик	0.030
бурозубка	0.030
бурозём	0.030
бурсак	0.030
буртование	0.030
буртоукладчик	0.030
бурундучиха	0.030
бурундучонок	0.030
бурш	0.030
бурщик	0.030
бурщица	0.030
бурятка	0.030
бурёнушка	0.030
буссоль	0.030
бутада	0.030
бутадиен	0.030
бутара	0.030
бутербродец	0.030
бутирометр	0.030
бутонизация	0.030
бутуз	0.030
бутузик	0.030
бутылконос	0.030
буфетец	0.030
буфетик	0.030
буффонство	0.030
бухание	0.030
буханочка	0.030
бухарник	0.030
бучение	0.030
бучило	0.030
бушевание	0.030
бушменка	0.030
буянство	0.030
бывалец	0.030
бывалость	0.030
бывальщина	0.030
былиночка	0.030
былинушка	0.030
былка	0.030
быльник	0.030
быстроток	0.030
быстроходность	0.030
быстряк	0.030
быстрянка	0.030
бытование	0.030
бытовизм	0.030
бытовик	0.030
бытовщина	0.030
бытописание	0.030
бытописатель	0.030
бытописательство	0.030
бытьё	0.030
бычатина	0.030
бычина	0.030
бычонок	0.030
бьеф	0.030
бювар	0.030
бювет	0.030
бюкса	0.030
бюргерство	0.030
бюргерша	0.030
бюретка	0.030
бюрократизация	0.030
бюрократка	0.030
бюстик	0.030
бязь	0.030
вабик	0.030
вабильщик	0.030
вавилоны	0.030
вавилонянка	0.030
вагант	0.030
вагонетчик	0.030
вагонетчица	0.030
вагонник	0.030
вагоноопрокидыватель	0.030
вагоностроение	0.030
вагонщик	0.030
вагранщик	0.030
ваер	0.030
важа	0.030
важничание	0.030
вазопись	0.030
вакуоль	0.030
вакуумирование	0.030
вакуумметр	0.030
вакуумщик	0.030
вакуумщица	0.030
вакцинотерапия	0.030
валансьен	0.030
валашка	0.030
валеж	0.030
валенец	0.030
валеночек	0.030
валец	0.030
вализа	0.030
валкование	0.030
валкователь	0.030
валкость	0.030
валлонка	0.030
валторнист	0.030
валух	0.030
валушок	0.030
вальтрап	0.030
вальцевание	0.030
вальцовка	0.030
вальцовщик	0.030
вальцовщица	0.030
вальщик	0.030
вальяжность	0.030
валютчик	0.030
валютчица	0.030
валяльня	0.030
валяльщик	0.030
валяльщица	0.030
ванадий	0.030
варакушка	0.030
варваризм	0.030
варега	0.030
вареничная	0.030
вариабельность	0.030
вариантность	0.030
вариативность	0.030
вариатор	0.030
варильщик	0.030
варильщица	0.030
вариометр	0.030
вариоскопия	0.030
варначка	0.030
варшавянка	0.030
варщица	0.030
варьирование	0.030
василёчек	0.030
вассальство	0.030
ватажка	0.030
ватажок	0.030
ватерполист	0.030
ватерполистка	0.030
ватерполо	0.030
ватин	0.030
ватрушечка	0.030
ваттметр	0.030
вафельщик	0.030
вафельщица	0.030
вахлак	0.030
вахлачка	0.030
вахтёрка	0.030
вашгерд	0.030
ваятель	0.030
вбивание	0.030
вбирание	0.030
вваривание	0.030
вварка	0.030
ввивание	0.030
ввинчивание	0.030
вволакивание	0.030
ввязка	0.030
ввязывание	0.030
ввёртывание	0.030
вгиб	0.030
вгибание	0.030
вглядывание	0.030
вгон	0.030
вгрызание	0.030
вдавленность	0.030
вдавливание	0.030
вдавлина	0.030
вдавлинка	0.030
вдалбливание	0.030
вдвигание	0.030
вдевание	0.030
вделка	0.030
вделывание	0.030
вдовица	0.030
вдовка	0.030
вдовствование	0.030
вдовуха	0.030
вдохновенность	0.030
вдувание	0.030
вдумчивость	0.030
вдёргивание	0.030
вдёржка	0.030
ведерница	0.030
ведомостичка	0.030
ведомственность	0.030
ведёрочко	0.030
ведёрце	0.030
ведёрышко	0.030
веерок	0.030
вежда	0.030
вездеходка	0.030
вездеходчик	0.030
вековуха	0.030
вековуша	0.030
вековушка	0.030
векселедатель	0.030
векселедержатель	0.030
векторметр	0.030
векша	0.030
велеречивость	0.030
велеречие	0.030
великодушничание	0.030
великоросс	0.030
великоросска	0.030
великорус	0.030
великоруска	0.030
величавость	0.030
величание	0.030
велобол	0.030
велогонщица	0.030
велотрек	0.030
вельможество	0.030
вельможность	0.030
венгерец	0.030
венеролог	0.030
венерология	0.030
венесуэлка	0.030
вентерщик	0.030
венценосец	0.030
вепс	0.030
верблюдица	0.030
верблюдка	0.030
верблюжатина	0.030
верблюжатник	0.030
верблюжина	0.030
вербняк	0.030
вербование	0.030
вербовщица	0.030
вербочка	0.030
вервь	0.030
верезг	0.030
верезжание	0.030
верейка	0.030
веретеница	0.030
веретье	0.030
веретёнце	0.030
верещатник	0.030
верея	0.030
верки	0.030
верлибр	0.030
верноподданность	0.030
верноподданство	0.030
вероломец	0.030
вероломность	0.030
вероотступница	0.030
вероотступничество	0.030
веротерпимость	0.030
версификатор	0.030
версификаторство	0.030
версификация	0.030
верстальщик	0.030
верстание	0.030
верстатка	0.030
верстачок	0.030
верстомер	0.030
вертикал	0.030
вертикальность	0.030
вертлуг	0.030
вертлюг	0.030
вертлявость	0.030
вертоград	0.030
вертоградарь	0.030
вертодром	0.030
вертолётоносец	0.030
вертолётостроение	0.030
вертолётчица	0.030
вертунья	0.030
вертячка	0.030
верховод	0.030
верховодка	0.030
верхогляд	0.030
верхоглядка	0.030
верхоглядство	0.030
верхушечка	0.030
вершинник	0.030
вершительница	0.030
вершочек	0.030
верёвочник	0.030
весельце	0.030
вескость	0.030
весновспашка	0.030
веснушчатость	0.030
веснянка	0.030
весовщица	0.030
вестка	0.030
вестница	0.030
весёлко	0.030
ветвистость	0.030
ветвление	0.030
ветеранка	0.030
ветерочек	0.030
ветошка	0.030
ветошник	0.030
ветошница	0.030
ветошничество	0.030
ветреность	0.030
ветрило	0.030
ветровал	0.030
ветрогонка	0.030
ветролом	0.030
ветростанция	0.030
ветроэнергетика	0.030
ветфельдшер	0.030
ветхозаветность	0.030
вешание	0.030
вешняк	0.030
вещественность	0.030
вещизм	0.030
вещунья	0.030
веяльщик	0.030
веяльщица	0.030
вжатие	0.030
вживание	0.030
вжикание	0.030
вжимание	0.030
взаимовлияние	0.030
взаимовыгодность	0.030
взаимодополняемость	0.030
взаимозаменяемость	0.030
взаимоконтроль	0.030
взаимообогащение	0.030
взаимообусловленность	0.030
взаимоответственность	0.030
взаимоподдержка	0.030
взаимопроверка	0.030
взаиморасположение	0.030
взбалмошность	0.030
взбалтывание	0.030
взбег	0.030
взбегание	0.030
взблеск	0.030
взблескивание	0.030
взбрасывание	0.030
взброс	0.030
взбрызгивание	0.030
взбрык	0.030
взбрыкивание	0.030
взбухание	0.030
взваливание	0.030
взварец	0.030
взвевание	0.030
взведение	0.030
взвивание	0.030
взвизгивание	0.030
взвинченность	0.030
взвинчивание	0.030
взволакивание	0.030
взволок	0.030
взворачивание	0.030
взвывание	0.030
взгорбок	0.030
взгорочек	0.030
вздваивание	0.030
вздорность	0.030
вздорожание	0.030
вздрючка	0.030
вздувание	0.030
вздутость	0.030
вздымание	0.030
вздыхание	0.030
вздёргивание	0.030
вздёржка	0.030
взлезание	0.030
взлетание	0.030
взлизина	0.030
взлохмачивание	0.030
взмахивание	0.030
взмучивание	0.030
взмыв	0.030
взмёт	0.030
взнуздывание	0.030
взрачность	0.030
взращивание	0.030
взрез	0.030
взрезывание	0.030
взрывоопасность	0.030
взрывчатость	0.030
взрыд	0.030
взрыхление	0.030
взъезд	0.030
взъерошивание	0.030
взывание	0.030
взыск	0.030
взыскательность	0.030
взыскивание	0.030
взяткодатель	0.030
взяткодательство	0.030
взяткополучатель	0.030
взяточница	0.030
вибрирование	0.030
вибробезопасность	0.030
виброболезнь	0.030
виброзащита	0.030
виброизолятор	0.030
виброизоляция	0.030
виброметр	0.030
виброметрия	0.030
вибромолот	0.030
вибропогружатель	0.030
вибропрокат	0.030
вибростенд	0.030
виброустойчивость	0.030
виверра	0.030
вивианит	0.030
вивисектор	0.030
вигонь	0.030
видеоинформация	0.030
видеотерминал	0.030
видоизменяемость	0.030
видообразование	0.030
византинист	0.030
византинистика	0.030
византиноведение	0.030
византолог	0.030
визгливость	0.030
визготня	0.030
визгунья	0.030
визига	0.030
визир	0.030
визирование	0.030
визировка	0.030
визитация	0.030
вилайет	0.030
виноградарство	0.030
виноградолечение	0.030
винокурение	0.030
винотека	0.030
виноторговля	0.030
винтокрыл	0.030
винторез	0.030
виньет	0.030
виньета	0.030
вирирование	0.030
виртуозка	0.030
вирулентность	0.030
вирусоноситель	0.030
вирша	0.030
виршеписец	0.030
виршеплёт	0.030
виршеплётство	0.030
вискозиметр	0.030
вискозиметрия	0.030
висмутин	0.030
високос	0.030
височек	0.030
виссон	0.030
витализм	0.030
виталист	0.030
витаминизация	0.030
витаминизирование	0.030
витаминность	0.030
витаминозность	0.030
витаминология	0.030
витаминотерапия	0.030
витание	0.030
витиеватость	0.030
витийство	0.030
вития	0.030
витражист	0.030
витушка	0.030
витьё	0.030
витютень	0.030
вихорок	0.030
вихорчик	0.030
вихреобразование	0.030
вицмундир	0.030
вишенье	0.030
вишнёвка	0.030
вишнёвочка	0.030
вкатывание	0.030
вкачивание	0.030
вкидывание	0.030
вкладчица	0.030
вкладывание	0.030
вклеивание	0.030
вклейка	0.030
вклинение	0.030
вклинивание	0.030
включённость	0.030
вклёпка	0.030
вклёпывание	0.030
вковывание	0.030
вколачивание	0.030
вкоренение	0.030
вкрадчивость	0.030
вкрапина	0.030
вкрапленник	0.030
вкрапливание	0.030
вкручивание	0.030
вкусовщина	0.030
влагомер	0.030
влагостойкость	0.030
владетельница	0.030
владимирка	0.030
властвование	0.030
властолюбец	0.030
власы	0.030
влетание	0.030
влюбление	0.030
влюбчивость	0.030
вмазка	0.030
вмазывание	0.030
вменение	0.030
вмешивание	0.030
вминание	0.030
вмятинка	0.030
вмятость	0.030
внеочерёдность	0.030
внеплановость	0.030
вноска	0.030
внятность	0.030
вовлекание	0.030
вогнутость	0.030
вогулка	0.030
водворение	0.030
водевилист	0.030
водительница	0.030
водительство	0.030
воднолыжник	0.030
воднолыжница	0.030
водность	0.030
водобой	0.030
водобоязнь	0.030
водоверть	0.030
водовод	0.030
водовозка	0.030
водогрей	0.030
водогрейка	0.030
водогрейня	0.030
водогрязелечебница	0.030
водолечебница	0.030
водолечение	0.030
водолюб	0.030
водомер	0.030
водомоина	0.030
водоноска	0.030
водоносность	0.030
водоотлив	0.030
водоочиститель	0.030
водоплавка	0.030
водоподъёмник	0.030
водопойка	0.030
водополица	0.030
водополь	0.030
водополье	0.030
водопользование	0.030
водоприёмник	0.030
водопроницаемость	0.030
водораспыление	0.030
водораспылитель	0.030
водосборник	0.030
водосвятие	0.030
водоскат	0.030
водоспуск	0.030
водостойкость	0.030
водоток	0.030
водоупорность	0.030
водоустойчивость	0.030
водохлёб	0.030
водочерпалка	0.030
водружение	0.030
водянистость	0.030
водяница	0.030
военизация	0.030
военкор	0.030
военспец	0.030
вождизм	0.030
возбуждаемость	0.030
возвеличение	0.030
возвеличивание	0.030
возвещение	0.030
возвышеньице	0.030
возглавие	0.030
возглашение	0.030
возгонка	0.030
возгораемость	0.030
воздевание	0.030
возделыватель	0.030
воздержность	0.030
воздуходув	0.030
воздухонагреватель	0.030
воздухонепроницаемость	0.030
воздухообмен	0.030
воздухоохладитель	0.030
воздухоплавательница	0.030
воздухоподогреватель	0.030
воздухопроницаемость	0.030
воздушник	0.030
воздушность	0.030
воздыхательница	0.030
возжелание	0.030
возжигание	0.030
возик	0.030
возишко	0.030
возище	0.030
возка	0.030
возлежание	0.030
возмужалость	0.030
возмутительница	0.030
возмутительность	0.030
возношение	0.030
возражатель	0.030
возражательница	0.030
войлочек	0.030
вокабула	0.030
вокабулярий	0.030
вокализ	0.030
вокализация	0.030
вокализм	0.030
вокзальчик	0.030
волапюк	0.030
волглость	0.030
волжанка	0.030
волнистость	0.030
волнограф	0.030
волномер	0.030
волнообразование	0.030
волнуха	0.030
волнянка	0.030
воловик	0.030
воловина	0.030
воловня	0.030
волокитство	0.030
волокитчик	0.030
волокнистость	0.030
волокнит	0.030
волонтёрка	0.030
волосовина	0.030
волосочек	0.030
волосянка	0.030
волочильня	0.030
волочильщик	0.030
волхвование	0.030
волчатник	0.030
волчец	0.030
волчиха	0.030
волчище	0.030
вольвокс	0.030
вольнодум	0.030
вольнодумие	0.030
вольнодумство	0.030
вольномыслие	0.030
вольнослушатель	0.030
вольнослушательница	0.030
вольтаж	0.030
вольтаметр	0.030
вольтерьянец	0.030
вольтерьянство	0.030
вольтижирование	0.030
вольтижировка	0.030
вольтижёр	0.030
вольтижёрка	0.030
вольфрамит	0.030
волюнтаризм	0.030
волюнтарист	0.030
волюнтаристка	0.030
волюта	0.030
волюшка	0.030
воображуля	0.030
вооруженец	0.030
вооружённость	0.030
вопленица	0.030
воплотитель	0.030
воплотительница	0.030
вопрошание	0.030
вопрошатель	0.030
вопрошательница	0.030
вопрошение	0.030
ворище	0.030
воркотание	0.030
воркотун	0.030
воркотунья	0.030
воркун	0.030
воркунья	0.030
воробейник	0.030
воробьевит	0.030
вороватость	0.030
ворожейка	0.030
ворожка	0.030
ворократия	0.030
воронение	0.030
вороника	0.030
воронильщик	0.030
вороночка	0.030
воронь	0.030
воротища	0.030
вороток	0.030
ворочание	0.030
ворошение	0.030
ворошилка	0.030
ворсильня	0.030
ворсильщик	0.030
ворсина	0.030
ворсистость	0.030
ворсовальня	0.030
ворсование	0.030
ворсовка	0.030
ворсовщик	0.030
ворсянка	0.030
воскликновение	0.030
воскобой	0.030
воскобойня	0.030
восковка	0.030
восколей	0.030
воскормленец	0.030
воскормление	0.030
воскормленник	0.030
воскормленница	0.030
воскресительница	0.030
воскурение	0.030
воспарение	0.030
воспеватель	0.030
воспрещение	0.030
восприемлемость	0.030
восприемник	0.030
восприемница	0.030
воспринимаемость	0.030
воспринятие	0.030
воспроизводитель	0.030
воспроизводительница	0.030
востоковед	0.030
востоковедение	0.030
восточник	0.030
востриё	0.030
воструха	0.030
вострушка	0.030
восхитительность	0.030
восьмерик	0.030
восьмидесятилетие	0.030
восьмидесятник	0.030
восьмидесятница	0.030
восьмисотлетие	0.030
вотирование	0.030
вотировка	0.030
вотчинник	0.030
вотяк	0.030
вотячка	0.030
вощанка	0.030
вощение	0.030
вощина	0.030
вояжировка	0.030
вояжёр	0.030
впаивание	0.030
впайка	0.030
впайщик	0.030
впалость	0.030
вперение	0.030
впечатленьице	0.030
впечатляемость	0.030
впечатывание	0.030
впивание	0.030
вписывание	0.030
впихивание	0.030
вплетание	0.030
вползание	0.030
впрессовка	0.030
впрессовывание	0.030
впрыгивание	0.030
впрягание	0.030
впускание	0.030
впутывание	0.030
впяливание	0.030
впячивание	0.030
врабатывание	0.030
врагиня	0.030
враждование	0.030
вразумительность	0.030
вразумление	0.030
вралиха	0.030
врастание	0.030
врачевательница	0.030
вредительница	0.030
вреднюга	0.030
вредоносность	0.030
врез	0.030
врезание	0.030
врезывание	0.030
временник	0.030
временность	0.030
временщица	0.030
времяисчисление	0.030
времясчисление	0.030
вретище	0.030
врождённость	0.030
вруб	0.030
врубание	0.030
врубка	0.030
врубмашина	0.030
врубовка	0.030
врубовщик	0.030
врубок	0.030
вручитель	0.030
вручительница	0.030
всаживание	0.030
всасываемость	0.030
всебратство	0.030
всевание	0.030
всевидец	0.030
всевластность	0.030
всевобуч	0.030
вседневность	0.030
всеединство	0.030
всезнай	0.030
всезнайство	0.030
вселюбовь	0.030
всемирность	0.030
всенародность	0.030
всеобуч	0.030
всеобъемлемость	0.030
всеохватность	0.030
всепогодность	0.030
всепрощенец	0.030
всесильность	0.030
всесторонность	0.030
всеусердие	0.030
всеядность	0.030
вскакивание	0.030
вскапывание	0.030
вскатывание	0.030
вскидывание	0.030
вскипание	0.030
всклочивание	0.030
вскормленник	0.030
вскормленница	0.030
вскрикивание	0.030
вскрывание	0.030
вскрыша	0.030
вслушивание	0.030
всматривание	0.030
всовывание	0.030
вспаивание	0.030
вспархивание	0.030
вспарывание	0.030
вспенивание	0.030
всплескивание	0.030
всплывание	0.030
всполаскивание	0.030
всполье	0.030
вспоможение	0.030
вспомоществование	0.030
вспрыгивание	0.030
вспрыскивание	0.030
вспугивание	0.030
вспухание	0.030
вспухлость	0.030
вспученность	0.030
вспучиваемость	0.030
вспучивание	0.030
вспушение	0.030
вспых	0.030
вспыхивание	0.030
вставление	0.030
встаскивание	0.030
встопорщивание	0.030
встраивание	0.030
встревоженность	0.030
встречник	0.030
встройка	0.030
встрёпка	0.030
встрёпывание	0.030
всучивание	0.030
всходня	0.030
всхожесть	0.030
всхолмление	0.030
всхолмлённость	0.030
всхрап	0.030
всхрапывание	0.030
всхрип	0.030
всыпание	0.030
всыпка	0.030
всячинка	0.030
вталкивание	0.030
втаптывание	0.030
втаскивание	0.030
втасовывание	0.030
втачивание	0.030
втачка	0.030
втекание	0.030
втискивание	0.030
вторачивание	0.030
вторичность	0.030
второгодничество	0.030
второочередник	0.030
второразрядник	0.030
второразрядница	0.030
второсортность	0.030
второстепенность	0.030
втравливание	0.030
втрамбование	0.030
втрамбовывание	0.030
втузовец	0.030
втузовка	0.030
втулочка	0.030
втыкание	0.030
втяжка	0.030
втянутость	0.030
вуалетка	0.030
вуалехвост	0.030
вуалирование	0.030
вуалька	0.030
вузовец	0.030
вузовка	0.030
вулканизат	0.030
вулканизатор	0.030
вулканизаторщик	0.030
вулканизирование	0.030
вулканизм	0.030
вулканист	0.030
вулканостанция	0.030
вулканчик	0.030
вульгаризатор	0.030
вульгаризаторство	0.030
вульгаризация	0.030
вульгаризм	0.030
вчерчивание	0.030
вчинение	0.030
вчувствование	0.030
вшивание	0.030
вшивка	0.030
въедливость	0.030
въедчивость	0.030
выбалтывание	0.030
выбегание	0.030
выбеливание	0.030
выбелка	0.030
выбирание	0.030
выбоинка	0.030
выбой	0.030
выбойка	0.030
выбойщик	0.030
выборзок	0.030
выборность	0.030
выборщица	0.030
выбраковка	0.030
выбривание	0.030
выбрызгивание	0.030
выбуксирование	0.030
выбуравливание	0.030
выбуривание	0.030
выбучивание	0.030
выбытие	0.030
вываживание	0.030
вывал	0.030
вываливание	0.030
вываривание	0.030
выварка	0.030
выващивание	0.030
вывевание	0.030
выведеныш	0.030
выведывание	0.030
вывеивание	0.030
выверение	0.030
выверенность	0.030
выверка	0.030
выверчивание	0.030
вывес	0.030
выветрелость	0.030
выветренность	0.030
вывинчивание	0.030
вывихнутость	0.030
выволакивание	0.030
выворачивание	0.030
выворот	0.030
выворотка	0.030
выворотность	0.030
вывязка	0.030
вывязывание	0.030
вывяливание	0.030
вывёрстывание	0.030
вывёртывание	0.030
выгадывание	0.030
выгар	0.030
выгарь	0.030
выгачивание	0.030
выгиб	0.030
выгибка	0.030
выглаживание	0.030
выглядывание	0.030
выгнетание	0.030
выгнивание	0.030
выговаривание	0.030
выгодность	0.030
выгонка	0.030
выгонщик	0.030
выгораживание	0.030
выгородка	0.030
выгравирование	0.030
выгранивание	0.030
выгребание	0.030
выгребка	0.030
выгружатель	0.030
выгрузчик	0.030
выгрызание	0.030
выгуливание	0.030
выдаивание	0.030
выдалбливание	0.030
выдвигание	0.030
выдвиженец	0.030
выдвиженка	0.030
выдвиженчество	0.030
выделанность	0.030
выделывание	0.030
выдержанность	0.030
выдерживание	0.030
выдирание	0.030
выдойка	0.030
выдрючивание	0.030
выдрёнок	0.030
выдувальщик	0.030
выдувальщица	0.030
выдувка	0.030
выдуманность	0.030
выдыхание	0.030
выем	0.030
выжаривание	0.030
выжарки	0.030
выжереб	0.030
выжеребка	0.030
выжиг	0.030
выжига	0.030
выжигальщик	0.030
выжигальщица	0.030
выжидательность	0.030
выжим	0.030
выжлец	0.030
выжлица	0.030
выжловка	0.030
выжлятник	0.030
вызванивание	0.030
вызволитель	0.030
выздоравливание	0.030
вызолачивание	0.030
вызревание	0.030
вызубрина	0.030
выискивание	0.030
выказывание	0.030
выкаливание	0.030
выкалывание	0.030
выкание	0.030
выканючивание	0.030
выкармливание	0.030
выкатка	0.030
выкатчик	0.030
выкатывание	0.030
выкачка	0.030
выкашивание	0.030
выкашливание	0.030
выквашивание	0.030
выкидка	0.030
выкидывание	0.030
выкипание	0.030
выкисание	0.030
выклеивание	0.030
выклейка	0.030
выклик	0.030
выкликание	0.030
выкликивание	0.030
выклинивание	0.030
выключенность	0.030
выключка	0.030
выклянчивание	0.030
выклёвывание	0.030
выклёпывание	0.030
выковка	0.030
выковывание	0.030
выковыривание	0.030
выкол	0.030
выколачивание	0.030
выколашивание	0.030
выколка	0.030
выколотка	0.030
выколотчик	0.030
выколупывание	0.030
выконопачивание	0.030
выкопирование	0.030
выкопировка	0.030
выкопка	0.030
выкорм	0.030
выкормка	0.030
выкормок	0.030
выкорчёвка	0.030
выкорчёвывание	0.030
выкос	0.030
выкрадывание	0.030
выкраивание	0.030
выкраска	0.030
выкрашивание	0.030
выкрест	0.030
выкрестка	0.030
выкривление	0.030
выкристаллизирование	0.030
выкристаллизовывание	0.030
выкроечка	0.030
выкрут	0.030
выкрывание	0.030
выкус	0.030
выкусывание	0.030
вылавливание	0.030
вылаз	0.030
выламывание	0.030
вылащивание	0.030
вылепка	0.030
вылепливание	0.030
вылетание	0.030
вылечивание	0.030
выливание	0.030
вылом	0.030
выломка	0.030
вылуживание	0.030
вылущивание	0.030
вылёживание	0.030
вымазывание	0.030
вымаливание	0.030
вымалывание	0.030
вымаривание	0.030
вымарка	0.030
вымарывание	0.030
выматывание	0.030
вымах	0.030
вымачивание	0.030
вымащивание	0.030
вымбовка	0.030
вымежёвывание	0.030
выменивание	0.030
вымерзание	0.030
вымеривание	0.030
выметание	0.030
выметка	0.030
выметки	0.030
вымешивание	0.030
вымещение	0.030
вымогание	0.030
вымоина	0.030
вымокание	0.030
вымолачивание	0.030
вымолот	0.030
вымолотка	0.030
вымор	0.030
вымораживание	0.030
выморозка	0.030
выморочность	0.030
вымостка	0.030
вымочка	0.030
вымученность	0.030
вымучивание	0.030
вымуштрованность	0.030
вымывание	0.030
вымышленность	0.030
вымётывание	0.030
вынизывание	0.030
вынимание	0.030
выноска	0.030
вынуждение	0.030
выныривание	0.030
выпаивание	0.030
выпалка	0.030
выпалывание	0.030
выпар	0.030
выпарка	0.030
выпархивание	0.030
выпарщик	0.030
выпарщица	0.030
выпарывание	0.030
выпаска	0.030
выпахивание	0.030
выпашка	0.030
выпевание	0.030
выпендривание	0.030
выпечатывание	0.030
выпивон	0.030
выпиливание	0.030
выпилка	0.030
выпиловка	0.030
выпильщик	0.030
выпирание	0.030
выписанность	0.030
выписчик	0.030
выписчица	0.030
выпись	0.030
выпихивание	0.030
выплав	0.030
выплавка	0.030
выплавление	0.030
выплакивание	0.030
выплачивание	0.030
выплетание	0.030
выплод	0.030
выплывание	0.030
выплясывание	0.030
выплёвывание	0.030
выплёскивание	0.030
выпойка	0.030
выполаскивание	0.030
выползание	0.030
выползень	0.030
выполировывание	0.030
выполнимость	0.030
выпор	0.030
выпоражнивание	0.030
выпорка	0.030
выпорок	0.030
выпороток	0.030
выпотевание	0.030
выпотрашивание	0.030
выправление	0.030
выпрастывание	0.030
выпревание	0.030
выпрессовка	0.030
выпроваживание	0.030
выпрокидывание	0.030
выпрыск	0.030
выпрыскивание	0.030
выпрягание	0.030
выпрядание	0.030
выпрядка	0.030
выпрядывание	0.030
выпугивание	0.030
выпуклина	0.030
выпутывание	0.030
выпучивание	0.030
выпучина	0.030
выпушка	0.030
выпытывание	0.030
выпяливание	0.030
вырабатывание	0.030
выработанность	0.030
выравниватель	0.030
выраженность	0.030
выразительница	0.030
вырастание	0.030
вырезывание	0.030
вырисовка	0.030
вырисовывание	0.030
выровненность	0.030
вырождаемость	0.030
вырожденка	0.030
выросток	0.030
выруб	0.030
вырубание	0.030
вырубщик	0.030
выруливание	0.030
выручение	0.030
выряжание	0.030
высаживание	0.030
высаливание	0.030
высачивание	0.030
высватывание	0.030
высверк	0.030
высверливание	0.030
высвет	0.030
высветление	0.030
высветливание	0.030
высвечивание	0.030
высвист	0.030
высвистывание	0.030
высев	0.030
высевание	0.030
высевка	0.030
высеивание	0.030
высекание	0.030
выселенец	0.030
выселенка	0.030
высидка	0.030
выскакивание	0.030
выскальзывание	0.030
выскребание	0.030
выскребки	0.030
выслуживание	0.030
высмаливание	0.030
высматривание	0.030
высовывание	0.030
высоковольтка	0.030
высокопарность	0.030
высокость	0.030
высотник	0.030
выспевание	0.030
выспрашивание	0.030
выспренность	0.030
выстаивание	0.030
выстилание	0.030
выстойка	0.030
выстрагивание	0.030
выстраданность	0.030
выстрачивание	0.030
выстреливание	0.030
выстригание	0.030
выстрочка	0.030
выстругивание	0.030
выстуживание	0.030
выстукивание	0.030
выступание	0.030
выступка	0.030
выстывание	0.030
выстёгивание	0.030
высучивание	0.030
высушивание	0.030
высушка	0.030
высчитывание	0.030
высылание	0.030
высыпка	0.030
вытаивание	0.030
вытапливание	0.030
вытаптывание	0.030
вытаращивание	0.030
вытачивание	0.030
вытачка	0.030
вытверживание	0.030
вытекание	0.030
вытертость	0.030
вытеснитель	0.030
вытискивание	0.030
вытиснение	0.030
вытопка	0.030
выторачивание	0.030
выторговывание	0.030
выточка	0.030
вытравка	0.030
вытравление	0.030
вытравливание	0.030
вытраливание	0.030
вытрамбовывание	0.030
вытребование	0.030
вытрезвиловка	0.030
вытрезвление	0.030
вытрясание	0.030
вытряска	0.030
вытряхивание	0.030
вытушёвывание	0.030
вытчик	0.030
вытыкание	0.030
вытьё	0.030
вытёсывание	0.030
выученик	0.030
выученица	0.030
выучивание	0.030
выхаживание	0.030
выхаживатель	0.030
выхаркивание	0.030
выхваливание	0.030
выхватывание	0.030
выхлёбывание	0.030
выхолаживание	0.030
выхолащивание	0.030
выхоливание	0.030
выцарапывание	0.030
выцвет	0.030
выцветание	0.030
выцеживание	0.030
выцеливание	0.030
вычаливание	0.030
вычеканивание	0.030
вычерк	0.030
вычернение	0.030
вычернивание	0.030
вычерпывание	0.030
вычерчивание	0.030
выческа	0.030
вычистка	0.030
вычитаемое	0.030
вычитчик	0.030
вычитывание	0.030
вычихивание	0.030
вычищение	0.030
вычура	0.030
вычёркивание	0.030
вычёсывание	0.030
вышаркивание	0.030
вышатывание	0.030
вышвыривание	0.030
вышечка	0.030
вышивальщик	0.030
вышкварок	0.030
вышколенность	0.030
вышколка	0.030
вышкомонтажник	0.030
вышкостроение	0.030
вышкостроитель	0.030
вышлифовывание	0.030
вышпаривание	0.030
выштукатуривание	0.030
вышучивание	0.030
выщелачивание	0.030
выщелк	0.030
выщербина	0.030
выщербинка	0.030
выщербление	0.030
выщупывание	0.030
выщёлкивание	0.030
вьюковожатый	0.030
вьюночек	0.030
вьюрок	0.030
вьючение	0.030
вьюшечка	0.030
вязаночка	0.030
вязель	0.030
вязник	0.030
вязёнка	0.030
вязёнки	0.030
вякание	0.030
вяление	0.030
вятич	0.030
вяхирь	0.030
вёрткость	0.030
габбро	0.030
габитус	0.030
гавкание	0.030
гагакание	0.030
гагат	0.030
гагауз	0.030
гагаузка	0.030
гадальщик	0.030
гадальщица	0.030
гадатель	0.030
гадательница	0.030
гадючник	0.030
гаерство	0.030
газават	0.030
газетчица	0.030
газирование	0.030
газировщица	0.030
газификатор	0.030
газификация	0.030
газоанализатор	0.030
газовик	0.030
газогенератор	0.030
газок	0.030
газомер	0.030
газометр	0.030
газомотор	0.030
газонепроницаемость	0.030
газоносность	0.030
газообмен	0.030
газоочистка	0.030
газопроницаемость	0.030
газоубежище	0.030
газохранилище	0.030
гайдроп	0.030
гайковёрт	0.030
галантерейность	0.030
галантерейщица	0.030
галантир	0.030
галдение	0.030
галерейка	0.030
галерник	0.030
галечка	0.030
галлицизм	0.030
галломан	0.030
галломания	0.030
галлофоб	0.030
галлофобия	0.030
галоид	0.030
галопирование	0.030
галтель	0.030
галургия	0.030
гальванизация	0.030
гальванизирование	0.030
гальваник	0.030
гальванометр	0.030
гальванопластика	0.030
гальванопокрытие	0.030
гальваноскоп	0.030
гальваностегия	0.030
гальванотехника	0.030
гальванёр	0.030
галёрочник	0.030
гамбузия	0.030
гамкание	0.030
гамлетизм	0.030
гамлетовщина	0.030
гангстеризм	0.030
гандболист	0.030
гандболистка	0.030
гаолян	0.030
гарантирование	0.030
гардинка	0.030
гаркание	0.030
гармонизатор	0.030
гармонизация	0.030
гармоничность	0.030
гарнец	0.030
гарнировка	0.030
гарцевание	0.030
гаршнеп	0.030
гасильник	0.030
гастролёрство	0.030
гастролёрша	0.030
гаулейтер	0.030
гашник	0.030
гваюла	0.030
гвинеец	0.030
гвинейка	0.030
гвоздарь	0.030
гвоздильня	0.030
гвоздичка	0.030
гвоздище	0.030
гвоздок	0.030
гвоздочек	0.030
гебраизм	0.030
гебраист	0.030
гебраистика	0.030
гегелизм	0.030
гегелист	0.030
гегельянец	0.030
гегельянство	0.030
гегемон	0.030
гегемонизм	0.030
гейзерит	0.030
гекатомба	0.030
гексахлоран	0.030
гексаэдр	0.030
гектоватт	0.030
гектограф	0.030
гектографирование	0.030
гектолитр	0.030
гелертер	0.030
гелертерство	0.030
гелиобиология	0.030
гелиогеофизик	0.030
гелиогеофизика	0.030
гелиогравюра	0.030
гелиограф	0.030
гелиометр	0.030
гелиотерапия	0.030
гелиотехника	0.030
гелиотропизм	0.030
гелиоустановка	0.030
гелиофизика	0.030
гелиоцентризм	0.030
гельминт	0.030
гельминтоз	0.030
гельминтолог	0.030
гельминтология	0.030
генерализация	0.030
генеральство	0.030
гениальничание	0.030
генотип	0.030
генплан	0.030
генштабист	0.030
геоботаник	0.030
геогнозия	0.030
геогност	0.030
геодезистка	0.030
геокриолог	0.030
геокриология	0.030
геологиня	0.030
геологоразведчик	0.030
геомагнетизм	0.030
геометр	0.030
геометризм	0.030
геометричность	0.030
геоморфология	0.030
геосфера	0.030
геотермика	0.030
геотермия	0.030
геофизик	0.030
геохимик	0.030
геохимия	0.030
геоцентризм	0.030
геранька	0.030
гербаризация	0.030
гербоведение	0.030
гербовник	0.030
германизация	0.030
германизм	0.030
германист	0.030
германистика	0.030
германистка	0.030
германка	0.030
германофил	0.030
германофильство	0.030
германофоб	0.030
германофобство	0.030
гермошлем	0.030
героизация	0.030
героика	0.030
героичность	0.030
герольдия	0.030
герольдмейстер	0.030
геронтократ	0.030
геронтократия	0.030
геронтолог	0.030
герпетолог	0.030
герпетология	0.030
гетерогенность	0.030
гетерозис	0.030
гетманство	0.030
гетманщина	0.030
гешефтмахер	0.030
гешефтмахерство	0.030
гиббереллин	0.030
гибельность	0.030
гибщик	0.030
гигантомания	0.030
гигиеничность	0.030
гигрометр	0.030
гигроскопичность	0.030
гидесса	0.030
гидрид	0.030
гидрирование	0.030
гидроагрегат	0.030
гидроакустик	0.030
гидроакустика	0.030
гидроаэродром	0.030
гидроаэромеханика	0.030
гидробиолог	0.030
гидробиология	0.030
гидрогенератор	0.030
гидрогенизация	0.030
гидрогеолог	0.030
гидрогеология	0.030
гидрография	0.030
гидродинамика	0.030
гидрокомбинезон	0.030
гидрология	0.030
гидромелиорация	0.030
гидрометаллургия	0.030
гидрометеоролог	0.030
гидрометеорология	0.030
гидрометрист	0.030
гидрометрия	0.030
гидромеханизатор	0.030
гидромеханизация	0.030
гидромеханика	0.030
гидромонитор	0.030
гидромонтажник	0.030
гидронавт	0.030
гидропресс	0.030
гидропривод	0.030
гидропульт	0.030
гидропушка	0.030
гидросистема	0.030
гидросмыв	0.030
гидросооружение	0.030
гидростатика	0.030
гидростроительство	0.030
гидросфера	0.030
гидротехник	0.030
гидротехника	0.030
гидротурбина	0.030
гидрофизика	0.030
гидрофит	0.030
гидрофобность	0.030
гидрохимик	0.030
гидрохимия	0.030
гидроэнергия	0.030
гикание	0.030
гильотинка	0.030
гиляк	0.030
гилячка	0.030
гименей	0.030
гимназистик	0.030
гимназисточка	0.030
гимнастёрочка	0.030
гинекей	0.030
гиперболизация	0.030
гиперболизм	0.030
гиперболичность	0.030
гипербореец	0.030
гиперборейка	0.030
гиперзвук	0.030
гиперон	0.030
гипертрофирование	0.030
гипнолог	0.030
гипнопедия	0.030
гипнотизация	0.030
гипнотизирование	0.030
гипнотик	0.030
гиповитаминоз	0.030
гиподинамия	0.030
гипокинезия	0.030
гипотетичность	0.030
гипоцентр	0.030
гипсование	0.030
гипсометрия	0.030
гипюр	0.030
гиревик	0.030
гирло	0.030
гистолог	0.030
гитлеризм	0.030
гитов	0.030
гичка	0.030
главковерх	0.030
главреж	0.030
глаголица	0.030
глаголь	0.030
глагольность	0.030
гладилка	0.030
гладильня	0.030
гладильщик	0.030
гладильщица	0.030
гладкостволка	0.030
гладыш	0.030
глажение	0.030
глазастость	0.030
глазет	0.030
глазирование	0.030
глазировщик	0.030
глазировщица	0.030
глазник	0.030
глазоньки	0.030
глазурование	0.030
глазуровка	0.030
глетчер	0.030
глечик	0.030
глинистость	0.030
глинище	0.030
глинозём	0.030
глиномешалка	0.030
глиномял	0.030
глиномялка	0.030
глиптика	0.030
глиптодонт	0.030
глиптотека	0.030
глиссад	0.030
глиссирование	0.030
глобальность	0.030
глобин	0.030
глобула	0.030
глодание	0.030
глоксиния	0.030
глосса	0.030
глоссарий	0.030
глубинность	0.030
глубиномер	0.030
глубоководник	0.030
глубоководность	0.030
глубоководье	0.030
глубокомысленность	0.030
глубокомыслие	0.030
глубокоснежье	0.030
глубомер	0.030
глумец	0.030
глумливость	0.030
глуповатость	0.030
глухарятина	0.030
глухарёк	0.030
глухарёнок	0.030
глуховатость	0.030
глухонемота	0.030
глухость	0.030
глухотца	0.030
глушина	0.030
глушня	0.030
глушняк	0.030
глыбина	0.030
глыбистость	0.030
глыбища	0.030
глыбка	0.030
глядение	0.030
глянцевание	0.030
глянцевитость	0.030
глянцовка	0.030
глясе	0.030
гляциолог	0.030
гляциология	0.030
гневливость	0.030
гневность	0.030
гнедуха	0.030
гнездилище	0.030
гнездовка	0.030
гнейс	0.030
гнилец	0.030
гниловатость	0.030
гнилокровие	0.030
гнилостность	0.030
гнилость	0.030
гнилуха	0.030
гноекровие	0.030
гноение	0.030
гноище	0.030
гномон	0.030
гносеология	0.030
гностик	0.030
гностицизм	0.030
гнусавость	0.030
гнусливость	0.030
гнутьё	0.030
говельщик	0.030
говельщица	0.030
говорливость	0.030
говорунья	0.030
говоруша	0.030
говядо	0.030
гоголёк	0.030
гоголёнок	0.030
гоготун	0.030
гоготунья	0.030
годовик	0.030
годовичок	0.030
голавлик	0.030
голбец	0.030
голбчик	0.030
голизна	0.030
голица	0.030
голичка	0.030
голичок	0.030
головизна	0.030
головища	0.030
головогрудь	0.030
головоломность	0.030
головонька	0.030
головотяп	0.030
головотяпство	0.030
головочка	0.030
головщик	0.030
головщица	0.030
голографирование	0.030
гололедь	0.030
гололёдка	0.030
гололёдность	0.030
голомянка	0.030
голопузик	0.030
голосина	0.030
голосистость	0.030
голосишко	0.030
голосище	0.030
голословность	0.030
голосник	0.030
голосоведение	0.030
голошение	0.030
голоштанник	0.030
голубеводство	0.030
голубень	0.030
голубичник	0.030
голубоватость	0.030
голубонька	0.030
голубятина	0.030
голубёночек	0.030
голышка	0.030
гольдка	0.030
гольмий	0.030
гольтепа	0.030
гольян	0.030
гольё	0.030
гомеостазис	0.030
гоми	0.030
гомилетика	0.030
гомогенность	0.030
гомология	0.030
гониометр	0.030
гониометрия	0.030
гонительница	0.030
гоноболь	0.030
гонококк	0.030
гонорарий	0.030
гонорариум	0.030
гонтина	0.030
гончарня	0.030
гончарство	0.030
гоньба	0.030
гопание	0.030
горбатость	0.030
горбик	0.030
горбина	0.030
горбинник	0.030
горбовина	0.030
горбок	0.030
горбоносость	0.030
горбочек	0.030
горбушечка	0.030
горделивость	0.030
гордень	0.030
горевание	0.030
гореваньице	0.030
горельеф	0.030
горельник	0.030
горечавка	0.030
горжет	0.030
горизонтальность	0.030
гористость	0.030
горихвостка	0.030
горицвет	0.030
горлан	0.030
горлик	0.030
горлосечение	0.030
горлёнок	0.030
горновщик	0.030
горновщица	0.030
горнозаводчик	0.030
горнолыжница	0.030
горнопромышленник	0.030
горнопромышленность	0.030
горнорабочий	0.030
горноспасатель	0.030
горностайка	0.030
горнушка	0.030
горнячка	0.030
горовосходитель	0.030
городничество	0.030
городничий	0.030
городничиха	0.030
городовик	0.030
городошник	0.030
городошница	0.030
городьба	0.030
горообразование	0.030
гороховина	0.030
гороховица	0.030
горошница	0.030
горчак	0.030
горчичница	0.030
горьковатость	0.030
горькость	0.030
горькуха	0.030
горькушка	0.030
горюн	0.030
горюнок	0.030
горюнья	0.030
горюха	0.030
горючесть	0.030
горюша	0.030
горюшица	0.030
горячительность	0.030
господствование	0.030
гостевание	0.030
гостенёк	0.030
гостинка	0.030
гостинодворец	0.030
гостьюшка	0.030
гостюшка	0.030
гостёк	0.030
гостёчек	0.030
государственник	0.030
государствование	0.030
готтентот	0.030
готтентотка	0.030
гофмаклер	0.030
гофмаршал	0.030
гофмейстер	0.030
гофр	0.030
гофрирование	0.030
гофрировка	0.030
гофрировщик	0.030
гофрировщица	0.030
гощение	0.030
грабарка	0.030
грабельки	0.030
грабельник	0.030
грабельщик	0.030
грабельщица	0.030
грабен	0.030
грабинник	0.030
грабительство	0.030
гравелит	0.030
гравилат	0.030
гравиметр	0.030
гравиметрист	0.030
гравиметрия	0.030
гравирование	0.030
гравировщик	0.030
гравировщица	0.030
градиентометр	0.030
градинка	0.030
градирование	0.030
градировка	0.030
градобитие	0.030
градобой	0.030
градоначальница	0.030
градоначальство	0.030
градоправитель	0.030
градостроение	0.030
градуирование	0.030
градуировка	0.030
грамматист	0.030
граммофончик	0.030
грамотейка	0.030
грамотка	0.030
грамотник	0.030
грамотница	0.030
грамотёшка	0.030
гранатка	0.030
гранатник	0.030
гранение	0.030
гранильник	0.030
гранильня	0.030
гранильщица	0.030
гранитоль	0.030
гранитчик	0.030
гранпасьянс	0.030
гранулирование	0.030
гранулометрия	0.030
грануляция	0.030
грассирование	0.030
граттаж	0.030
графекон	0.030
графинюшка	0.030
графление	0.030
графомания	0.030
графоманка	0.030
графчик	0.030
грачовник	0.030
гребневик	0.030
гребнечесание	0.030
гребь	0.030
грейдерист	0.030
грейфер	0.030
гремучка	0.030
гремушка	0.030
гренаж	0.030
греховодница	0.030
грецизм	0.030
гречишник	0.030
гречневик	0.030
гречушник	0.030
грибовар	0.030
грибоварня	0.030
грибовод	0.030
грибоводство	0.030
грибоед	0.030
грибосушилка	0.030
гривенничек	0.030
гривуазность	0.030
гридень	0.030
гридница	0.030
гридня	0.030
гридьба	0.030
гризетка	0.030
гримасник	0.030
гримасница	0.030
гримасничание	0.030
гримирование	0.030
гримировка	0.030
гробок	0.030
гроденапль	0.030
гродетур	0.030
гроздие	0.030
гроздье	0.030
грозность	0.030
громогласность	0.030
громоздкость	0.030
гроссмейстерство	0.030
гросфатер	0.030
грохотание	0.030
грохоток	0.030
грохочение	0.030
грубиянство	0.030
грубоватость	0.030
грудник	0.030
грудница	0.030
гружение	0.030
груздик	0.030
груздок	0.030
груздочек	0.030
грузинец	0.030
грузность	0.030
грузовладелец	0.030
грузонапряжённость	0.030
грузооборот	0.030
грузоотправитель	0.030
грузополучатель	0.030
грузопоток	0.030
грузотакси	0.030
грунтование	0.030
групорг	0.030
группетто	0.030
группирование	0.030
групповод	0.030
групповодство	0.030
групповщина	0.030
группочка	0.030
грушанка	0.030
грушица	0.030
грушник	0.030
грушовка	0.030
грыжесечение	0.030
грызунья	0.030
грюндер	0.030
грюндерство	0.030
грядиль	0.030
грядочка	0.030
грядушка	0.030
грязеводолечебница	0.030
грязелечебница	0.030
грязелечение	0.030
грязнуха	0.030
грязовик	0.030
грязца	0.030
губернаторша	0.030
губительница	0.030
губительность	0.030
губища	0.030
губёнка	0.030
гугенотка	0.030
гугнивость	0.030
гудочек	0.030
гудочник	0.030
гудошник	0.030
гудронатор	0.030
гудронирование	0.030
гужеед	0.030
гужик	0.030
гужовка	0.030
гузка	0.030
гузно	0.030
гукание	0.030
гулкость	0.030
гулливость	0.030
гульбище	0.030
гулькание	0.030
гульня	0.030
гулюшка	0.030
гуляльщик	0.030
гуляльщица	0.030
гуманизация	0.030
гуманистка	0.030
гуменце	0.030
гумма	0.030
гумми	0.030
гуммиарабик	0.030
гуммигут	0.030
гуммилак	0.030
гуммиластик	0.030
гуммирование	0.030
гуммоз	0.030
гумус	0.030
гуран	0.030
гуриец	0.030
гурийка	0.030
гурманка	0.030
гурманство	0.030
гуртильщик	0.030
гуртоправ	0.030
гурчение	0.030
гусарик	0.030
гусарство	0.030
гусарчик	0.030
гусеводство	0.030
гусельник	0.030
гусит	0.030
гуситка	0.030
гусляр	0.030
густель	0.030
густера	0.030
густолесье	0.030
гусятница	0.030
гуттаперча	0.030
гуцул	0.030
гуцулка	0.030
гущение	0.030
давильщик	0.030
дагерротипист	0.030
дагестанец	0.030
дагестанка	0.030
дадан	0.030
дакальщик	0.030
дакальщица	0.030
дакание	0.030
дактилология	0.030
дактиль	0.030
дальнобойка	0.030
дальновидение	0.030
дальномерщик	0.030
дальтонист	0.030
дальтоничка	0.030
далёкость	0.030
данайка	0.030
данница	0.030
дантистка	0.030
дарвинистка	0.030
даргинец	0.030
даргинка	0.030
дарительница	0.030
дармовщина	0.030
дармоедка	0.030
дармоедство	0.030
даровитость	0.030
даровщина	0.030
даровщинка	0.030
дароносица	0.030
датель	0.030
дательница	0.030
даурка	0.030
дафния	0.030
дачевладелец	0.030
дачевладелица	0.030
двадцатипятирублёвка	0.030
дверочка	0.030
двигателестроение	0.030
двигателист	0.030
движимость	0.030
двоеборец	0.030
двоеборье	0.030
двоеверец	0.030
двоеверие	0.030
двоеверка	0.030
двоевластие	0.030
двоедушие	0.030
двоемужие	0.030
двоемыслие	0.030
двоетёс	0.030
двоецарствие	0.030
двоешка	0.030
двоильщик	0.030
двоица	0.030
двойчатка	0.030
дворишко	0.030
дворяночка	0.030
двояшка	0.030
двугривенник	0.030
двугривенничек	0.030
двуединство	0.030
двузубец	0.030
двуличник	0.030
двуличница	0.030
двуперстие	0.030
двуперстник	0.030
двупланность	0.030
двуплановость	0.030
двуполье	0.030
двуручка	0.030
двурушница	0.030
двурушничество	0.030
двусемянка	0.030
двусмыслица	0.030
двусоставность	0.030
двусторонность	0.030
двуустка	0.030
двуутробка	0.030
двухвостка	0.030
двухвёрстка	0.030
двухголосие	0.030
двухколейка	0.030
двухлетие	0.030
двухолмие	0.030
двухпудовка	0.030
двухстволка	0.030
двухтонка	0.030
двухходовка	0.030
двучлен	0.030
двуязычие	0.030
деавтоматизация	0.030
деаэратор	0.030
деаэрация	0.030
дебаркация	0.030
дебатирование	0.030
дебелость	0.030
дебетование	0.030
дебильность	0.030
дебит	0.030
дебитор	0.030
деблокада	0.030
деблокирование	0.030
деблокировка	0.030
дебоширка	0.030
дебоширство	0.030
деверёк	0.030
девство	0.030
девчурочка	0.030
девчушечка	0.030
девяностолетие	0.030
девясил	0.030
девятерик	0.030
девятисотлетие	0.030
девятнадцатилетие	0.030
дегазатор	0.030
дегазация	0.030
дегенеративность	0.030
дегероизация	0.030
деготок	0.030
деготёк	0.030
дегрессия	0.030
дегтишко	0.030
дегтярка	0.030
дегтярник	0.030
дегтярница	0.030
дегтярня	0.030
дегтярь	0.030
дегуманизация	0.030
дедвейт	0.030
дедерон	0.030
дедина	0.030
дедовник	0.030
дедраматизация	0.030
дезавуирование	0.030
дезинфицирование	0.030
дезинформатор	0.030
дезодоратор	0.030
дезодорация	0.030
дезорганизатор	0.030
дезорганизованность	0.030
дезориентирование	0.030
деидеологизация	0.030
деизм	0.030
деист	0.030
деистка	0.030
деисус	0.030
дейтрон	0.030
декабристка	0.030
декаграмм	0.030
декадентка	0.030
декадентщина	0.030
декадник	0.030
декалитр	0.030
декалькирование	0.030
декалькомания	0.030
декаметр	0.030
деканство	0.030
декатирование	0.030
декатировка	0.030
декатонна	0.030
декаэдр	0.030
деквалификация	0.030
декламатор	0.030
декламаторство	0.030
декламаторша	0.030
декламирование	0.030
декларативность	0.030
деклассирование	0.030
деклинатор	0.030
деклинация	0.030
декокт	0.030
деколонизация	0.030
деколь	0.030
декоративность	0.030
декорировка	0.030
декорум	0.030
декретирование	0.030
декстрин	0.030
деланность	0.030
делательница	0.030
делимое	0.030
делимость	0.030
деловик	0.030
делопроизводительница	0.030
дельтапланерист	0.030
дельфинариум	0.030
дельфиниум	0.030
дельфиниха	0.030
дельфинёнок	0.030
делювий	0.030
деляна	0.030
делячество	0.030
демагогичность	0.030
демаркация	0.030
демарш	0.030
демаскирование	0.030
демаскировка	0.030
демикотон	0.030
демилитаризация	0.030
демисезон	0.030
демиург	0.030
демограф	0.030
демократизм	0.030
демократичность	0.030
демонизм	0.030
демонополизация	0.030
демонстрантка	0.030
демонстрирование	0.030
деморализация	0.030
демпинг	0.030
демпфирование	0.030
денатурализация	0.030
денатурация	0.030
денатурирование	0.030
денационализация	0.030
дендизм	0.030
дендрит	0.030
дендролог	0.030
дендрология	0.030
дендропарк	0.030
дензнак	0.030
денница	0.030
денонсация	0.030
денонсирование	0.030
денудация	0.030
деньжишки	0.030
деонтология	0.030
деповец	0.030
депозитка	0.030
депозитор	0.030
деполитизация	0.030
депонент	0.030
депорт	0.030
депутатство	0.030
дератизация	0.030
дербенник	0.030
дербист	0.030
дергачиха	0.030
дерготня	0.030
дергун	0.030
деревенщик	0.030
деревина	0.030
деревообделочник	0.030
деревообделочница	0.030
деревянность	0.030
деревяшечка	0.030
дерезняк	0.030
дереняк	0.030
державец	0.030
державность	0.030
державство	0.030
держак	0.030
держательница	0.030
держидерево	0.030
держиморда	0.030
дерзновение	0.030
дерзновенность	0.030
дерзостность	0.030
деривация	0.030
дерматоглифика	0.030
дерматоз	0.030
дерматомикоз	0.030
дерматомицет	0.030
дермографизм	0.030
дернение	0.030
дернина	0.030
дернинка	0.030
дернище	0.030
дернование	0.030
дерновина	0.030
дерновинка	0.030
дерновище	0.030
дерновка	0.030
дерновщик	0.030
дернорез	0.030
дерюжина	0.030
десантировка	0.030
десикант	0.030
десикация	0.030
деспотичность	0.030
деспотия	0.030
деспотка	0.030
десятерик	0.030
десятиборец	0.030
десятивёрстка	0.030
десятидневка	0.030
десятиминутка	0.030
десятиугольник	0.030
десятский	0.030
детализирование	0.030
детальность	0.030
детва	0.030
детдомовка	0.030
детектирование	0.030
детерминант	0.030
детерминатив	0.030
детерминированность	0.030
детерминист	0.030
детинец	0.030
детинка	0.030
детинушка	0.030
деткомбинат	0.030
деткор	0.030
детонирование	0.030
детплощадка	0.030
детрит	0.030
дефективность	0.030
дефектность	0.030
дефектовка	0.030
дефектовщик	0.030
дефектолог	0.030
дефектология	0.030
дефектоскопист	0.030
дефектоскопия	0.030
дефилирование	0.030
дефинитив	0.030
дефиниция	0.030
дефицитность	0.030
дефляция	0.030
дефолиант	0.030
дефолиация	0.030
деформирование	0.030
дехканка	0.030
дехканство	0.030
дециграмм	0.030
дециметр	0.030
дешифрирование	0.030
деятельница	0.030
джазистка	0.030
джайлау	0.030
джейлау	0.030
джейран	0.030
джемперок	0.030
джентльменство	0.030
джерсе	0.030
джигитовка	0.030
джиддовник	0.030
джугара	0.030
дзекание	0.030
дзинькание	0.030
диабаз	0.030
диаконица	0.030
диалектизм	0.030
диалектолог	0.030
диалектология	0.030
диапозитив	0.030
диаскоп	0.030
диатермия	0.030
диафон	0.030
диафрагмирование	0.030
диахрония	0.030
дивергенция	0.030
диверсантка	0.030
дивертисмент	0.030
дивизионка	0.030
дидактизм	0.030
дидактик	0.030
дидактика	0.030
дидактичность	0.030
диететика	0.030
диетик	0.030
диетология	0.030
диетотерапия	0.030
диетсестра	0.030
дизелестроение	0.030
дизелист	0.030
дикарство	0.030
дикобразиха	0.030
диковатость	0.030
дикорос	0.030
дилогия	0.030
диморфизм	0.030
динамитчик	0.030
динамичность	0.030
динамометр	0.030
динамометрия	0.030
диоптр	0.030
диоптрика	0.030
дипкурьер	0.030
диплококк	0.030
дипломант	0.030
дипломантка	0.030
дипломатика	0.030
дипломатка	0.030
дипломник	0.030
дипломница	0.030
диптих	0.030
дирижаблестроение	0.030
дирижёрство	0.030
дисгармоничность	0.030
дискобол	0.030
дискоболка	0.030
дискование	0.030
дисконтирование	0.030
дисконтёр	0.030
дискредитирование	0.030
дискуссионность	0.030
дисперсность	0.030
диспетчеризация	0.030
диспропорциональность	0.030
диспутант	0.030
диспутация	0.030
диссертант	0.030
диссертантка	0.030
диссимиляция	0.030
дистанционность	0.030
дистиллят	0.030
дистиллятор	0.030
дистих	0.030
дифракция	0.030
дифтонг	0.030
дифтонгизация	0.030
дифференцирование	0.030
дифференцировка	0.030
диффузор	0.030
дичина	0.030
диэлектрик	0.030
длиннота	0.030
дневальство	0.030
добеливание	0.030
добелка	0.030
добивание	0.030
добирание	0.030
добришко	0.030
добровольность	0.030
добровольчество	0.030
добродей	0.030
доброжелательница	0.030
доброкачественность	0.030
добронравие	0.030
добросердечие	0.030
добротность	0.030
доброхотство	0.030
добрячка	0.030
добыток	0.030
добычливость	0.030
доваривание	0.030
доверительница	0.030
довешивание	0.030
довивание	0.030
довинчивание	0.030
доводка	0.030
довооружение	0.030
довыполнение	0.030
довязывание	0.030
догаресса	0.030
догладывание	0.030
доглаживание	0.030
догляд	0.030
доглядчик	0.030
доглядчица	0.030
догматизация	0.030
догматик	0.030
догматика	0.030
догматичность	0.030
догнивание	0.030
договорник	0.030
догорание	0.030
догревание	0.030
догрузка	0.030
додача	0.030
доделка	0.030
доделывание	0.030
додумывание	0.030
доезжачий	0.030
дожаривание	0.030
дождевалка	0.030
дождевание	0.030
дождемер	0.030
дождина	0.030
дождишко	0.030
дождище	0.030
дождливость	0.030
дожигание	0.030
дожим	0.030
дожинки	0.030
дожитие	0.030
дожёвывание	0.030
дозаривание	0.030
дозиметрист	0.030
дозиметрия	0.030
дозирование	0.030
дозировщик	0.030
дозорщик	0.030
дозревание	0.030
доигрывание	0.030
доилка	0.030
доильник	0.030
доильница	0.030
доильщик	0.030
доильщица	0.030
доимка	0.030
доимщик	0.030
доистория	0.030
дойна	0.030
дойник	0.030
дойница	0.030
дойность	0.030
дойра	0.030
доказательность	0.030
доказуемость	0.030
докаливание	0.030
докалка	0.030
докапывание	0.030
докармливание	0.030
докатывание	0.030
докачивание	0.030
докашивание	0.030
доквашивание	0.030
докембрий	0.030
докидывание	0.030
докисание	0.030
докладка	0.030
докладчица	0.030
докладывание	0.030
доклеивание	0.030
доклейка	0.030
доклёвывание	0.030
докование	0.030
доковывание	0.030
доколачивание	0.030
доконопачивание	0.030
докраивание	0.030
докраска	0.030
докрашивание	0.030
докручивание	0.030
докторица	0.030
докторство	0.030
доктринёр	0.030
доктринёрство	0.030
докука	0.030
документализм	0.030
документальность	0.030
документец	0.030
документированность	0.030
докупка	0.030
докуривание	0.030
докучливость	0.030
докучность	0.030
доламывание	0.030
долбление	0.030
долбня	0.030
долбяжка	0.030
долбёж	0.030
долганин	0.030
долганка	0.030
долговременность	0.030
долгоденствие	0.030
долгожительница	0.030
долгоножка	0.030
долгунец	0.030
долгуша	0.030
долгушка	0.030
долдон	0.030
долечивание	0.030
долечка	0.030
долженствование	0.030
должишко	0.030
доливание	0.030
доливка	0.030
долизывание	0.030
долинка	0.030
долинушка	0.030
долихоцефал	0.030
долихоцефалия	0.030
доломан	0.030
долотечко	0.030
долотце	0.030
долотцо	0.030
дольник	0.030
дольщик	0.030
дольщица	0.030
долюшка	0.030
домазывание	0.030
домалывание	0.030
доматывание	0.030
домачивание	0.030
домащивание	0.030
домбра	0.030
домбрист	0.030
домбристка	0.030
доменка	0.030
доменщик	0.030
домер	0.030
домеривание	0.030
доместик	0.030
доместикация	0.030
домешивание	0.030
доминантность	0.030
доминошник	0.030
домностроение	0.030
домностроитель	0.030
домовина	0.030
домовитость	0.030
домовладелка	0.030
домовладение	0.030
домовладыка	0.030
домовница	0.030
домовничание	0.030
домовод	0.030
домоводка	0.030
домогание	0.030
домодельщина	0.030
домолачивание	0.030
домоправление	0.030
доморосток	0.030
доморощенность	0.030
домоседство	0.030
домостроение	0.030
домостроитель	0.030
домостроительство	0.030
домострой	0.030
домотканина	0.030
домоустройство	0.030
домохозяйство	0.030
домрачей	0.030
домрист	0.030
домристка	0.030
домушница	0.030
домывание	0.030
домысливание	0.030
домёк	0.030
домётывание	0.030
донашивание	0.030
донжуанизм	0.030
донжуанство	0.030
донизывание	0.030
донимание	0.030
донкихотизм	0.030
донкихотишка	0.030
донкихотство	0.030
донник	0.030
доноситель	0.030
доносительница	0.030
доночник	0.030
доношение	0.030
дончак	0.030
дооборудование	0.030
дообследование	0.030
доопыление	0.030
допайка	0.030
допаливание	0.030
допалывание	0.030
допаривание	0.030
допарывание	0.030
допахивание	0.030
допашка	0.030
допекание	0.030
допечатка	0.030
допечатывание	0.030
допивание	0.030
допиливание	0.030
дописка	0.030
дописывание	0.030
доплачивание	0.030
доплетание	0.030
доплывание	0.030
доплясывание	0.030
доплёскивание	0.030
доподлинность	0.030
дополаскивание	0.030
дополучение	0.030
допотопность	0.030
доппаёк	0.030
допрашивание	0.030
допревание	0.030
допризывник	0.030
допросец	0.030
допросчик	0.030
допросчица	0.030
допускаемость	0.030
допускание	0.030
допытывание	0.030
дорабатывание	0.030
доразвитие	0.030
дорастание	0.030
доращивание	0.030
дорезка	0.030
дорезывание	0.030
дорисовка	0.030
дорисовывание	0.030
дормез	0.030
дородность	0.030
дородство	0.030
дороженька	0.030
дорожница	0.030
дорубание	0.030
дорубка	0.030
дорубливание	0.030
дорывание	0.030
досадливость	0.030
досадование	0.030
досаждение	0.030
досаживание	0.030
досаливание	0.030
досасывание	0.030
досверливание	0.030
досвистывание	0.030
досев	0.030
досевание	0.030
досеивание	0.030
доскабливание	0.030
досканец	0.030
доскональность	0.030
дословность	0.030
дослуживание	0.030
дослушивание	0.030
досмотрщик	0.030
досмотрщица	0.030
досол	0.030
досолка	0.030
доспевание	0.030
доспешник	0.030
доставитель	0.030
доставщица	0.030
достаточек	0.030
достижимость	0.030
достоевщина	0.030
достопамятность	0.030
достраивание	0.030
достройка	0.030
досушивание	0.030
досушка	0.030
досыл	0.030
досылание	0.030
досылка	0.030
досыпание	0.030
досыпка	0.030
дотаивание	0.030
дотапливание	0.030
дотачивание	0.030
дотравливание	0.030
доукомплектование	0.030
доукомплектовка	0.030
дохлячка	0.030
доходишко	0.030
доходчивость	0.030
доцветание	0.030
доцеживание	0.030
доцентура	0.030
дочеканивание	0.030
дочерчивание	0.030
дочечка	0.030
дочинивание	0.030
дочитывание	0.030
дочурочка	0.030
дочушка	0.030
дошка	0.030
дояр	0.030
доёнка	0.030
драбант	0.030
драгер	0.030
драгирование	0.030
драгировка	0.030
драгоман	0.030
драгунка	0.030
драдедам	0.030
драение	0.030
дражирование	0.030
дражировка	0.030
дражировщик	0.030
дражник	0.030
дразнение	0.030
драматик	0.030
драматист	0.030
драмкружковец	0.030
драница	0.030
драничка	0.030
дрань	0.030
драньё	0.030
драпирование	0.030
драпировщица	0.030
драцена	0.030
драч	0.030
драчливость	0.030
древесница	0.030
древостой	0.030
дреколье	0.030
дремливость	0.030
дремотность	0.030
дремучесть	0.030
дресва	0.030
дресвяник	0.030
дрессирование	0.030
дробильщик	0.030
дроблёнка	0.030
дробница	0.030
дробность	0.030
дробовичок	0.030
дровозаготовка	0.030
дровокол	0.030
дровосушка	0.030
дровосушня	0.030
дрогаль	0.030
дрождяник	0.030
дрожечник	0.030
дрожжевание	0.030
дрожина	0.030
дрожка	0.030
дроздёнок	0.030
дромедар	0.030
дросселирование	0.030
дрофа	0.030
дрофёнок	0.030
дрочёна	0.030
дружественность	0.030
дружество	0.030
дружность	0.030
друидизм	0.030
друкарня	0.030
друкарь	0.030
дрызготня	0.030
дрызгун	0.030
дрызгунья	0.030
дрыхня	0.030
дряблость	0.030
дрягиль	0.030
дрянность	0.030
дрянцо	0.030
дуайен	0.030
дуалист	0.030
дубильщик	0.030
дубитель	0.030
дубище	0.030
дубка	0.030
дублет	0.030
дублюр	0.030
дублёрство	0.030
дубнячок	0.030
дубоватость	0.030
дубоноска	0.030
дуботол	0.030
дуботолк	0.030
дубочек	0.030
дубравушка	0.030
дубровка	0.030
дубровушка	0.030
дубьё	0.030
дувал	0.030
дудак	0.030
дудение	0.030
дудук	0.030
дульце	0.030
дульщик	0.030
думание	0.030
думец	0.030
думочка	0.030
думпер	0.030
думпкар	0.030
думушка	0.030
дунганин	0.030
дунганка	0.030
дунец	0.030
дунит	0.030
дунст	0.030
дуодецима	0.030
дуплецо	0.030
дупликация	0.030
дупловатость	0.030
дурачище	0.030
дурашливость	0.030
дуриан	0.030
дуринка	0.030
дурника	0.030
дурнина	0.030
дурнишник	0.030
дуролом	0.030
дурошлёп	0.030
дурра	0.030
дурро	0.030
дурёшка	0.030
дутар	0.030
дутарист	0.030
дутыш	0.030
дутьё	0.030
духанщик	0.030
духанщица	0.030
духобор	0.030
духоборец	0.030
духоборка	0.030
духоборство	0.030
духоборчество	0.030
духовидение	0.030
духовидец	0.030
духовидица	0.030
духовик	0.030
душегрейка	0.030
душегрея	0.030
душегубец	0.030
душеприказчица	0.030
душещипательность	0.030
душистость	0.030
душительница	0.030
душник	0.030
дуэлист	0.030
дуэтик	0.030
дымаппаратура	0.030
дымзавеса	0.030
дымина	0.030
дыминка	0.030
дымище	0.030
дымность	0.030
дымогенератор	0.030
дымоотвод	0.030
дымопровод	0.030
дымосос	0.030
дымоуловитель	0.030
дымочек	0.030
дымчатость	0.030
дьяконица	0.030
дьяконство	0.030
дьячество	0.030
дьячиха	0.030
дюбек	0.030
дюгонь	0.030
дюжесть	0.030
дюжинность	0.030
дюймовка	0.030
дюкесса	0.030
дюноход	0.030
дюралюминий	0.030
дюшес	0.030
дюшеска	0.030
дюшесса	0.030
дягиль	0.030
дягильник	0.030
дёгтекурение	0.030
дёжка	0.030
дёргание	0.030
евангелик	0.030
евангелистка	0.030
евангеличка	0.030
европеизация	0.030
европеизм	0.030
европейство	0.030
европеянин	0.030
европеянка	0.030
европий	0.030
егерство	0.030
егозливость	0.030
единичность	0.030
единобожие	0.030
единоборец	0.030
единоверие	0.030
единоверка	0.030
единоверчество	0.030
единовластие	0.030
единовременность	0.030
единодержавие	0.030
единоземец	0.030
единоземка	0.030
единоличница	0.030
единоличность	0.030
единомысленник	0.030
единомыслие	0.030
единомышленница	0.030
единонаследие	0.030
единоначалие	0.030
единоначальник	0.030
единообразность	0.030
единоплеменник	0.030
единоплеменница	0.030
единосущность	0.030
единственность	0.030
едкость	0.030
едун	0.030
едунья	0.030
ежевичник	0.030
ежедневность	0.030
ежеминутность	0.030
екатеринка	0.030
ектения	0.030
ектенья	0.030
елейность	0.030
ельничек	0.030
ендова	0.030
енотка	0.030
епанечка	0.030
епанча	0.030
епархиалка	0.030
епитрахиль	0.030
ересиарх	0.030
еретичество	0.030
ермолочка	0.030
ерник	0.030
ершистость	0.030
ершишка	0.030
еры	0.030
есаульство	0.030
есаульша	0.030
естественница	0.030
естествовед	0.030
естествоведение	0.030
естествоиспытательница	0.030
ехида	0.030
ехидина	0.030
ехидник	0.030
ехидница	0.030
ехидничание	0.030
ехидность	0.030
жабник	0.030
жабрей	0.030
жавороночек	0.030
жад	0.030
жадеит	0.030
жадничание	0.030
жалейщик	0.030
жалельщик	0.030
жалельщица	0.030
жалкость	0.030
жалобность	0.030
жалобщица	0.030
жалонёр	0.030
жалостливость	0.030
жалостность	0.030
жальник	0.030
жальце	0.030
жамка	0.030
жанрист	0.030
жантильничание	0.030
жантильность	0.030
жаргонизм	0.030
жардиньерка	0.030
жарево	0.030
жарение	0.030
жаренка	0.030
жаровенка	0.030
жаровыносливость	0.030
жаропрочность	0.030
жаростойкость	0.030
жарынь	0.030
жбанчик	0.030
жгучесть	0.030
жевок	0.030
желательность	0.030
желатинирование	0.030
желвачок	0.030
желна	0.030
желонка	0.030
желтение	0.030
желтина	0.030
желтинка	0.030
желтинник	0.030
желтобрюх	0.030
желтоватость	0.030
желтоглазка	0.030
желтозём	0.030
желтолозник	0.030
желтофиоль	0.030
желтоцвет	0.030
желточек	0.030
желть	0.030
желтяк	0.030
желудочник	0.030
желчевик	0.030
желчение	0.030
желчеотделение	0.030
жеманник	0.030
жеманница	0.030
жеманничание	0.030
жеманность	0.030
жениховство	0.030
женолюб	0.030
женолюбец	0.030
женолюбие	0.030
женоубийство	0.030
жердинка	0.030
жердинник	0.030
жердняк	0.030
жердьё	0.030
жеребий	0.030
жеребок	0.030
жеребьёвщик	0.030
жеребятина	0.030
жерновок	0.030
жертвовательница	0.030
жерёбость	0.030
жестер	0.030
жестик	0.030
жестикулирование	0.030
жестковатость	0.030
жестокосердие	0.030
жестяник	0.030
жестяночка	0.030
жжёнка	0.030
жжёночка	0.030
живинка	0.030
живительность	0.030
живоглотство	0.030
живодёрка	0.030
живодёрство	0.030
живокость	0.030
живорез	0.030
живорождение	0.030
живосечение	0.030
животворность	0.030
животишко	0.030
животноводка	0.030
животность	0.030
живучка	0.030
живьё	0.030
жигалка	0.030
жидковатость	0.030
жидомор	0.030
жижесборник	0.030
жижица	0.030
жизнелюбец	0.030
жизнелюбка	0.030
жизненность	0.030
жизнеощущение	0.030
жизнепонимание	0.030
жизнестойкость	0.030
жизнестроительство	0.030
жизнетворчество	0.030
жизнеустройство	0.030
жизнеутверждение	0.030
жилистость	0.030
жилица	0.030
жиловатость	0.030
жилфонд	0.030
жирандоль	0.030
жиринка	0.030
жирник	0.030
жирнозём	0.030
жирномолочность	0.030
жирование	0.030
жировка	0.030
жиронда	0.030
жирондист	0.030
жирооборот	0.030
жиропот	0.030
жироприказ	0.030
жиротопление	0.030
жирянка	0.030
житник	0.030
житняк	0.030
житьецо	0.030
житьишко	0.030
жменя	0.030
жмыходробилка	0.030
жнея	0.030
жнива	0.030
жниво	0.030
жнитво	0.030
жница	0.030
жокейка	0.030
жолнер	0.030
жом	0.030
жонглёрство	0.030
жонглёрша	0.030
жонкиль	0.030
жостер	0.030
жраньё	0.030
жречество	0.030
жужжальце	0.030
жуир	0.030
жулан	0.030
жуликоватость	0.030
жулябия	0.030
жупа	0.030
жупел	0.030
журавельник	0.030
журавлиха	0.030
журавушка	0.030
журение	0.030
журналец	0.030
журналишко	0.030
журфикс	0.030
журьба	0.030
жуткость	0.030
жухлость	0.030
забавка	0.030
забавница	0.030
забаллотирование	0.030
забалтывание	0.030
забастовщица	0.030
забегание	0.030
забеливание	0.030
забелка	0.030
заберег	0.030
забивка	0.030
забинтовывание	0.030
забирание	0.030
забитость	0.030
забиячество	0.030
забиячливость	0.030
забойка	0.030
забойщица	0.030
заболачивание	0.030
заболонь	0.030
заболоченность	0.030
заборец	0.030
заборик	0.030
забористость	0.030
заборка	0.030
заборонование	0.030
заборщик	0.030
заботка	0.030
заботник	0.030
заботница	0.030
заботушка	0.030
забраковывание	0.030
забранка	0.030
забурник	0.030
забутка	0.030
забутовка	0.030
заважживание	0.030
заваливание	0.030
завалка	0.030
завальня	0.030
заваривание	0.030
заведование	0.030
завербование	0.030
завербовывание	0.030
заверитель	0.030
заверительница	0.030
заверка	0.030
заверть	0.030
завершитель	0.030
завершительница	0.030
заветрие	0.030
завешивание	0.030
завещатель	0.030
завещательница	0.030
завивание	0.030
завизирование	0.030
завируха	0.030
завирушка	0.030
завистливость	0.030
завистница	0.030
завиточек	0.030
завкомовец	0.030
завлекание	0.030
завлекательность	0.030
завлечение	0.030
заводец	0.030
заводишко	0.030
заводище	0.030
заводнение	0.030
заводовладелец	0.030
заводчанин	0.030
заводчица	0.030
завоевательница	0.030
завозка	0.030
завозня	0.030
завозчик	0.030
завораживание	0.030
завороха	0.030
заворошка	0.030
завоёвывание	0.030
завтрачек	0.030
завяливание	0.030
завёрстка	0.030
завёрстывание	0.030
завёртка	0.030
завёрточка	0.030
завёрточница	0.030
завёртчик	0.030
завёртчица	0.030
завёртывание	0.030
загадочка	0.030
загадчик	0.030
загадчица	0.030
загаживание	0.030
загарпунивание	0.030
загачивание	0.030
загвоздочка	0.030
загибание	0.030
загладка	0.030
заглаживание	0.030
заглот	0.030
заглубление	0.030
заглушение	0.030
заглушье	0.030
заглядывание	0.030
загнаивание	0.030
загнанность	0.030
загнета	0.030
загнетка	0.030
заговаривание	0.030
заговены	0.030
заговенье	0.030
загогулинка	0.030
загогуля	0.030
заголовочек	0.030
загонка	0.030
загораживание	0.030
загорание	0.030
загородь	0.030
заготавливание	0.030
заготовитель	0.030
заготовительница	0.030
заготовление	0.030
заготовщик	0.030
заготовщица	0.030
заграбастывание	0.030
заградитель	0.030
заграничность	0.030
загребание	0.030
загривочек	0.030
загримировывание	0.030
загромождение	0.030
загромождённость	0.030
загрубелость	0.030
загрудина	0.030
загрузчик	0.030
загрузчица	0.030
загрунтовывание	0.030
загрызание	0.030
загрязнённость	0.030
загуменье	0.030
загустение	0.030
загуститель	0.030
загущение	0.030
задабривание	0.030
задавальщик	0.030
задавленность	0.030
задалбливание	0.030
заданность	0.030
задаривание	0.030
задаточек	0.030
задвигание	0.030
задворье	0.030
задевание	0.030
заделка	0.030
заделывание	0.030
заделье	0.030
задерживание	0.030
задержник	0.030
задернелость	0.030
задернение	0.030
задерновывание	0.030
задирание	0.030
задиристость	0.030
задирчивость	0.030
задирщик	0.030
задирщица	0.030
задолжник	0.030
задорец	0.030
задористость	0.030
задорливость	0.030
задорность	0.030
задраивание	0.030
задрайка	0.030
задрапировывание	0.030
задруга	0.030
задрёмывание	0.030
задувание	0.030
задувка	0.030
задумывание	0.030
задурманивание	0.030
задушевность	0.030
задушение	0.030
задымлённость	0.030
задёрганность	0.030
задёргивание	0.030
заеда	0.030
заедки	0.030
заездка	0.030
заершение	0.030
зажаривание	0.030
зажигательность	0.030
зажиливание	0.030
зажимание	0.030
зажимка	0.030
зажимщик	0.030
зажимщица	0.030
зажин	0.030
зажинки	0.030
зажирение	0.030
зажитое	0.030
зажиток	0.030
зажиточность	0.030
зажмуривание	0.030
зажор	0.030
зажора	0.030
зажорина	0.030
зазеленение	0.030
зазимок	0.030
зазимье	0.030
зазнобушка	0.030
зазубренность	0.030
зазубривание	0.030
зазубринка	0.030
зазыв	0.030
зазывание	0.030
заиление	0.030
заиливание	0.030
заимодавец	0.030
заинтересовывание	0.030
заинтригованность	0.030
займодержатель	0.030
займодержательница	0.030
зайчина	0.030
зайчинка	0.030
зайчище	0.030
закабаление	0.030
закабалённость	0.030
закавычка	0.030
заказец	0.030
заказывание	0.030
закаливание	0.030
закалывание	0.030
закальщик	0.030
закальщица	0.030
закалённость	0.030
закаменелость	0.030
заканчивание	0.030
закапчивание	0.030
закармливание	0.030
закатка	0.030
закачивание	0.030
закашивание	0.030
заквашивание	0.030
закисание	0.030
закислённость	0.030
закладочка	0.030
закладчик	0.030
закладчица	0.030
закладывание	0.030
заклеивание	0.030
заклейка	0.030
заклинение	0.030
заклинок	0.030
заклёвывание	0.030
заклёпа	0.030
заклёпщик	0.030
заклёпщица	0.030
заклёпывание	0.030
заковка	0.030
заковывание	0.030
заковыристость	0.030
закол	0.030
заколачивание	0.030
заколдованность	0.030
заколдовывание	0.030
закольцовывание	0.030
законвертовывание	0.030
законница	0.030
законовед	0.030
законоведение	0.030
законопачивание	0.030
законоположение	0.030
законосообразность	0.030
законоучитель	0.030
законтрактовывание	0.030
закоптелость	0.030
закопёрщик	0.030
закопёрщица	0.030
закоренелость	0.030
закоренение	0.030
закорюка	0.030
закорючина	0.030
закоснелость	0.030
закоснение	0.030
закостенелость	0.030
закостенение	0.030
закраек	0.030
закраивание	0.030
закраинка	0.030
закрай	0.030
закрапывание	0.030
закраска	0.030
закрашивание	0.030
закрепа	0.030
закрепка	0.030
закрепощение	0.030
закрещивание	0.030
закривление	0.030
закройка	0.030
закройщица	0.030
закруглённость	0.030
закрутасы	0.030
закуп	0.030
закупание	0.030
закупоривание	0.030
закупорщик	0.030
закупорщица	0.030
закупщица	0.030
закуривание	0.030
закурка	0.030
закусывание	0.030
закут	0.030
закута	0.030
закутывание	0.030
залавливание	0.030
залакировывание	0.030
заламывание	0.030
заледенение	0.030
залежалость	0.030
залезание	0.030
залечивание	0.030
заливание	0.030
заливец	0.030
заливистость	0.030
заливчатость	0.030
заливщик	0.030
заливщица	0.030
зализ	0.030
зализа	0.030
зализанность	0.030
зализывание	0.030
залишек	0.030
залогодатель	0.030
залогодательница	0.030
залогодержатель	0.030
залогодержательница	0.030
залужение	0.030
залучение	0.030
залысинка	0.030
заляпывание	0.030
залёжка	0.030
замазывание	0.030
замаливание	0.030
замалёвывание	0.030
заманиха	0.030
заманка	0.030
заманчивость	0.030
замариновывание	0.030
замаскировывание	0.030
замасленность	0.030
замасливание	0.030
заматерелость	0.030
заматывание	0.030
замачивание	0.030
замашечка	0.030
замащивание	0.030
замедленность	0.030
замедливание	0.030
замежевание	0.030
замежёвывание	0.030
замеливание	0.030
заменимость	0.030
заменяемость	0.030
замерзаемость	0.030
замерка	0.030
замерщик	0.030
заместительство	0.030
заметина	0.030
замечаньице	0.030
замечательность	0.030
замешивание	0.030
замещаемость	0.030
заминочка	0.030
замирение	0.030
замокание	0.030
замолачивание	0.030
заморышек	0.030
заморье	0.030
замочник	0.030
замощение	0.030
замужство	0.030
замуравленность	0.030
замуровывание	0.030
замусливание	0.030
замусоливание	0.030
замусоривание	0.030
замучивание	0.030
замчишко	0.030
замчище	0.030
замшелость	0.030
замывание	0.030
замызгивание	0.030
замыкатель	0.030
замысловатость	0.030
замышление	0.030
замётывание	0.030
занавешивание	0.030
занашивание	0.030
занижение	0.030
занимание	0.030
занимательность	0.030
занозистость	0.030
занорыш	0.030
заношенность	0.030
занудливость	0.030
занудность	0.030
зануздывание	0.030
занумеровывание	0.030
занятность	0.030
занятьице	0.030
заоблачность	0.030
заострение	0.030
заострённость	0.030
заочница	0.030
западание	0.030
западина	0.030
западинка	0.030
западнизация	0.030
западница	0.030
западничество	0.030
западок	0.030
запаивание	0.030
запайка	0.030
запаковка	0.030
запаковщик	0.030
запаковщица	0.030
запаковывание	0.030
запакощивание	0.030
запалзывание	0.030
запальник	0.030
запальщик	0.030
запамятование	0.030
запанибратство	0.030
запань	0.030
запаривание	0.030
запарник	0.030
запарничек	0.030
запарывание	0.030
запасание	0.030
запасец	0.030
запасливость	0.030
запахивание	0.030
запашник	0.030
запев	0.030
запевалка	0.030
запевание	0.030
запевка	0.030
запеканочка	0.030
запенивание	0.030
запечек	0.030
запечье	0.030
запивание	0.030
запивка	0.030
запивоха	0.030
запиливание	0.030
запинание	0.030
запиночка	0.030
запирательство	0.030
записыватель	0.030
заплаточка	0.030
заплачка	0.030
заплесневелость	0.030
заплесневение	0.030
заплетание	0.030
заплечье	0.030
запломбировывание	0.030
заплот	0.030
заплывание	0.030
заплёвывание	0.030
заплёскивание	0.030
заповедание	0.030
заповедность	0.030
заповедование	0.030
заподазривание	0.030
заподозривание	0.030
заподряд	0.030
запоздалость	0.030
заполаскивание	0.030
заползание	0.030
заполненность	0.030
заполучение	0.030
запоминаемость	0.030
запон	0.030
запона	0.030
запоночка	0.030
запонь	0.030
запорашивание	0.030
запорка	0.030
запотевание	0.030
заправитель	0.030
заправочка	0.030
заправщица	0.030
запрашивание	0.030
запревание	0.030
запрессовка	0.030
запретность	0.030
заприходование	0.030
запрограммированность	0.030
запродажа	0.030
запрокидывание	0.030
запросец	0.030
запруживание	0.030
запрягание	0.030
запряжка	0.030
запрятывание	0.030
запуганность	0.030
запудривание	0.030
запускание	0.030
запухание	0.030
запущение	0.030
запылённость	0.030
заравнивание	0.030
заражаемость	0.030
заражённость	0.030
заразительность	0.030
заразиха	0.030
заразность	0.030
зарастание	0.030
заращение	0.030
заращивание	0.030
зарегулирование	0.030
зарекомендовывание	0.030
заречанин	0.030
заречанка	0.030
заржавленность	0.030
зарисовочка	0.030
зарисовывание	0.030
зарифмовывание	0.030
зарод	0.030
зарубание	0.030
зарубина	0.030
зарубинка	0.030
зарубцевание	0.030
зарубщик	0.030
зарубщица	0.030
зарукавник	0.030
зарукавье	0.030
заруливание	0.030
зарумянивание	0.030
заручка	0.030
зарыбление	0.030
зарывание	0.030
зарядчик	0.030
зарядчица	0.030
заряжение	0.030
заряженность	0.030
зарянка	0.030
засадка	0.030
засаживание	0.030
засаливание	0.030
засасывание	0.030
засахаривание	0.030
засветка	0.030
засвечивание	0.030
засвидетельствование	0.030
засев	0.030
засевание	0.030
засеватель	0.030
заседательница	0.030
заседательство	0.030
заседательша	0.030
засеивание	0.030
засекание	0.030
засекречивание	0.030
заселенец	0.030
заселенка	0.030
засельщик	0.030
заселённость	0.030
засидка	0.030
засиживание	0.030
засинивание	0.030
заскабливание	0.030
заскакивание	0.030
заскирдовывание	0.030
заскорузлость	0.030
заслащивание	0.030
заслеживание	0.030
заслепление	0.030
заслонение	0.030
заслоночка	0.030
заслуженность	0.030
заслуживание	0.030
заслушание	0.030
заслюнивание	0.030
засмаливание	0.030
засмаркивание	0.030
засматривание	0.030
заснеженность	0.030
засоление	0.030
засольщица	0.030
засолённость	0.030
засоритель	0.030
засорённость	0.030
заспанность	0.030
заспиртовывание	0.030
заставание	0.030
застаивание	0.030
застарелость	0.030
застарение	0.030
застекление	0.030
застигание	0.030
застил	0.030
застилание	0.030
застилка	0.030
застирывание	0.030
застойность	0.030
застолица	0.030
застольник	0.030
застопоривание	0.030
застрагивание	0.030
застраивание	0.030
застрахование	0.030
застраховывание	0.030
застрачивание	0.030
застращивание	0.030
застрельщик	0.030
застрельщица	0.030
застригание	0.030
застройщица	0.030
заструг	0.030
заструга	0.030
застудневание	0.030
застуживание	0.030
заступание	0.030
заступка	0.030
заступление	0.030
застылость	0.030
застёгивание	0.030
застёжечка	0.030
засупонивание	0.030
засусливание	0.030
засусоливание	0.030
засухоустойчивость	0.030
засучивание	0.030
засушивание	0.030
засушка	0.030
засушливость	0.030
засчитывание	0.030
засыл	0.030
засылание	0.030
засылка	0.030
засыпщик	0.030
засыхание	0.030
затаивание	0.030
затакт	0.030
заталкивание	0.030
затапливание	0.030
затаптывание	0.030
затаривание	0.030
затасканность	0.030
затаскивание	0.030
затачивание	0.030
затаённость	0.030
затверделость	0.030
затвердение	0.030
затверживание	0.030
затворка	0.030
затейка	0.030
затейливость	0.030
затейничество	0.030
затейщик	0.030
затейщица	0.030
затекание	0.030
затенение	0.030
затерянность	0.030
затесь	0.030
затирание	0.030
затирка	0.030
затируха	0.030
затискивание	0.030
затихание	0.030
затишек	0.030
затишок	0.030
затоваренность	0.030
затоваривание	0.030
затопка	0.030
затопляемость	0.030
затормаживание	0.030
заточник	0.030
заточница	0.030
затравливание	0.030
затравочка	0.030
затрагивание	0.030
затрамбовывание	0.030
затрапез	0.030
затрапезка	0.030
затрачивание	0.030
затребование	0.030
затруднительность	0.030
затруднённость	0.030
затуманивание	0.030
затупление	0.030
затушёвка	0.030
затушёвывание	0.030
затылочек	0.030
затыльник	0.030
затюковывание	0.030
затянутость	0.030
затёска	0.030
затёсывание	0.030
зауздывание	0.030
заулок	0.030
заумь	0.030
заунывность	0.030
заутюживание	0.030
заученность	0.030
заушательство	0.030
заушение	0.030
заушник	0.030
заушница	0.030
зафрахтовывание	0.030
захаживание	0.030
захапывание	0.030
захаркивание	0.030
захваливание	0.030
захварывание	0.030
захватничество	0.030
захватывание	0.030
захирелость	0.030
захламление	0.030
захламливание	0.030
захламлённость	0.030
захлопывание	0.030
захлёбывание	0.030
захлёстывание	0.030
захождение	0.030
захолустность	0.030
захребетник	0.030
захребетница	0.030
захребетничек	0.030
захребетничество	0.030
захудалость	0.030
зацапывание	0.030
зацветание	0.030
зацементирование	0.030
зацентровка	0.030
зацепа	0.030
зацепление	0.030
зачаливание	0.030
зачаровывание	0.030
зачаточность	0.030
зачернение	0.030
зачерпывание	0.030
зачерствелость	0.030
зачерствение	0.030
зачерчивание	0.030
зачин	0.030
зачинатель	0.030
зачинательница	0.030
зачинивание	0.030
зачинка	0.030
зачтение	0.030
зачёркивание	0.030
зачёсывание	0.030
зачётник	0.030
зашвартовывание	0.030
зашвыривание	0.030
зашеек	0.030
зашеина	0.030
зашифровка	0.030
зашифровывание	0.030
зашлаковка	0.030
зашлаковывание	0.030
зашлифовывание	0.030
зашнуровывание	0.030
зашпаклёвка	0.030
зашпаклёвывание	0.030
зашпиливание	0.030
зашпунтовывание	0.030
заштамповывание	0.030
заштемпелёвывание	0.030
заштопывание	0.030
зашторивание	0.030
заштриховка	0.030
заштриховывание	0.030
заштукатуривание	0.030
заштуковывание	0.030
зашёптывание	0.030
защебенивание	0.030
защепка	0.030
защип	0.030
защипка	0.030
защипочка	0.030
защипывание	0.030
защитка	0.030
защуривание	0.030
защёлкивание	0.030
защёчина	0.030
заюшка	0.030
заявленьице	0.030
заявщик	0.030
заявщица	0.030
заядлость	0.030
заёмщица	0.030
звездинка	0.030
звездица	0.030
звездовик	0.030
звездоносец	0.030
звездчатка	0.030
звень	0.030
зверование	0.030
зверовод	0.030
звероводство	0.030
зверовщик	0.030
звероловство	0.030
звероподобие	0.030
зверопромышленник	0.030
зверосовхоз	0.030
звонарка	0.030
звонарня	0.030
звонец	0.030
звонкость	0.030
звончатость	0.030
звуковоспроизведение	0.030
звукомаскировка	0.030
звукометрия	0.030
звуконепроницаемость	0.030
звуконоситель	0.030
звукопись	0.030
звукопоглощение	0.030
звукоподражание	0.030
звукоподражатель	0.030
звукоподражательность	0.030
звукопроводимость	0.030
звукопроводность	0.030
звукопроницаемость	0.030
звукосниматель	0.030
звукосочетание	0.030
звукоулавливатель	0.030
звукоуловитель	0.030
звукоусиление	0.030
звукоусилитель	0.030
звучность	0.030
звучок	0.030
звякание	0.030
звёнышко	0.030
зданьице	0.030
здоровила	0.030
здоровость	0.030
здоровьечко	0.030
здоровьишко	0.030
здравица	0.030
здравость	0.030
здравпункт	0.030
здравствование	0.030
зеленение	0.030
зеленоватость	0.030
зеленомошник	0.030
зеленушка	0.030
зеленчук	0.030
зеленщица	0.030
зельице	0.030
зелёность	0.030
земец	0.030
землевед	0.030
землеведение	0.030
землевладелица	0.030
земледел	0.030
земледелка	0.030
землемерие	0.030
землемерка	0.030
землемерша	0.030
землеописание	0.030
землепашество	0.030
землепользователь	0.030
землепроходец	0.030
землероб	0.030
землеройщик	0.030
землесос	0.030
землеустроитель	0.030
землеустройство	0.030
землечерпание	0.030
землистость	0.030
земличка	0.030
землишка	0.030
землянистость	0.030
земляничина	0.030
земляничник	0.030
земляночка	0.030
земщина	0.030
земь	0.030
зензубель	0.030
зенитчица	0.030
зенкер	0.030
зенкование	0.030
зенковка	0.030
зеркальность	0.030
зернинка	0.030
зернишко	0.030
зерновик	0.030
зерновка	0.030
зерновоз	0.030
зерновозка	0.030
зернодробилка	0.030
зерноотходы	0.030
зерноочистка	0.030
зерноплющилка	0.030
зернопогрузчик	0.030
зернопровод	0.030
зерносушилка	0.030
зерноуловитель	0.030
зернщик	0.030
зернь	0.030
зерцало	0.030
зиждитель	0.030
зиждительница	0.030
зиждительство	0.030
зилант	0.030
зимование	0.030
зимовище	0.030
зимовник	0.030
зимовочка	0.030
зимовщица	0.030
зимостойкость	0.030
зимушка	0.030
зипунишечко	0.030
зипунишко	0.030
зипунок	0.030
зипунчик	0.030
зияние	0.030
златоцвет	0.030
злачок	0.030
зление	0.030
злец	0.030
злободневность	0.030
злобствование	0.030
зловонность	0.030
зложелатель	0.030
зложелательство	0.030
злокачественность	0.030
злокозненность	0.030
злонравие	0.030
злопамятность	0.030
злопамятство	0.030
злополучие	0.030
злопыхательство	0.030
злорадность	0.030
злоречие	0.030
злостность	0.030
злосчастие	0.030
злоумышление	0.030
злоумышленница	0.030
злоупотребитель	0.030
злоязычие	0.030
злоязычник	0.030
злоязычница	0.030
злоязычность	0.030
злыдарь	0.030
змееборец	0.030
змееборство	0.030
змеелов	0.030
змеепитомник	0.030
змеёнок	0.030
змиевидность	0.030
знакомка	0.030
знакомость	0.030
знаменательность	0.030
знаменование	0.030
знаменоносец	0.030
знаточество	0.030
знахарство	0.030
значкист	0.030
значкистка	0.030
знойность	0.030
зобастость	0.030
зобик	0.030
зоильство	0.030
золение	0.030
золистость	0.030
золка	0.030
золовушка	0.030
золотарь	0.030
золотильщик	0.030
золотильщица	0.030
золотина	0.030
золотистость	0.030
золотничник	0.030
золотоносность	0.030
золотопогонник	0.030
золотопромышленник	0.030
золотопромышленность	0.030
золоторотец	0.030
золототысячник	0.030
золотоцвет	0.030
золотошвей	0.030
золотошвейка	0.030
золотошвейня	0.030
золотушность	0.030
золотчик	0.030
золоудаление	0.030
золоулавливание	0.030
золоуловитель	0.030
золочение	0.030
зольник	0.030
зольность	0.030
зональность	0.030
зондаж	0.030
зообаза	0.030
зоогеограф	0.030
зоогеография	0.030
зоогигиена	0.030
зооморфизм	0.030
зоопланктон	0.030
зоопсихолог	0.030
зоопсихология	0.030
зоотехния	0.030
зооферма	0.030
зоренька	0.030
зорюшка	0.030
зримость	0.030
зрячесть	0.030
зуав	0.030
зубастость	0.030
зубоврачевание	0.030
зубодёр	0.030
зубодёрка	0.030
зуболечебница	0.030
зуболечение	0.030
зуборезчик	0.030
зубоскал	0.030
зубоскалка	0.030
зубоскальство	0.030
зубочек	0.030
зубрение	0.030
зубристика	0.030
зубриха	0.030
зубробизон	0.030
зубровочка	0.030
зубрёж	0.030
зубрёнок	0.030
зубчатка	0.030
зубчатость	0.030
зудение	0.030
зудень	0.030
зудила	0.030
зулуска	0.030
зурна	0.030
зурнач	0.030
зурнист	0.030
зыбкость	0.030
зыбление	0.030
зыбун	0.030
зыбучесть	0.030
зырянин	0.030
зырянка	0.030
зычность	0.030
зюдвестка	0.030
зяблица	0.030
зятик	0.030
ибер	0.030
ибериец	0.030
иберийка	0.030
иберка	0.030
иваси	0.030
ивина	0.030
ивишень	0.030
ивнячок	0.030
ивушка	0.030
игиль	0.030
иглистость	0.030
иглофильтр	0.030
игольник	0.030
игольничек	0.030
игольчатость	0.030
игольщик	0.030
игольщица	0.030
игристость	0.030
игрун	0.030
игрунья	0.030
игрушечница	0.030
игрушечность	0.030
игуменство	0.030
идеализатор	0.030
идеализирование	0.030
идеалистичность	0.030
идеальничанье	0.030
идейность	0.030
идентифицирование	0.030
идеография	0.030
идиллик	0.030
идилличность	0.030
идиоматизм	0.030
идиоматика	0.030
идиоматичность	0.030
идолопоклонница	0.030
идолопоклонничество	0.030
иезуитизм	0.030
иезуитка	0.030
иезуитство	0.030
иерархичность	0.030
иерейство	0.030
иеремиада	0.030
иероглифика	0.030
иеродьякон	0.030
иеродьяконство	0.030
иеромонашество	0.030
иждивенство	0.030
иждивенчество	0.030
ижица	0.030
избавительница	0.030
избалованность	0.030
избачка	0.030
избираемость	0.030
избирание	0.030
избирательность	0.030
избитость	0.030
избоина	0.030
изборник	0.030
избранничество	0.030
избушечка	0.030
известкование	0.030
извет	0.030
изветчик	0.030
извечность	0.030
извивание	0.030
извилинка	0.030
извилистость	0.030
извинительность	0.030
извод	0.030
извозничание	0.030
извозничество	0.030
извозопромышленник	0.030
изволение	0.030
изволок	0.030
изволочок	0.030
изворот	0.030
изворотец	0.030
извратитель	0.030
извяливание	0.030
изгарина	0.030
изгарь	0.030
изгибаемость	0.030
изгибина	0.030
изглаживание	0.030
изгнанничество	0.030
изгойство	0.030
изголовьице	0.030
изгорода	0.030
изгородка	0.030
изготавливание	0.030
изгрызание	0.030
изгрязнение	0.030
издалбливание	0.030
издельник	0.030
издольщик	0.030
издольщина	0.030
издробление	0.030
издёвочка	0.030
издёрганность	0.030
издёргивание	0.030
изживание	0.030
изламывание	0.030
излечивание	0.030
излечимость	0.030
изливание	0.030
изложина	0.030
изложница	0.030
изломанность	0.030
излука	0.030
излучинка	0.030
измазывание	0.030
измалывание	0.030
измальство	0.030
изматывание	0.030
измачивание	0.030
измельчание	0.030
изменничество	0.030
изменяемость	0.030
измеримость	0.030
измождение	0.030
измождённость	0.030
измол	0.030
измолачивание	0.030
измотанность	0.030
измусливание	0.030
измусоливание	0.030
измученность	0.030
измывательство	0.030
измыливание	0.030
измятость	0.030
изначальность	0.030
изнашиваемость	0.030
изнеженность	0.030
изнеживание	0.030
изничтожение	0.030
износостойкость	0.030
износоустойчивость	0.030
изнурительность	0.030
изнурённость	0.030
изнывание	0.030
изобара	0.030
изобата	0.030
изобличительница	0.030
изобразитель	0.030
изобразительница	0.030
изобразительность	0.030
изоглосса	0.030
изогнутость	0.030
изогона	0.030
изограф	0.030
изография	0.030
изоклина	0.030
изоклиналь	0.030
изокружок	0.030
изолиния	0.030
изолировка	0.030
изолировщик	0.030
изолировщица	0.030
изолят	0.030
изоляционизм	0.030
изомер	0.030
изомерия	0.030
изоморфизм	0.030
изотерма	0.030
изотермия	0.030
изохронность	0.030
изощрение	0.030
израстание	0.030
израсходование	0.030
израсходованность	0.030
изреженность	0.030
изреживание	0.030
изрезанность	0.030
изрезывание	0.030
изрекание	0.030
изрешечивание	0.030
изрывание	0.030
изрыгание	0.030
изуверка	0.030
изувечение	0.030
изувечивание	0.030
изукрашивание	0.030
изумлённость	0.030
изумрудец	0.030
изуродование	0.030
изученность	0.030
изъедание	0.030
изъявление	0.030
изъязвление	0.030
изъяснение	0.030
изъяснитель	0.030
изымание	0.030
изыскательница	0.030
изыскивание	0.030
изюбриха	0.030
изюбрица	0.030
изюбрь	0.030
изюбрёнок	0.030
икание	0.030
икариец	0.030
иконница	0.030
иконоборец	0.030
иконоборство	0.030
иконоборчество	0.030
иконописание	0.030
иконописец	0.030
иконопись	0.030
иконотека	0.030
икорка	0.030
икорочка	0.030
икрометание	0.030
икромёт	0.030
икряник	0.030
икрянка	0.030
иллириец	0.030
иллюзионизм	0.030
иллюзионистка	0.030
иллюзорность	0.030
иллюминирование	0.030
иллюстративность	0.030
иллюстраторство	0.030
иллюстрационность	0.030
иллюстрирование	0.030
иловатость	0.030
ильменит	0.030
ильмовник	0.030
имажинизм	0.030
имажинист	0.030
имажинистка	0.030
именитость	0.030
именьице	0.030
именьишко	0.030
имеретин	0.030
имеретинец	0.030
имеретинка	0.030
имитаторство	0.030
имитаторша	0.030
имманентность	0.030
иммельман	0.030
иммобилизация	0.030
иммобильность	0.030
имморализм	0.030
иммортель	0.030
иммунность	0.030
императивность	0.030
императорство	0.030
имперфект	0.030
импозантность	0.030
импотентность	0.030
импрессионистка	0.030
импровизаторство	0.030
импровизационность	0.030
импровизированность	0.030
инвазионность	0.030
инвазия	0.030
инвалюта	0.030
инвар	0.030
инвариант	0.030
инвариантность	0.030
инвектива	0.030
инвенция	0.030
инвертаза	0.030
инвертирование	0.030
инвеститор	0.030
инвеститура	0.030
инволюция	0.030
ингаляторий	0.030
ингуш	0.030
ингушка	0.030
индейководство	0.030
индетерминизм	0.030
индетерминист	0.030
индианист	0.030
индианистика	0.030
индивидуал	0.030
индивидуализация	0.030
индивидуализирование	0.030
индивидуалистка	0.030
индивидуй	0.030
индикатив	0.030
индикт	0.030
индифферентизм	0.030
индифферентист	0.030
индифферентность	0.030
индоевропеец	0.030
индоевропеист	0.030
индоевропеистика	0.030
индолог	0.030
индология	0.030
индонезийка	0.030
индоссамент	0.030
индоссант	0.030
индоссат	0.030
индуктивность	0.030
индустриализм	0.030
индустриальность	0.030
индюшатник	0.030
индюшонок	0.030
инженерик	0.030
инженерство	0.030
инженерша	0.030
инициаторша	0.030
инкассаторша	0.030
инкассирование	0.030
инкассо	0.030
инквизиторство	0.030
инкорпорация	0.030
инкорпорирование	0.030
инкриминация	0.030
инкриминирование	0.030
инкрустатор	0.030
инкрустирование	0.030
инкубаторий	0.030
инкубаторщик	0.030
инкубаторщица	0.030
инкубирование	0.030
инкунабула	0.030
иннервация	0.030
инобытие	0.030
иновер	0.030
иноверие	0.030
иноверка	0.030
иноземка	0.030
иноземщина	0.030
инокиня	0.030
иномыслие	0.030
иноплеменник	0.030
иноплеменница	0.030
инородец	0.030
инородка	0.030
иносказательность	0.030
иностранщина	0.030
иноходка	0.030
иноходчик	0.030
иноходь	0.030
иночество	0.030
инсектарий	0.030
инсинуатор	0.030
инсоляция	0.030
инспекторство	0.030
инспектриса	0.030
инспектура	0.030
инспиратор	0.030
инспирация	0.030
инспирирование	0.030
инстинктивность	0.030
институтство	0.030
инструктирование	0.030
инструкторство	0.030
инструменталист	0.030
инструменталистка	0.030
инструментовка	0.030
инсургент	0.030
инсуррекция	0.030
инсценирование	0.030
инсценировщик	0.030
интарсия	0.030
интегрирование	0.030
интеллектуализация	0.030
интеллектуализм	0.030
интеллектуалист	0.030
интеллигентик	0.030
интеллигентка	0.030
интеллигентщина	0.030
интеллигибельность	0.030
интендантство	0.030
интенсификация	0.030
интервенционист	0.030
интервидение	0.030
интервьюирование	0.030
интердикт	0.030
интересант	0.030
интересантка	0.030
интересничание	0.030
интермеццо	0.030
интернационализация	0.030
интернационализирование	0.030
интернационализм	0.030
интернационалист	0.030
интернационалистка	0.030
интернациональность	0.030
интерпеллянт	0.030
интерпелляция	0.030
интерполирование	0.030
интерполяция	0.030
интерпретирование	0.030
интерфикс	0.030
интонирование	0.030
интриганство	0.030
интродукция	0.030
интронизация	0.030
интроскопия	0.030
интроспекция	0.030
интрузив	0.030
интрузия	0.030
интуитивизм	0.030
интуитивист	0.030
интуристка	0.030
инула	0.030
инулин	0.030
инфарктник	0.030
инфарктница	0.030
инфекционист	0.030
инфикс	0.030
инфлуэнца	0.030
информативность	0.030
информационность	0.030
иоакинф	0.030
ионофорез	0.030
ионтофорез	0.030
иорданка	0.030
иордань	0.030
ипекакуана	0.030
иподьякон	0.030
ипокрит	0.030
ипокритка	0.030
ипокритство	0.030
ипомея	0.030
иппология	0.030
иранист	0.030
иранистика	0.030
иранистка	0.030
ирбис	0.030
ирга	0.030
ирмос	0.030
ирокезка	0.030
иронизирование	0.030
иронист	0.030
иррадиирование	0.030
иррационализм	0.030
ирреальность	0.030
иррегулярность	0.030
ирритация	0.030
искажённость	0.030
искалечение	0.030
искалечивание	0.030
искалывание	0.030
искапывание	0.030
искариотка	0.030
искариотство	0.030
искармливание	0.030
искательность	0.030
искательство	0.030
исклёвывание	0.030
исковеркивание	0.030
исковыривание	0.030
исколачивание	0.030
исконность	0.030
исконопачивание	0.030
искорёживание	0.030
искрашивание	0.030
искрещивание	0.030
искривлённость	0.030
искринка	0.030
искристость	0.030
искровец	0.030
искрогаситель	0.030
искромётность	0.030
искроудержатель	0.030
искроуловитель	0.030
искручивание	0.030
искупительница	0.030
искуривание	0.030
искус	0.030
искусственник	0.030
искусствознание	0.030
искусывание	0.030
исламизм	0.030
исландка	0.030
испанист	0.030
испанистика	0.030
испанистка	0.030
испаринка	0.030
испаряемость	0.030
испещрение	0.030
испиливание	0.030
исписывание	0.030
исповедальность	0.030
испод	0.030
исподка	0.030
исподники	0.030
исподница	0.030
исполкомовец	0.030
исполнимость	0.030
исполнительство	0.030
использованность	0.030
испольщик	0.030
испольщина	0.030
исправимость	0.030
исправительница	0.030
исправница	0.030
исправничество	0.030
исправничиха	0.030
испрашивание	0.030
испрыскивание	0.030
испуганность	0.030
испытательница	0.030
иссаливание	0.030
иссверливание	0.030
иссекание	0.030
исследованность	0.030
исстирывание	0.030
исстрачивание	0.030
исстреливание	0.030
исступлённость	0.030
исстёгивание	0.030
иссыхание	0.030
иссякание	0.030
истаивание	0.030
истапливание	0.030
истаптывание	0.030
истаскивание	0.030
истачивание	0.030
истекание	0.030
истеричность	0.030
истираемость	0.030
истирание	0.030
истискивание	0.030
истлевание	0.030
истление	0.030
истовость	0.030
истод	0.030
истолкователь	0.030
истолковательница	0.030
истолковывание	0.030
истомление	0.030
истончание	0.030
истопница	0.030
исторжение	0.030
историзм	0.030
историограф	0.030
историография	0.030
историчность	0.030
источниковед	0.030
источниковедение	0.030
истошность	0.030
истощённость	0.030
истрёпанность	0.030
истрёпывание	0.030
истуканство	0.030
истуканчик	0.030
иступление	0.030
истязательница	0.030
истязательство	0.030
истязующая	0.030
истёсывание	0.030
исхлёстывание	0.030
исходатайствование	0.030
исхудалость	0.030
исхудание	0.030
исцарапывание	0.030
исцелительница	0.030
исчезание	0.030
исчернение	0.030
исчерпанность	0.030
исчерпывание	0.030
исчерчивание	0.030
исчёркивание	0.030
исшаркивание	0.030
итальянизм	0.030
итальяноман	0.030
итальяномания	0.030
итальяноманство	0.030
итальянщина	0.030
ительмен	0.030
ительменка	0.030
итератив	0.030
итээровец	0.030
иудаист	0.030
иудейство	0.030
иудушка	0.030
ихневмон	0.030
ихтиоз	0.030
ихтиол	0.030
ихтиология	0.030
ишурия	0.030
йеменка	0.030
йогуртерий	0.030
йодоформ	0.030
йотация	0.030
йотирование	0.030
кабалист	0.030
кабалистика	0.030
кабанина	0.030
кабанище	0.030
кабанок	0.030
кабанёнок	0.030
кабардинец	0.030
кабардинка	0.030
кабарожка	0.030
кабатчик	0.030
кабатчица	0.030
кабачишко	0.030
кабачище	0.030
кабачник	0.030
кабачница	0.030
каббала	0.030
каббалист	0.030
каббалистика	0.030
кабелеукладчик	0.030
кабестан	0.030
кабил	0.030
кабинетец	0.030
кабинетность	0.030
каблограмма	0.030
каблучище	0.030
каблучник	0.030
каблучница	0.030
каботаж	0.030
каботажка	0.030
каботажник	0.030
каботин	0.030
каботинка	0.030
каботинство	0.030
кабошон	0.030
кабриолетка	0.030
кабрирование	0.030
кавалергардия	0.030
кавальер	0.030
кавардачок	0.030
каватина	0.030
каверзник	0.030
каверзница	0.030
каверзность	0.030
каверна	0.030
кавказка	0.030
кавунок	0.030
кавыка	0.030
каганат	0.030
кагат	0.030
кагатирование	0.030
кагуан	0.030
каданс	0.030
каденца	0.030
кадетик	0.030
кадетка	0.030
кадий	0.030
кадильница	0.030
кадмирование	0.030
кадочка	0.030
кадочник	0.030
кадушечка	0.030
кадычок	0.030
каждение	0.030
каждодневность	0.030
казакин	0.030
казанова	0.030
казара	0.030
казарменность	0.030
казаченек	0.030
казаченька	0.030
казачина	0.030
казачишка	0.030
казашка	0.030
казинет	0.030
казистость	0.030
казначейша	0.030
казнокрад	0.030
казнокрадство	0.030
казнохранилище	0.030
казуар	0.030
казуист	0.030
казуистичность	0.030
казуистка	0.030
казённость	0.030
казёнщина	0.030
каик	0.030
каинит	0.030
кайловщик	0.030
каймак	0.030
кайнозой	0.030
какавелла	0.030
каламбурец	0.030
каламбурист	0.030
каламбурчик	0.030
каламянка	0.030
каландр	0.030
каландрирование	0.030
каландрование	0.030
каландровка	0.030
каландровщик	0.030
калачник	0.030
калачница	0.030
калачня	0.030
калган	0.030
калейдоскопичность	0.030
калечение	0.030
калечище	0.030
калибрирование	0.030
калибрование	0.030
калибровщик	0.030
калибровщица	0.030
калибромер	0.030
калиброметр	0.030
калильня	0.030
калильщик	0.030
калильщица	0.030
калинник	0.030
калинушка	0.030
каличище	0.030
калмычка	0.030
каломель	0.030
калориметр	0.030
калориметрист	0.030
калориметрия	0.030
калорифер	0.030
калужница	0.030
калуфер	0.030
калым	0.030
калымщик	0.030
калымщица	0.030
кальвиль	0.030
кальвинизм	0.030
кальвинистка	0.030
калькирование	0.030
кальсонина	0.030
кальцекс	0.030
кальцинация	0.030
кальцинирование	0.030
калякание	0.030
калёвка	0.030
калёвочник	0.030
калёвщик	0.030
камарилья	0.030
камаринская	0.030
камас	0.030
камбий	0.030
камедетечение	0.030
каменистость	0.030
каменобоец	0.030
каменолом	0.030
каменотёсец	0.030
каменушка	0.030
камералист	0.030
камералистика	0.030
камералка	0.030
камерность	0.030
камерунец	0.030
камерунка	0.030
камешник	0.030
камилавка	0.030
камка	0.030
камлот	0.030
камнедробление	0.030
камнеломка	0.030
камнемёт	0.030
камнеобработка	0.030
камнесечение	0.030
камнетёс	0.030
камнетёсец	0.030
каморочка	0.030
каморщик	0.030
кампанейщина	0.030
кампучиец	0.030
кампучийка	0.030
камус	0.030
камуфлет	0.030
камуфлирование	0.030
камчадалка	0.030
камышевка	0.030
камышит	0.030
камышовка	0.030
канавокопатель	0.030
канализатор	0.030
канальство	0.030
канареечник	0.030
канатник	0.030
канатопрядение	0.030
канатчик	0.030
канаус	0.030
канашка	0.030
кандальник	0.030
кандидатство	0.030
кандиль	0.030
канительщик	0.030
канительщица	0.030
канифас	0.030
канканёр	0.030
канканёрка	0.030
каннелюра	0.030
каннибальство	0.030
канонер	0.030
каноничность	0.030
канонник	0.030
канонница	0.030
канотье	0.030
канталупка	0.030
кантелист	0.030
кантианец	0.030
кантианство	0.030
кантик	0.030
кантилена	0.030
кантиленность	0.030
кантование	0.030
кантователь	0.030
кантовка	0.030
кануфер	0.030
канцеляризм	0.030
канцелярист	0.030
канцер	0.030
канцлерство	0.030
канцона	0.030
канцонетта	0.030
канчук	0.030
канючение	0.030
каолинит	0.030
капелирование	0.030
капельник	0.030
капиллярность	0.030
капиталец	0.030
капитальность	0.030
капитулянтство	0.030
капканчик	0.030
каплица	0.030
каплюшка	0.030
капотаж	0.030
капотец	0.030
капотик	0.030
капотирование	0.030
капотишко	0.030
капральство	0.030
капризник	0.030
капризница	0.030
капризничание	0.030
капризность	0.030
капризун	0.030
капризунья	0.030
каприфоль	0.030
каприччо	0.030
капсель	0.030
капсюлька	0.030
каптаж	0.030
каптан	0.030
каптана	0.030
каптирование	0.030
капуль	0.030
капуцинка	0.030
карабкание	0.030
карагач	0.030
караим	0.030
караимка	0.030
караич	0.030
каракалпак	0.030
каракалпачка	0.030
каракиргиз	0.030
каракиргизка	0.030
каракулевод	0.030
каракулеводство	0.030
каракулька	0.030
каракульча	0.030
карамора	0.030
карасишка	0.030
карасище	0.030
карательница	0.030
каратэист	0.030
каратэистка	0.030
караульня	0.030
караульщица	0.030
карачаевец	0.030
карачаевка	0.030
карачун	0.030
карбамид	0.030
карбасик	0.030
карбованец	0.030
карбонад	0.030
карбонари	0.030
карбонаризм	0.030
карбонарий	0.030
карбонатность	0.030
карбонизация	0.030
карборунд	0.030
карбункулёз	0.030
карбюрация	0.030
кардиограф	0.030
кардиография	0.030
кардиосклероз	0.030
кардиоскоп	0.030
карелка	0.030
каретник	0.030
кариатида	0.030
карибка	0.030
карикатурка	0.030
карикатурность	0.030
карикатурщик	0.030
кариоз	0.030
кариология	0.030
каркание	0.030
кармазин	0.030
карманница	0.030
карманщик	0.030
карманщица	0.030
карманьола	0.030
каронада	0.030
каротаж	0.030
каротель	0.030
каротин	0.030
карпетка	0.030
карпетки	0.030
карсель	0.030
карст	0.030
картавление	0.030
картавость	0.030
картвел	0.030
картвелка	0.030
картезианец	0.030
картезианка	0.030
картезианство	0.030
картелирование	0.030
картеча	0.030
картечина	0.030
картингист	0.030
картинность	0.030
картоведение	0.030
картограмма	0.030
картодиаграмма	0.030
картонаж	0.030
картонажник	0.030
картонажница	0.030
картофелекопалка	0.030
картофелекопатель	0.030
картофелемойка	0.030
картофелесажалка	0.030
картофелька	0.030
картофельник	0.030
картузишко	0.030
картузник	0.030
картёж	0.030
картёжница	0.030
каруца	0.030
касаточка	0.030
касатушка	0.030
кассатор	0.030
кассация	0.030
кассетка	0.030
кастаньетка	0.030
кастаньетки	0.030
кастовость	0.030
кастратка	0.030
кастрирование	0.030
кастрюлечка	0.030
кастрюльник	0.030
кастрюльница	0.030
каталектика	0.030
каталептик	0.030
катализ	0.030
каталогизатор	0.030
каталонка	0.030
каталь	0.030
катальня	0.030
катальщик	0.030
катанка	0.030
катанок	0.030
катастрофичность	0.030
катерна	0.030
катерник	0.030
катеростроение	0.030
катион	0.030
каткование	0.030
католикос	0.030
каторжанка	0.030
каторжница	0.030
катрен	0.030
катрень	0.030
катушечка	0.030
катушечник	0.030
катушечница	0.030
катышок	0.030
каузальность	0.030
каупер	0.030
каурка	0.030
каустик	0.030
каустика	0.030
каучуконос	0.030
кафельщик	0.030
кафешантан	0.030
кафизма	0.030
кафтанец	0.030
кафтанишко	0.030
кафтанчик	0.030
кахетинец	0.030
кахетинка	0.030
кахетинское	0.030
кацап	0.030
кацапка	0.030
качественность	0.030
качуча	0.030
кашеварка	0.030
кашеварня	0.030
кашлюн	0.030
кашляние	0.030
кашмирец	0.030
кашмирка	0.030
каштанник	0.030
каштанчик	0.030
каютишка	0.030
квадратность	0.030
квадрильон	0.030
квакерка	0.030
квакерша	0.030
квакушка	0.030
квакша	0.030
квартиргер	0.030
квартирование	0.030
квартиронаниматель	0.030
квартиросъёмщица	0.030
квартирохозяин	0.030
квартирохозяйка	0.030
квартирьер	0.030
квартуполномоченный	0.030
кварцит	0.030
квасница	0.030
квасовар	0.030
квасоварение	0.030
квасоварня	0.030
квасцевание	0.030
квашение	0.030
квашенина	0.030
квашонка	0.030
квебрахо	0.030
квершлаг	0.030
квиетизм	0.030
квиетист	0.030
квинтиллион	0.030
квирит	0.030
квоктание	0.030
квохтание	0.030
квёлость	0.030
кедрик	0.030
кедровик	0.030
кекуок	0.030
кекур	0.030
келарня	0.030
келарь	0.030
келейка	0.030
келейница	0.030
келейницкая	0.030
келейность	0.030
кельнерша	0.030
кембрий	0.030
кенарка	0.030
кенарь	0.030
кенаф	0.030
кендырь	0.030
кенийка	0.030
кенкет	0.030
кенотаф	0.030
керамзит	0.030
керамзитобетон	0.030
керамист	0.030
кератит	0.030
керенка	0.030
кержанка	0.030
кержачка	0.030
керосинщик	0.030
керосинщица	0.030
кессонщик	0.030
кетмень	0.030
кибернетизация	0.030
кибиточка	0.030
кивание	0.030
кизельгур	0.030
кизиль	0.030
кизильник	0.030
кизлярка	0.030
кикбоксёр	0.030
кикс	0.030
килечка	0.030
кимберлит	0.030
кимограф	0.030
киндяк	0.030
кинематика	0.030
кинематографистка	0.030
кинематографичность	0.030
кинизм	0.030
киник	0.030
киннамон	0.030
киноаппаратура	0.030
киноартистка	0.030
киноателье	0.030
кинобоевик	0.030
киновед	0.030
киноведение	0.030
кинограмма	0.030
кинодокумент	0.030
кинодокументалист	0.030
кинодокументалистика	0.030
кинодраматургия	0.030
киноинформация	0.030
кинология	0.030
кинолюбительство	0.030
кинопанорама	0.030
кинопередвижка	0.030
кинопромышленность	0.030
кинорынок	0.030
киносеть	0.030
кинотека	0.030
кинотехника	0.030
киноустановка	0.030
кинофикация	0.030
киношница	0.030
киот	0.030
кипень	0.030
кипрегель	0.030
киприот	0.030
киприотка	0.030
кипсек	0.030
кипучесть	0.030
кипятилка	0.030
кипятильня	0.030
киргизка	0.030
кирза	0.030
кирзач	0.030
кирпичина	0.030
кирпичинка	0.030
кирпичник	0.030
киршвассер	0.030
кисейка	0.030
киселик	0.030
кисельник	0.030
кисельница	0.030
киселёк	0.030
кисетик	0.030
кислина	0.030
кисловатость	0.030
кисловка	0.030
кислотостойкость	0.030
кислотоупорность	0.030
кисляй	0.030
кистовяз	0.030
китаевед	0.030
китаеведение	0.030
китаист	0.030
китаистика	0.030
китайка	0.030
кителёк	0.030
китовина	0.030
китоловство	0.030
кифара	0.030
кифоз	0.030
кичливость	0.030
кишение	0.030
кишлачник	0.030
киянка	0.030
клавикорд	0.030
клавикорды	0.030
клавираусцуг	0.030
кладовочка	0.030
кладовщица	0.030
кладочка	0.030
кладчик	0.030
клакёр	0.030
клапштос	0.030
кларнетистка	0.030
классификатор	0.030
классифицирование	0.030
классицист	0.030
классичность	0.030
классность	0.030
классовость	0.030
клаузула	0.030
клевание	0.030
клеверище	0.030
клеветница	0.030
клевок	0.030
клеврет	0.030
клеевар	0.030
клееварение	0.030
клееварка	0.030
клееварня	0.030
клеение	0.030
клеильня	0.030
клейковатость	0.030
клейкость	0.030
клеймовщик	0.030
клектание	0.030
кленок	0.030
кленочек	0.030
клепало	0.030
клепальщица	0.030
клепание	0.030
клеппер	0.030
клепсидра	0.030
клептократ	0.030
клептократия	0.030
клептократка	0.030
клерикализм	0.030
клеточник	0.030
клеточница	0.030
клетух	0.030
клещевина	0.030
клещевинник	0.030
клещеножка	0.030
клещик	0.030
клеёночка	0.030
клеёнщик	0.030
клеёнщица	0.030
клиентела	0.030
клизмочка	0.030
кликун	0.030
кликушество	0.030
климактерий	0.030
климатография	0.030
климатология	0.030
климатотерапия	0.030
клиницист	0.030
клинкер	0.030
клинкерование	0.030
клинкет	0.030
клинометр	0.030
клинтух	0.030
клиперок	0.030
клиринг	0.030
клирошанин	0.030
клирошанка	0.030
клистир	0.030
клиширование	0.030
клобучок	0.030
клокот	0.030
клоктун	0.030
клопомор	0.030
клопфер	0.030
клоунесса	0.030
клохтание	0.030
клохтунья	0.030
клочковатость	0.030
клубенёк	0.030
клубмен	0.030
клубнеплод	0.030
клубниковка	0.030
клубничник	0.030
клумбочка	0.030
клупп	0.030
клычок	0.030
клювонос	0.030
клюворыл	0.030
клюквенник	0.030
клюквина	0.030
клюквинка	0.030
клюковка	0.030
ключарь	0.030
ключница	0.030
клякспапир	0.030
клятвопреступница	0.030
кляузник	0.030
кляузница	0.030
кляузничество	0.030
клячонка	0.030
клёкт	0.030
клёпань	0.030
клёпочник	0.030
кнастер	0.030
кнель	0.030
книговед	0.030
книговедение	0.030
книгодержатель	0.030
книгоед	0.030
книгоиздатель	0.030
книгоиздательство	0.030
книгоноша	0.030
книгообмен	0.030
книгопечатник	0.030
книгопечатня	0.030
книгопродавец	0.030
книготорговля	0.030
книжница	0.030
книжность	0.030
кникс	0.030
кница	0.030
книш	0.030
кнутик	0.030
кнутишко	0.030
кнутище	0.030
княгинюшка	0.030
княжата	0.030
княжение	0.030
княженика	0.030
княжик	0.030
князенька	0.030
князишка	0.030
князюшка	0.030
князёнок	0.030
коагулирование	0.030
коагулят	0.030
кобелёк	0.030
кобеняк	0.030
кобза	0.030
кобзарство	0.030
кобыз	0.030
кобылочка	0.030
кобылятина	0.030
кобылятник	0.030
кобылёнка	0.030
коварность	0.030
коверкание	0.030
коверкот	0.030
ковкость	0.030
коврижечка	0.030
ковровщик	0.030
ковровщица	0.030
ковродел	0.030
ковроделие	0.030
ковроделка	0.030
ковроткачество	0.030
ковшичек	0.030
ковыльник	0.030
ковыляние	0.030
ковёрный	0.030
ковёрчик	0.030
ковёрщик	0.030
ковёрщица	0.030
кодировщица	0.030
кодификатор	0.030
кодификация	0.030
кожевенник	0.030
кожевница	0.030
кожевничество	0.030
кожедёр	0.030
кожеед	0.030
кожемяка	0.030
кожечка	0.030
кожимит	0.030
кожник	0.030
кожушок	0.030
кожьё	0.030
козелец	0.030
козелки	0.030
козелок	0.030
козетка	0.030
козлетон	0.030
козлец	0.030
козлобородник	0.030
козлогласование	0.030
козлодрание	0.030
козляк	0.030
козлятник	0.030
кознь	0.030
козовод	0.030
козоводство	0.030
козон	0.030
козонок	0.030
козулятина	0.030
козыряние	0.030
козюлька	0.030
козюля	0.030
козявочка	0.030
койне	0.030
кокаинизм	0.030
кокаинистка	0.030
кокардочка	0.030
кокет	0.030
кокетливость	0.030
кокетничание	0.030
кокиль	0.030
кокк	0.030
коклюшка	0.030
коконник	0.030
коконщик	0.030
коконщица	0.030
кокор	0.030
кокора	0.030
кокошница	0.030
кокошничек	0.030
коксование	0.030
коксохимия	0.030
кокурка	0.030
колбасница	0.030
колгота	0.030
колготня	0.030
колдобинка	0.030
колдобоина	0.030
колдовка	0.030
колеблемость	0.030
колеровщик	0.030
колеровщица	0.030
коллаборационизм	0.030
коллегиальность	0.030
коллегиум	0.030
коллективист	0.030
коллективистка	0.030
коллективность	0.030
коллекционерство	0.030
коллодиум	0.030
колоб	0.030
колобашка	0.030
колобродица	0.030
колобродник	0.030
колобродница	0.030
колобродство	0.030
коловерть	0.030
коловратка	0.030
коловратность	0.030
коловращение	0.030
колодезник	0.030
колодница	0.030
колодчик	0.030
колодье	0.030
колокольница	0.030
колокольщик	0.030
коломазь	0.030
коломенка	0.030
колонат	0.030
колонизаторство	0.030
колонистка	0.030
колонновожатый	0.030
колонтитул	0.030
колонцифра	0.030
колоратура	0.030
колориметр	0.030
колориметрия	0.030
колоритность	0.030
колосик	0.030
колосовик	0.030
колосочек	0.030
колоссальность	0.030
колотилка	0.030
колотовка	0.030
колоток	0.030
колотуха	0.030
колотье	0.030
колочение	0.030
колошение	0.030
колошник	0.030
колпик	0.030
колпица	0.030
колча	0.030
колчаковщина	0.030
колымажка	0.030
колышень	0.030
кольдкрем	0.030
кольматаж	0.030
кольцевание	0.030
кольчатость	0.030
кольчец	0.030
кольчико	0.030
кольчужник	0.030
кольщик	0.030
колючесть	0.030
колядование	0.030
колёсопрокатчик	0.030
командирование	0.030
командировочка	0.030
командирство	0.030
комаришка	0.030
комарище	0.030
комарник	0.030
комбайнирование	0.030
комбайностроение	0.030
комбайнёрка	0.030
комбайнёрша	0.030
комбед	0.030
комбедовец	0.030
комбижир	0.030
комбинаторика	0.030
комбине	0.030
комедиантство	0.030
комедийность	0.030
комедиограф	0.030
комелёк	0.030
комендантство	0.030
комераж	0.030
кометоискатель	0.030
комизм	0.030
комикование	0.030
комильфотность	0.030
комиссарство	0.030
комиссарша	0.030
комиссионерство	0.030
комиссование	0.030
комитат	0.030
комитент	0.030
комичность	0.030
комковатость	0.030
комментирование	0.030
комми	0.030
коммивояжёрство	0.030
коммунальник	0.030
коммунарка	0.030
коммуникативность	0.030
комнатишка	0.030
комнатушечка	0.030
комодец	0.030
комодик	0.030
комолость	0.030
компактность	0.030
компаратив	0.030
компаративизм	0.030
компаративист	0.030
компаративистика	0.030
компендий	0.030
компилирование	0.030
компилятивность	0.030
комплексирование	0.030
комплексность	0.030
комплектирование	0.030
комплектность	0.030
комплектование	0.030
комплектовка	0.030
комплектовщик	0.030
комплектовщица	0.030
комплементарность	0.030
комплиментарность	0.030
комплиментщик	0.030
комплиментщица	0.030
комплот	0.030
композиторство	0.030
композиторша	0.030
композиционность	0.030
компонист	0.030
компоновщик	0.030
компостирование	0.030
компрадор	0.030
компрессик	0.030
компрессорщик	0.030
компрометация	0.030
компрометирование	0.030
комроты	0.030
комсомолия	0.030
комфлот	0.030
комышек	0.030
конармеец	0.030
конармейка	0.030
конармия	0.030
конвейеризация	0.030
конвейерщик	0.030
конвейерщица	0.030
конвектор	0.030
конвергентность	0.030
конвертирование	0.030
конвертируемость	0.030
конверторник	0.030
конверторщик	0.030
конвульсивность	0.030
конголезец	0.030
конголезка	0.030
конгрессист	0.030
конгруэнтность	0.030
кондак	0.030
конденсирование	0.030
коневод	0.030
конесовхоз	0.030
конеферма	0.030
конишка	0.030
конище	0.030
конкиста	0.030
конкордат	0.030
конкретизация	0.030
конкреция	0.030
конкубинат	0.030
конкурирование	0.030
конногвардеец	0.030
конножелезка	0.030
коннозаводство	0.030
коннозаводчик	0.030
коновальство	0.030
коноводка	0.030
конокрадство	0.030
конопатина	0.030
конопатинка	0.030
конопатка	0.030
конопатчик	0.030
конопатчица	0.030
конопачение	0.030
конопель	0.030
конопелька	0.030
конопинка	0.030
коноплевод	0.030
коноплеводство	0.030
конопляник	0.030
коноплянка	0.030
коносамент	0.030
консервативность	0.030
консерваторец	0.030
консерваторка	0.030
консервщик	0.030
консервщица	0.030
консигнант	0.030
консигнатор	0.030
конскрипция	0.030
консолидирование	0.030
консоляция	0.030
консонанс	0.030
консонант	0.030
консонантизм	0.030
конспективность	0.030
конспектирование	0.030
конспиративность	0.030
константность	0.030
констатирование	0.030
конституирование	0.030
конституционализм	0.030
конституционалист	0.030
конституционист	0.030
конструктивизм	0.030
конструктивист	0.030
конструктивистка	0.030
конструктивность	0.030
конструкторша	0.030
консульша	0.030
контактность	0.030
контаминация	0.030
континентальность	0.030
контокоррент	0.030
конторщица	0.030
контрабасист	0.030
контрагентство	0.030
контраданс	0.030
контрактант	0.030
контрактация	0.030
контрамарочник	0.030
контрамарочница	0.030
контрапост	0.030
контрапунктист	0.030
контрафагот	0.030
контрафаготист	0.030
контрафакция	0.030
контргайка	0.030
контргруз	0.030
контрданс	0.030
контрибуция	0.030
контригра	0.030
контрманёвр	0.030
контрмина	0.030
контрминоносец	0.030
контроверза	0.030
контроверсия	0.030
контрпар	0.030
контрреволюционерка	0.030
контрреволюционность	0.030
контрфорс	0.030
контрэскарп	0.030
конурка	0.030
конфедератка	0.030
конфекцион	0.030
конферанс	0.030
конфетина	0.030
конфетчик	0.030
конфетчица	0.030
конфидент	0.030
конфидентка	0.030
конфиденция	0.030
конфискование	0.030
конфликтность	0.030
конфузия	0.030
конфузливость	0.030
конфуцианец	0.030
концентризм	0.030
концентрированность	0.030
концентричность	0.030
концептуализм	0.030
концептуалист	0.030
концептуальность	0.030
концертант	0.030
концертантка	0.030
концертирование	0.030
концессионер	0.030
конъектура	0.030
конъюгация	0.030
конъюнктив	0.030
конъюнктива	0.030
конъюнктурщик	0.030
конъюнктурщина	0.030
конъюнктурщица	0.030
конькобежка	0.030
конюшонок	0.030
коняка	0.030
кооператор	0.030
кооперирование	0.030
кооптация	0.030
кооптирование	0.030
координированность	0.030
копалка	0.030
копальщик	0.030
копальщица	0.030
копанка	0.030
копательница	0.030
копач	0.030
копеечник	0.030
копеечница	0.030
копиизм	0.030
копийка	0.030
копировальщик	0.030
копировальщица	0.030
копировка	0.030
копировщица	0.030
копист	0.030
копица	0.030
копка	0.030
копление	0.030
копнение	0.030
копнильщик	0.030
копнильщица	0.030
копнитель	0.030
копорка	0.030
копотливость	0.030
копотня	0.030
копотун	0.030
копотунья	0.030
копошение	0.030
копра	0.030
копт	0.030
коптение	0.030
коптильщик	0.030
коптильщица	0.030
коптитель	0.030
копулировка	0.030
копуляция	0.030
копун	0.030
копунья	0.030
копчушка	0.030
копчёнка	0.030
копыл	0.030
копытень	0.030
копытка	0.030
копьеметатель	0.030
копьеметательница	0.030
копьецо	0.030
копёнка	0.030
копёрщик	0.030
копёшка	0.030
корабельник	0.030
кораблевождение	0.030
корабленник	0.030
кораблестроительство	0.030
коралёк	0.030
кордегардия	0.030
кордиамин	0.030
кордовой	0.030
кордодром	0.030
коренастость	0.030
корзиноплетение	0.030
корзинщик	0.030
корзинщица	0.030
корзно	0.030
коринка	0.030
корифейка	0.030
коричневатость	0.030
кормач	0.030
кормачка	0.030
кормишко	0.030
кормленщик	0.030
кормозапарник	0.030
кормокухня	0.030
кормоцех	0.030
кормщик	0.030
корненожка	0.030
корнерезка	0.030
корнеслов	0.030
корнесловие	0.030
корнетик	0.030
корнетист	0.030
корнетша	0.030
коробейка	0.030
коробейничек	0.030
коробейничество	0.030
коробление	0.030
коробовка	0.030
коробочник	0.030
коробочница	0.030
коробья	0.030
коровница	0.030
коровяк	0.030
коронограф	0.030
короночка	0.030
корообдирка	0.030
корообдирщик	0.030
коростелёк	0.030
коротковолновик	0.030
коротконожка	0.030
короткость	0.030
корпение	0.030
корпия	0.030
корпоративность	0.030
корпуленция	0.030
корпункт	0.030
корпускула	0.030
корпусник	0.030
корректирование	0.030
корректорская	0.030
корректорша	0.030
коррелят	0.030
коррелятивность	0.030
корреспондирование	0.030
корригирование	0.030
корсажница	0.030
корсарство	0.030
корсетка	0.030
корсетница	0.030
кортома	0.030
корунд	0.030
корчажка	0.030
корчевалка	0.030
корчевание	0.030
корчеватель	0.030
корчевье	0.030
корчемник	0.030
корчемница	0.030
корчемство	0.030
корчмарка	0.030
корчёвка	0.030
коршунок	0.030
коршуньё	0.030
коршунёнок	0.030
корыстность	0.030
корыстолюбец	0.030
корыстолюбие	0.030
корытник	0.030
корытничий	0.030
корючение	0.030
корявость	0.030
коряжник	0.030
коряк	0.030
корячение	0.030
корячка	0.030
косвенность	0.030
косеканс	0.030
косина	0.030
косинка	0.030
космовидение	0.030
космогонист	0.030
космогония	0.030
космограф	0.030
космография	0.030
космонавтка	0.030
космоплавание	0.030
космополитизм	0.030
космополитка	0.030
косморама	0.030
косник	0.030
косноязычие	0.030
косноязычность	0.030
кособокость	0.030
косоватость	0.030
косовица	0.030
косовище	0.030
косоглазость	0.030
косогорчик	0.030
косогорье	0.030
косонька	0.030
косорукость	0.030
косослой	0.030
косослойность	0.030
косость	0.030
косоугольник	0.030
костерь	0.030
костистость	0.030
костлявость	0.030
костоеда	0.030
костоломка	0.030
костоправка	0.030
косторез	0.030
кострец	0.030
кострика	0.030
костык	0.030
костылик	0.030
костылёк	0.030
костюмишко	0.030
костянка	0.030
костёрик	0.030
косулёнок	0.030
косушечка	0.030
косушка	0.030
косхалва	0.030
косынька	0.030
косьба	0.030
косьё	0.030
косячник	0.030
котангенс	0.030
котерия	0.030
котиколов	0.030
котловинка	0.030
котлостроение	0.030
коток	0.030
котома	0.030
котомочка	0.030
котонизация	0.030
котофей	0.030
коттеджик	0.030
котурн	0.030
котёльчик	0.030
кофеинка	0.030
кофеишко	0.030
кофейница	0.030
кофейничек	0.030
кофешенк	0.030
кофтёнка	0.030
коханка	0.030
коханочка	0.030
кохинхина	0.030
кохинхинка	0.030
коча	0.030
кочевание	0.030
кочевница	0.030
кочевничество	0.030
кочегарня	0.030
кочедыжник	0.030
кочедык	0.030
кочень	0.030
кочерыга	0.030
кочерёжка	0.030
кочеток	0.030
кочешок	0.030
кочкари	0.030
кочковатость	0.030
кочкорез	0.030
кочь	0.030
кочёвка	0.030
кошевина	0.030
кошение	0.030
кошенина	0.030
кошкодав	0.030
кошкодёр	0.030
кошница	0.030
кошомка	0.030
кошт	0.030
кошурка	0.030
кошёлочка	0.030
кравчий	0.030
краина	0.030
крамбамбули	0.030
крамола	0.030
крамольничество	0.030
краниология	0.030
краниометрия	0.030
крановщица	0.030
крапивка	0.030
крапивушка	0.030
краплак	0.030
крапление	0.030
крапчатость	0.030
красавушка	0.030
красильщица	0.030
красковар	0.030
красковарня	0.030
краскотёр	0.030
краскотёрка	0.030
краснина	0.030
краснинка	0.030
красноармейка	0.030
краснобайка	0.030
краснобайство	0.030
красноглинье	0.030
красноголовик	0.030
краснодеревец	0.030
краснозём	0.030
краснолесье	0.030
красноножка	0.030
красноречивость	0.030
краснорядец	0.030
краснословие	0.030
краснотал	0.030
красочка	0.030
красочность	0.030
кратковременность	0.030
краткосрочность	0.030
кратность	0.030
крахмаление	0.030
крахмалистость	0.030
крашение	0.030
крашенина	0.030
креатура	0.030
кредитив	0.030
крейсерство	0.030
крейсирование	0.030
крекинг	0.030
крекирование	0.030
креманка	0.030
кремнистость	0.030
кремнёвка	0.030
крендельщик	0.030
крендельщица	0.030
кренометр	0.030
крепдешин	0.030
крепильщик	0.030
крепитель	0.030
крепостничество	0.030
крепостца	0.030
кресельце	0.030
крестишко	0.030
крестничек	0.030
крестовка	0.030
кретон	0.030
кречётка	0.030
кривина	0.030
кривинка	0.030
кривобокость	0.030
криводушие	0.030
криводушник	0.030
криводушница	0.030
криволесье	0.030
криволинейность	0.030
кривосудие	0.030
кривотолк	0.030
кривошейка	0.030
кривошея	0.030
кривошип	0.030
кривулина	0.030
кривулька	0.030
кривуля	0.030
кривуша	0.030
крикливость	0.030
крикуха	0.030
крикуша	0.030
криминальность	0.030
криница	0.030
криничка	0.030
криночка	0.030
криптогамия	0.030
криптомерия	0.030
кристаллизатор	0.030
кристалличность	0.030
кристаллограф	0.030
кристаллография	0.030
кристальность	0.030
критериум	0.030
критиканка	0.030
критиканство	0.030
критикант	0.030
критиканша	0.030
крица	0.030
кричание	0.030
кроат	0.030
кроатка	0.030
кроаты	0.030
кровелька	0.030
кроветворение	0.030
кровишка	0.030
кровка	0.030
кровность	0.030
кровомщение	0.030
кровоочищение	0.030
кровопивец	0.030
кровопиец	0.030
кровопийство	0.030
кровосмеситель	0.030
кровосмесительница	0.030
кровосмесительство	0.030
кровоточивость	0.030
кровохлёбка	0.030
кроение	0.030
кроки	0.030
крокирование	0.030
крокировка	0.030
кроликовод	0.030
кролиководство	0.030
кроликоматка	0.030
кромлех	0.030
кромочка	0.030
кронглас	0.030
кронпринцесса	0.030
кронциркуль	0.030
кропание	0.030
кропатель	0.030
кропательница	0.030
кропило	0.030
кропильница	0.030
кропление	0.030
кропотливость	0.030
кропотун	0.030
кропотунья	0.030
кросно	0.030
кротовина	0.030
кротёнок	0.030
крохаль	0.030
крохоборка	0.030
крохоборничество	0.030
крохоборство	0.030
крохоборчество	0.030
крохотка	0.030
крохотность	0.030
крошанка	0.030
крошильщик	0.030
крошонка	0.030
кругловина	0.030
круглоличка	0.030
круглость	0.030
круглота	0.030
круглыш	0.030
круговина	0.030
круговращение	0.030
кругообращение	0.030
кружало	0.030
кружевница	0.030
кружевце	0.030
кружковщина	0.030
крумциркуль	0.030
крупеник	0.030
крупина	0.030
крупность	0.030
крупнота	0.030
круповейка	0.030
крупорушка	0.030
крупорушня	0.030
крутик	0.030
крутильщик	0.030
крутильщица	0.030
крутоверть	0.030
крутогор	0.030
круть	0.030
кручинушка	0.030
кручёнка	0.030
крушинник	0.030
крылатость	0.030
крымчанин	0.030
крыночка	0.030
крючкотворец	0.030
крючник	0.030
крючочник	0.030
крюшон	0.030
кряжик	0.030
кряжина	0.030
кряжистость	0.030
крякание	0.030
крякуша	0.030
крякушка	0.030
кряхтун	0.030
кряхтунья	0.030
ксерография	0.030
ксероформ	0.030
кси	0.030
ксилит	0.030
ксилограф	0.030
ксилография	0.030
ксилолит	0.030
ктитор	0.030
куафюра	0.030
куафёр	0.030
кубло	0.030
кубовая	0.030
кубовщик	0.030
кувейтка	0.030
куверт	0.030
кувшинец	0.030
кувырколегия	0.030
кудахтание	0.030
кудерьки	0.030
кудесничество	0.030
кудлы	0.030
кудреватость	0.030
кудрявость	0.030
кудрявчик	0.030
кузнечество	0.030
кузовня	0.030
кузовщик	0.030
кукарекание	0.030
кукельван	0.030
куклуксклановец	0.030
куклёнок	0.030
кукольница	0.030
кукона	0.030
куконица	0.030
кукуль	0.030
кукурузовод	0.030
кукурузоводство	0.030
кукурузосажалка	0.030
кукушица	0.030
кукша	0.030
кулан	0.030
кулачество	0.030
кулачина	0.030
кулачиха	0.030
кулачишко	0.030
кулачник	0.030
кулачонок	0.030
кулеш	0.030
кулига	0.030
кулижка	0.030
кулинарка	0.030
куличонок	0.030
кулугур	0.030
кулугурка	0.030
кульбаба	0.030
культпроп	0.030
культпросветработа	0.030
культпросветработник	0.030
культработа	0.030
культработник	0.030
культтовары	0.030
культуристка	0.030
культурник	0.030
культурница	0.030
культурничество	0.030
культуртрегер	0.030
культуртрегерство	0.030
кулёма	0.030
куманика	0.030
кумган	0.030
кумжа	0.030
кумирня	0.030
кумоха	0.030
кумуляция	0.030
кумык	0.030
кумысник	0.030
кумысолечебница	0.030
кумысолечение	0.030
кумычка	0.030
кумышка	0.030
куначество	0.030
кунктатор	0.030
кунтуш	0.030
кунштюк	0.030
купавка	0.030
купаленка	0.030
купальница	0.030
купальничек	0.030
купальщица	0.030
купейность	0.030
купелирование	0.030
купеляция	0.030
купена	0.030
купечество	0.030
куплево	0.030
куплетец	0.030
куплетик	0.030
куплетист	0.030
куплетистка	0.030
куполок	0.030
купончик	0.030
куприт	0.030
купчик	0.030
купчишка	0.030
купырь	0.030
курабье	0.030
курбет	0.030
курганчик	0.030
кургауз	0.030
кургузка	0.030
курдюк	0.030
курдючок	0.030
курдянка	0.030
куренёк	0.030
куржак	0.030
курильная	0.030
курильница	0.030
куритель	0.030
курительница	0.030
курлыкание	0.030
курник	0.030
куровод	0.030
куроводство	0.030
куролесица	0.030
куропаточка	0.030
курортница	0.030
курортолог	0.030
курортология	0.030
курослеп	0.030
курослепник	0.030
куроцап	0.030
курпей	0.030
курпяй	0.030
курсирование	0.030
курсист	0.030
курсовка	0.030
курсовочник	0.030
куртаг	0.030
куртаж	0.030
куртизанство	0.030
куртина	0.030
куртинка	0.030
куртуазность	0.030
курухтан	0.030
курфирст	0.030
курфиршество	0.030
курфюршество	0.030
курцгалоп	0.030
курчавинка	0.030
курчавка	0.030
курчавость	0.030
курчатовий	0.030
курчонок	0.030
курьерство	0.030
курьёзность	0.030
куряка	0.030
курятинка	0.030
курятница	0.030
курятня	0.030
кусачка	0.030
кусище	0.030
кустарничек	0.030
кустарничество	0.030
кустарность	0.030
кустарщина	0.030
кустистость	0.030
кустище	0.030
кустование	0.030
кустовка	0.030
кустодий	0.030
кустодия	0.030
кусток	0.030
кусторез	0.030
кутание	0.030
кутас	0.030
кутафья	0.030
кутейник	0.030
кутейница	0.030
кутник	0.030
куток	0.030
кутора	0.030
куточек	0.030
кутум	0.030
куть	0.030
кутья	0.030
куфа	0.030
кухарь	0.030
кухва	0.030
кухмистер	0.030
кухмистерша	0.030
кухоль	0.030
кухта	0.030
кучериха	0.030
кучеришка	0.030
кучерявость	0.030
кучерёнок	0.030
кушачок	0.030
кушеточка	0.030
кущение	0.030
кхекание	0.030
кхмерка	0.030
кюветка	0.030
кюммель	0.030
кюрасо	0.030
кюрий	0.030
кюрин	0.030
кюринец	0.030
кюринка	0.030
лабазница	0.030
лабет	0.030
лабиализация	0.030
лабиализованность	0.030
лабиальность	0.030
лабильность	0.030
лабрадорит	0.030
лавинка	0.030
лавинорез	0.030
лавинщик	0.030
лавирование	0.030
лавировка	0.030
лавочница	0.030
лавочничество	0.030
лавровишня	0.030
лавсан	0.030
лавчушка	0.030
лагерник	0.030
лагерница	0.030
лаглинь	0.030
ладанник	0.030
ладность	0.030
ладонка	0.030
ладоша	0.030
лазеечка	0.030
лазерщик	0.030
лазея	0.030
лазок	0.030
лазурность	0.030
лайдак	0.030
лакание	0.030
лакеишка	0.030
лакейская	0.030
лакейство	0.030
лакейщина	0.030
лакировальщик	0.030
лакировальщица	0.030
лакирование	0.030
лакировка	0.030
лакировщик	0.030
лакировщица	0.030
лакколит	0.030
лакмус	0.030
лаковар	0.030
лаконизм	0.030
лаконичность	0.030
лакричник	0.030
лактобациллин	0.030
лактометр	0.030
лактоскоп	0.030
лакфиоль	0.030
ламаизм	0.030
ламаист	0.030
ламаит	0.030
ламаркизм	0.030
ламаркист	0.030
ламбда	0.030
ламентация	0.030
лампадочка	0.030
лампион	0.030
ламповая	0.030
ламповщик	0.030
ламповщица	0.030
ламутка	0.030
лангет	0.030
ландвер	0.030
ландграф	0.030
ландграфиня	0.030
ландграфство	0.030
ландкарта	0.030
ландрат	0.030
ландскнехт	0.030
ландтаг	0.030
ландштурм	0.030
ландштурмист	0.030
ланкорд	0.030
ланочка	0.030
лансада	0.030
лансье	0.030
лантан	0.030
ланцетник	0.030
лаосец	0.030
лаоска	0.030
лаотянец	0.030
лаотянин	0.030
лаотянка	0.030
лапание	0.030
лапидарность	0.030
лапилли	0.030
лапландец	0.030
лапландка	0.030
лапотница	0.030
лапоточек	0.030
лапсердак	0.030
лаптишко	0.030
лаптище	0.030
лапчатка	0.030
лапшевник	0.030
лапшенник	0.030
лапшовник	0.030
ларинголог	0.030
ларингология	0.030
ларингоскопия	0.030
ларингофон	0.030
ларьёвщик	0.030
ларьёвщица	0.030
ларёчек	0.030
ларёчник	0.030
ларёчница	0.030
ласина	0.030
ласкание	0.030
ласкательность	0.030
ласкательство	0.030
ластовица	0.030
ластовка	0.030
латания	0.030
латвийка	0.030
латентность	0.030
латеральность	0.030
латерит	0.030
латинизация	0.030
латинизм	0.030
латинистка	0.030
латинство	0.030
латинщина	0.030
латинянка	0.030
латифундизм	0.030
латифундист	0.030
латифундия	0.030
латочка	0.030
латынщик	0.030
латышка	0.030
лауреатка	0.030
лауреатство	0.030
лафитник	0.030
лаццарони	0.030
лачужечка	0.030
лачужка	0.030
лаяние	0.030
лбина	0.030
лбишко	0.030
лбище	0.030
лганьё	0.030
лгунище	0.030
лебедятина	0.030
лебедёнок	0.030
лебезение	0.030
лебяжина	0.030
лебёдчик	0.030
лебёдчица	0.030
левантин	0.030
левачество	0.030
левизна	0.030
левират	0.030
левкас	0.030
левобережье	0.030
левулёза	0.030
легаш	0.030
леггорнка	0.030
легендарность	0.030
легирование	0.030
легислатура	0.030
легитимизм	0.030
легитимист	0.030
легитимистка	0.030
легкоатлетка	0.030
легковатость	0.030
легковер	0.030
легковерность	0.030
легковесие	0.030
легковесность	0.030
легкодум	0.030
легкомысленник	0.030
легкоплавкость	0.030
легкорастворимость	0.030
легкоумие	0.030
леденение	0.030
ледерин	0.030
ледничек	0.030
ледничок	0.030
ледовитость	0.030
ледовоз	0.030
ледогенератор	0.030
ледозащита	0.030
ледоисследователь	0.030
ледокольщик	0.030
ледолом	0.030
ледообразование	0.030
ледоплав	0.030
ледосброс	0.030
ледоспуск	0.030
ледохранилище	0.030
ледочек	0.030
леечка	0.030
лежаночка	0.030
лежачок	0.030
лежебокство	0.030
лежебочество	0.030
лежебочина	0.030
лежень	0.030
лежнёвка	0.030
леза	0.030
лезгин	0.030
лезгинец	0.030
лейборизм	0.030
лейкома	0.030
лейкопения	0.030
лейтенантик	0.030
лейтенантишка	0.030
лейтенантша	0.030
лейтмелодия	0.030
лекальщица	0.030
лекариха	0.030
лекаришка	0.030
лекарствоведение	0.030
лекарша	0.030
лексема	0.030
лексикограф	0.030
лексикография	0.030
лексиколог	0.030
лексикология	0.030
лексикончик	0.030
лекториум	0.030
лекторство	0.030
лекторша	0.030
лектриса	0.030
лектура	0.030
лелеяние	0.030
лелеятель	0.030
лемеш	0.030
лендлордство	0.030
ленивость	0.030
лениниана	0.030
ленник	0.030
лентопрокатчик	0.030
лентотека	0.030
ленточник	0.030
ленточница	0.030
лентяйничание	0.030
лентяйство	0.030
лепетание	0.030
лепетун	0.030
лепетунья	0.030
лепидодендрон	0.030
лепильщик	0.030
лепление	0.030
лепролог	0.030
лепщик	0.030
лепщица	0.030
лепёха	0.030
лепёшечка	0.030
лепёшечник	0.030
лесинка	0.030
лесистость	0.030
лесишко	0.030
лесище	0.030
лесничиха	0.030
лесоакадемия	0.030
лесобаза	0.030
лесование	0.030
лесоведение	0.030
лесовина	0.030
лесовладелец	0.030
лесоводство	0.030
лесовозобновление	0.030
лесовой	0.030
лесовосстановление	0.030
лесовщик	0.030
лесовывозка	0.030
лесовыращивание	0.030
лесогон	0.030
лесоделянка	0.030
лесозаготовитель	0.030
лесозаготовщик	0.030
лесозащита	0.030
лесоистребление	0.030
лесокомбинат	0.030
лесокультура	0.030
лесомелиоратор	0.030
лесомелиорация	0.030
лесонасаждение	0.030
лесоохрана	0.030
лесоочистка	0.030
лесоперевалка	0.030
лесопиление	0.030
лесопильщик	0.030
лесопитомник	0.030
лесоповальщик	0.030
лесопогрузка	0.030
лесопогрузчик	0.030
лесопользование	0.030
лесопорубка	0.030
лесопосев	0.030
лесопромышленник	0.030
лесопромышленность	0.030
лесопункт	0.030
лесоразведение	0.030
лесоразработка	0.030
лесорубщик	0.030
лесосклад	0.030
лесоснабженец	0.030
лесосплав	0.030
лесоспуск	0.030
лесостепь	0.030
лесотаска	0.030
лесотехник	0.030
лесотехникум	0.030
лесоторговец	0.030
лесоторговля	0.030
лесотундра	0.030
лесоукладчик	0.030
лесоустроитель	0.030
лесоустройство	0.030
лесоучасток	0.030
лесохимик	0.030
лесохимия	0.030
лесоэксплуатация	0.030
лесоэкспорт	0.030
леспедеца	0.030
лессирование	0.030
лессировка	0.030
лестность	0.030
лестовка	0.030
лесхоз	0.030
летальность	0.030
летание	0.030
летнаб	0.030
летник	0.030
летовка	0.030
летописание	0.030
летосчисление	0.030
летучесть	0.030
лецитин	0.030
лечебник	0.030
лешачина	0.030
лешовка	0.030
лещадь	0.030
лещик	0.030
лещотка	0.030
лжа	0.030
лжеискусство	0.030
лжеклассицизм	0.030
лжеприсяга	0.030
лжепророчество	0.030
лжесвидетельница	0.030
лжетеория	0.030
лжетолкование	0.030
лжеучение	0.030
лжеучитель	0.030
либеральничание	0.030
либеральничество	0.030
либеральность	0.030
либерийка	0.030
либреттист	0.030
либреттистка	0.030
ливенка	0.030
ливнеотвод	0.030
ливнеспуск	0.030
ливнесток	0.030
ливонец	0.030
лигнин	0.030
лигнит	0.030
лигроин	0.030
лидирование	0.030
лизис	0.030
лизоблюдник	0.030
лизоблюдница	0.030
лизоблюдничание	0.030
лизосома	0.030
лизунец	0.030
ликвидаторство	0.030
ликвидирование	0.030
ликоподий	0.030
ликтрос	0.030
ликёрец	0.030
лилея	0.030
лиловатость	0.030
лиловость	0.030
лимитация	0.030
лимитирование	0.030
лимитчик	0.030
лимитчица	0.030
лимнолог	0.030
лимнология	0.030
лимонадчик	0.030
лимонарий	0.030
лимонница	0.030
лимоновка	0.030
лимфаденит	0.030
лимфатик	0.030
лингвистка	0.030
линейщик	0.030
линеметатель	0.030
линемёт	0.030
линийка	0.030
линкос	0.030
линкруст	0.030
лино	0.030
линобатист	0.030
линовальщик	0.030
линование	0.030
линовка	0.030
линовщик	0.030
линогравюра	0.030
линолеумщик	0.030
линометатель	0.030
линотипист	0.030
линотипистка	0.030
линотипия	0.030
линотрон	0.030
линючесть	0.030
линяние	0.030
липец	0.030
липкость	0.030
липник	0.030
липняк	0.030
липовец	0.030
липси	0.030
липучесть	0.030
лиричность	0.030
лирник	0.030
лисовин	0.030
лисогон	0.030
лисонька	0.030
лисоферма	0.030
лисохвост	0.030
листаж	0.030
лиственит	0.030
лиственничник	0.030
листвень	0.030
листвие	0.030
листвяг	0.030
листвяк	0.030
листоблошка	0.030
листобой	0.030
листовуха	0.030
листовёртка	0.030
листодёр	0.030
листонос	0.030
листопадник	0.030
листопрокатка	0.030
листопрокатчик	0.030
листорез	0.030
листье	0.030
лисятник	0.030
литаврист	0.030
литаврщик	0.030
литвин	0.030
литвинка	0.030
литгруппа	0.030
литейка	0.030
литейщица	0.030
литераторство	0.030
литературка	0.030
литературщик	0.030
литературщина	0.030
литерник	0.030
литка	0.030
литмонтаж	0.030
литник	0.030
литограф	0.030
литографирование	0.030
литографщик	0.030
литология	0.030
литораль	0.030
литорея	0.030
литосфера	0.030
литраж	0.030
литровка	0.030
литровочка	0.030
литсотрудник	0.030
литфак	0.030
литфонд	0.030
литчасть	0.030
лифтоподъёмник	0.030
лиходейка	0.030
лиходейство	0.030
лихоимец	0.030
лихоимство	0.030
лихолетье	0.030
лихоманка	0.030
лихорадочность	0.030
лихота	0.030
лихтеровоз	0.030
лицевание	0.030
лицедейка	0.030
лицеистик	0.030
лицемерность	0.030
лицемерство	0.030
лицеприязнь	0.030
лицеприятие	0.030
лицовка	0.030
лобанчик	0.030
лобастик	0.030
лоббизм	0.030
лоббистка	0.030
лобогрейщик	0.030
лоботряска	0.030
ловитор	0.030
ловкачество	0.030
ловчак	0.030
логарифмирование	0.030
логгер	0.030
логовина	0.030
логовинка	0.030
логогриф	0.030
логопат	0.030
логопатия	0.030
логопедия	0.030
лоделаванд	0.030
лодочница	0.030
лодыга	0.030
лодырничание	0.030
лодырничество	0.030
ложбиночка	0.030
ложемент	0.030
ложечник	0.030
ложкарь	0.030
ложкомойка	0.030
ложница	0.030
ложноклассицизм	0.030
ложноножка	0.030
ложность	0.030
лозина	0.030
лозинка	0.030
лозник	0.030
лознячок	0.030
лозоплетение	0.030
локальность	0.030
локаторщик	0.030
локаутчик	0.030
локомотивщик	0.030
локончик	0.030
локотник	0.030
локоточек	0.030
ломака	0.030
ломбер	0.030
ломкость	0.030
ломотца	0.030
лонгет	0.030
лонгетка	0.030
лонгшез	0.030
лонжерон	0.030
лонлакей	0.030
лончак	0.030
лопание	0.030
лопарка	0.030
лопатище	0.030
лопатник	0.030
лопатонос	0.030
лопаточник	0.030
лопотание	0.030
лопотня	0.030
лопотун	0.030
лопотунья	0.030
лопотуха	0.030
лопоухость	0.030
лопушник	0.030
лопушняк	0.030
лордоз	0.030
лордство	0.030
лоретка	0.030
лорнетка	0.030
лорнирование	0.030
лосеферма	0.030
лоскутик	0.030
лоскутник	0.030
лоскутница	0.030
лоскутность	0.030
лоскуточек	0.030
лоскутье	0.030
лоснистость	0.030
лососка	0.030
лосятина	0.030
лосятник	0.030
лотерейщик	0.030
лотлинь	0.030
лотовой	0.030
лотоха	0.030
лоточек	0.030
лотошник	0.030
лотошница	0.030
лохматость	0.030
лохмотник	0.030
лохмотница	0.030
лохмоток	0.030
лохмотье	0.030
лоховина	0.030
лоцманство	0.030
лошадница	0.030
лошадность	0.030
лошадушка	0.030
лошачиха	0.030
лошачок	0.030
лошонок	0.030
лощение	0.030
лощилка	0.030
лощило	0.030
лощильня	0.030
лощильщик	0.030
лощильщица	0.030
лубочник	0.030
луговедение	0.030
луговинка	0.030
луговка	0.030
луговод	0.030
луговодство	0.030
лугомелиоратор	0.030
лугомелиорация	0.030
лугорез	0.030
лужение	0.030
лужина	0.030
лужичанин	0.030
лужичанка	0.030
лужища	0.030
лузга	0.030
лузгание	0.030
лукавец	0.030
лукавица	0.030
лукавость	0.030
луковина	0.030
луковочка	0.030
лукошечко	0.030
лунища	0.030
лункование	0.030
лункокопатель	0.030
лунник	0.030
лунность	0.030
лунопроходец	0.030
лунотрясение	0.030
луночка	0.030
лупка	0.030
лупление	0.030
луфарь	0.030
лучезарность	0.030
лучеиспускание	0.030
лучение	0.030
лучепреломление	0.030
лучиночка	0.030
лучинушка	0.030
лучистость	0.030
лучишко	0.030
лучница	0.030
лущение	0.030
лущильник	0.030
лущильщик	0.030
лущёвка	0.030
лыжероллер	0.030
лыкодёр	0.030
лысатик	0.030
лысун	0.030
лысёна	0.030
лытка	0.030
львятник	0.030
льготник	0.030
льготница	0.030
льготность	0.030
льдистость	0.030
льдогенератор	0.030
льдодробилка	0.030
льдообразование	0.030
льновод	0.030
льноводка	0.030
льноводство	0.030
льноводчество	0.030
льноволокно	0.030
льнозавод	0.030
льнокомбайн	0.030
льнокомбинат	0.030
льномялка	0.030
льноочиститель	0.030
льнопрядение	0.030
льнопрядильня	0.030
льнопрядильщик	0.030
льнопрядильщица	0.030
льносемя	0.030
льносолома	0.030
льносушилка	0.030
льносырьё	0.030
льнотеребилка	0.030
льнотрепалка	0.030
льнотреста	0.030
льнотёрка	0.030
льночесалка	0.030
льнянка	0.030
льстивость	0.030
льяло	0.030
льяносы	0.030
льячка	0.030
любезник	0.030
любезничание	0.030
любисток	0.030
любительщина	0.030
любовность	0.030
любознание	0.030
любомудр	0.030
любомудрие	0.030
любоначалие	0.030
любослов	0.030
любострастие	0.030
любостяжание	0.030
любостяжатель	0.030
любостяжательница	0.030
любота	0.030
любочестие	0.030
людкость	0.030
людность	0.030
люизит	0.030
люкарна	0.030
люксметр	0.030
люлечка	0.030
люминофор	0.030
люнель	0.030
люнет	0.030
люнетта	0.030
люпозорий	0.030
люрекс	0.030
люрик	0.030
люстрация	0.030
люстрин	0.030
лютеранство	0.030
лютнист	0.030
лютование	0.030
лютость	0.030
люффа	0.030
лючина	0.030
лючок	0.030
люэс	0.030
лявониха	0.030
лягание	0.030
лягва	0.030
лягушатина	0.030
лядвея	0.030
лядина	0.030
лядинка	0.030
лядунка	0.030
лямочник	0.030
ляпис	0.030
лярд	0.030
ляскание	0.030
ляссе	0.030
ляшка	0.030
лёгость	0.030
лёгочник	0.030
лёгочница	0.030
лёжкость	0.030
ма	0.030
мавританец	0.030
мавританка	0.030
магазинка	0.030
магазинщик	0.030
магазинщица	0.030
магизм	0.030
магик	0.030
магистерство	0.030
магистранство	0.030
магистрант	0.030
магичность	0.030
магматизм	0.030
магнатка	0.030
магнатство	0.030
магнетизация	0.030
магнетизирование	0.030
магнетизёр	0.030
магнетизёрство	0.030
магнетон	0.030
магнитность	0.030
магнитограмма	0.030
магнитограф	0.030
магнитолог	0.030
магнитология	0.030
магнитотерапия	0.030
магнитчик	0.030
магничение	0.030
магометанец	0.030
магометанка	0.030
магометанство	0.030
мадаполам	0.030
мадерка	0.030
мадерца	0.030
мадригалист	0.030
мадьярка	0.030
маета	0.030
маетность	0.030
мажара	0.030
мажорность	0.030
мазальщик	0.030
мазальщица	0.030
мазание	0.030
маздеизм	0.030
мазильщик	0.030
мазильщица	0.030
мазница	0.030
мазочек	0.030
мазурист	0.030
мазуристка	0.030
мазурничество	0.030
мазурщик	0.030
мазчик	0.030
майданщик	0.030
майник	0.030
майолика	0.030
майоратство	0.030
майордом	0.030
майорство	0.030
майорша	0.030
макальщик	0.030
макальщица	0.030
маканец	0.030
маканка	0.030
макаронизм	0.030
макаронщик	0.030
макаронщица	0.030
маквис	0.030
македонка	0.030
македонянин	0.030
македонянка	0.030
макетирование	0.030
макетчик	0.030
макетчица	0.030
макиавеллизм	0.030
макиавеллист	0.030
макитра	0.030
маккия	0.030
маклачение	0.030
маклачество	0.030
маклачка	0.030
маклерство	0.030
маклок	0.030
маковина	0.030
маковица	0.030
маковник	0.030
маковуха	0.030
макогон	0.030
макотра	0.030
макраме	0.030
макрокинетика	0.030
макроклимат	0.030
макрокосм	0.030
макрокосмос	0.030
макромир	0.030
макропод	0.030
макрорайон	0.030
макрорельеф	0.030
макроструктура	0.030
макрофотография	0.030
макрофотосъёмка	0.030
макроцефал	0.030
макроцефалия	0.030
макрурус	0.030
максималист	0.030
максималистка	0.030
максимальность	0.030
максимилизация	0.030
макуха	0.030
макуша	0.030
малагасиец	0.030
малагасийка	0.030
малайзиец	0.030
малайзийка	0.030
малахитчик	0.030
малевание	0.030
малиновость	0.030
маловажность	0.030
маловерие	0.030
маловерка	0.030
маловероятность	0.030
маловесность	0.030
маловодность	0.030
маловодье	0.030
маловыгодность	0.030
маловыразительность	0.030
малогабаритность	0.030
малограмотность	0.030
малодойка	0.030
малодоступность	0.030
малодоходность	0.030
малодушество	0.030
малозаметность	0.030
малоземелье	0.030
малоземельность	0.030
малозначимость	0.030
малозначительность	0.030
малоизвестность	0.030
малоизученность	0.030
малокалиберка	0.030
малокалорийность	0.030
малолесье	0.030
малолетник	0.030
малолюдность	0.030
малолюдство	0.030
малолюдье	0.030
маломерка	0.030
маломерок	0.030
маломощность	0.030
малонаселённость	0.030
малооблачность	0.030
малоопытность	0.030
малопитательность	0.030
малоплодие	0.030
малоплодность	0.030
малоподвижность	0.030
малоприбыльность	0.030
малопродуктивность	0.030
малопулька	0.030
малоразговорчивость	0.030
малоречивость	0.030
малоросс	0.030
малороссиянин	0.030
малороссиянка	0.030
малоросска	0.030
малорус	0.030
малоруска	0.030
малосемейность	0.030
малословие	0.030
малоснежность	0.030
малоснежье	0.030
малосостоятельность	0.030
малотиражность	0.030
малоудойность	0.030
малоумие	0.030
малоупотребительность	0.030
малоурожайность	0.030
малоуспешность	0.030
малоформист	0.030
малоценность	0.030
малочисленность	0.030
малоэффективность	0.030
мальвазия	0.030
мальпост	0.030
мальство	0.030
мальтийка	0.030
мальтоза	0.030
мальтузианец	0.030
мальтузианство	0.030
мальчишня	0.030
мальчоночек	0.030
мальчуга	0.030
мальчугашка	0.030
мальё	0.030
малюточка	0.030
малявочка	0.030
малярик	0.030
маляриолог	0.030
мамашенька	0.030
мамзелька	0.030
мамлюк	0.030
мамонтиха	0.030
мамонька	0.030
мамура	0.030
манатья	0.030
мангалка	0.030
манганин	0.030
манганит	0.030
мангль	0.030
мангостан	0.030
мандант	0.030
мандаринник	0.030
мандатарий	0.030
мандола	0.030
мандолинист	0.030
мандолинистка	0.030
мандрил	0.030
манекенша	0.030
манерка	0.030
манерничание	0.030
манизм	0.030
манилла	0.030
маниловщина	0.030
манипуляторщик	0.030
манифестантка	0.030
манкирование	0.030
манкировка	0.030
манник	0.030
мансиец	0.030
мансийка	0.030
мантель	0.030
мантилька	0.030
манул	0.030
мануфактурист	0.030
мануфактурщик	0.030
манчестерец	0.030
манчестерство	0.030
маньерист	0.030
маньчжур	0.030
маньчжурка	0.030
маньячество	0.030
маоизм	0.030
маоистка	0.030
маориец	0.030
маорийка	0.030
марабут	0.030
мараловод	0.030
мараловодство	0.030
маралуха	0.030
маральник	0.030
маралёнок	0.030
марание	0.030
мараскин	0.030
маратель	0.030
марательница	0.030
марафонка	0.030
марашка	0.030
маргиналия	0.030
мареограф	0.030
марзан	0.030
мариец	0.030
маринизм	0.030
маринист	0.030
мариновка	0.030
мариновщик	0.030
мариновщица	0.030
марказит	0.030
маркграф	0.030
маркграфиня	0.030
маркграфство	0.030
маркетри	0.030
маркизет	0.030
маркирование	0.030
маркировщик	0.030
маркировщица	0.030
маркитант	0.030
маркитантка	0.030
маркитантство	0.030
маркость	0.030
марксистка	0.030
маркшейдерия	0.030
маркшейдерство	0.030
маркёрство	0.030
мармеладец	0.030
мармеладина	0.030
мармор	0.030
марморация	0.030
мародёрка	0.030
марокен	0.030
марочка	0.030
марочник	0.030
марочность	0.030
мартеновец	0.030
мартенщик	0.030
мартингал	0.030
мартинизм	0.030
мартинист	0.030
мартиролог	0.030
мартирология	0.030
маршальство	0.030
маршевик	0.030
маршевость	0.030
маршик	0.030
марширование	0.030
марьянник	0.030
маседуан	0.030
маскарон	0.030
маскирование	0.030
маскировщик	0.030
масленик	0.030
маслинка	0.030
маслишко	0.030
маслобойня	0.030
маслобойщик	0.030
маслодел	0.030
маслоделие	0.030
маслодельня	0.030
маслюк	0.030
маслянистость	0.030
маслянка	0.030
маслёнщик	0.030
масонка	0.030
массивность	0.030
массирование	0.030
массированность	0.030
массировка	0.030
массовичка	0.030
мастерище	0.030
мастеровитость	0.030
маститость	0.030
мастихин	0.030
мастоидит	0.030
масштабность	0.030
мателот	0.030
математизация	0.030
материалец	0.030
материалистичность	0.030
материаловед	0.030
материаловедение	0.030
материалоёмкость	0.030
материальность	0.030
материйка	0.030
матерщинник	0.030
матерщинница	0.030
матерьялец	0.030
матине	0.030
матирование	0.030
матировка	0.030
матица	0.030
матлот	0.030
матовость	0.030
маточник	0.030
матрадур	0.030
матрадура	0.030
матрасник	0.030
матрацник	0.030
матрикул	0.030
матрицирование	0.030
матросиха	0.030
матросня	0.030
маттиола	0.030
матуха	0.030
матчиш	0.030
матюг	0.030
матюгание	0.030
матюк	0.030
матюкание	0.030
махальщик	0.030
махан	0.030
маханина	0.030
махизм	0.030
махинаторство	0.030
махинища	0.030
махист	0.030
махновщина	0.030
маховичок	0.030
махорочка	0.030
махотка	0.030
махоточка	0.030
махровость	0.030
мацерация	0.030
мачтовка	0.030
мачтовник	0.030
машерочка	0.030
машинальность	0.030
машинерия	0.030
машинешка	0.030
машинизация	0.030
машинизирование	0.030
машинность	0.030
машиновед	0.030
машиноведение	0.030
машиновладелец	0.030
машиностроитель	0.030
маштак	0.030
маштачок	0.030
маяние	0.030
маячник	0.030
мглистость	0.030
мгновенность	0.030
меандр	0.030
мебелишка	0.030
мебельщица	0.030
меблировщик	0.030
мегалит	0.030
мегаспора	0.030
мегрел	0.030
мегрелка	0.030
медальер	0.030
медальончик	0.030
медальщик	0.030
медведик	0.030
медведина	0.030
медведиха	0.030
медведище	0.030
медведушка	0.030
медведюшка	0.030
медвежатинка	0.030
медвежеватость	0.030
медвежина	0.030
медвежковатость	0.030
медвежоночек	0.030
медвуз	0.030
медеплавильщик	0.030
медиеваль	0.030
медиевист	0.030
медиевистика	0.030
медиевистка	0.030
медиумизм	0.030
медление	0.030
медленность	0.030
медлитель	0.030
меднение	0.030
меднолитейщик	0.030
медноплавильщик	0.030
медоварение	0.030
медоварка	0.030
медоварня	0.030
медовик	0.030
медогон	0.030
медогонка	0.030
медоносность	0.030
медосбор	0.030
медосос	0.030
медоточивость	0.030
медяница	0.030
межбровье	0.030
междоузлие	0.030
междоумок	0.030
междувластие	0.030
междугорье	0.030
международник	0.030
междуначалие	0.030
междупарье	0.030
междупутье	0.030
междуречье	0.030
междурядье	0.030
междуцарствие	0.030
межевание	0.030
межевик	0.030
межевщик	0.030
межень	0.030
межеумок	0.030
межеумье	0.030
межклетник	0.030
межклеточник	0.030
межник	0.030
межплодник	0.030
межусобица	0.030
межёвка	0.030
мезальянс	0.030
мезга	0.030
мездра	0.030
мездрение	0.030
мезентерий	0.030
мезенхима	0.030
мезоглея	0.030
мезодерма	0.030
мезонинчик	0.030
мезотрон	0.030
мекание	0.030
меламед	0.030
меланж	0.030
меланхоличка	0.030
меланхоличность	0.030
мелево	0.030
меледа	0.030
меленка	0.030
мелинит	0.030
мелиоратор	0.030
мелитоза	0.030
мелкобуржуазность	0.030
мелководность	0.030
мелкодушие	0.030
мелкозернистость	0.030
мелкозубка	0.030
мелкозём	0.030
мелкокалиберка	0.030
мелколепестник	0.030
мелкоплодность	0.030
мелкосерийность	0.030
мелкосопочник	0.030
мелкость	0.030
мелкотемье	0.030
мелкотравье	0.030
мелодекламатор	0.030
мелодекламация	0.030
мелодийка	0.030
мелодика	0.030
мелодист	0.030
мелодраматизм	0.030
меломания	0.030
меломанка	0.030
мелос	0.030
мелочник	0.030
мельничиха	0.030
мельничка	0.030
мельтешня	0.030
мемекание	0.030
мемория	0.030
мемуарист	0.030
мемуаристка	0.030
менделизм	0.030
менделист	0.030
мензула	0.030
мензура	0.030
меновщик	0.030
менонитка	0.030
ментик	0.030
меньшак	0.030
меньшевизм	0.030
меньшевичка	0.030
меняльщик	0.030
мергель	0.030
мережка	0.030
мерехлюндия	0.030
мерзлотность	0.030
мерзлотовед	0.030
мерзлотоведение	0.030
мерзлячка	0.030
мерильщик	0.030
мерильщица	0.030
меринос	0.030
меристема	0.030
меритель	0.030
меркантилизм	0.030
меркантилист	0.030
мерклость	0.030
мерланг	0.030
мерлушка	0.030
мерность	0.030
мерочка	0.030
мерсеризация	0.030
мертвенность	0.030
мертвоед	0.030
мертворождённость	0.030
мертвятина	0.030
мерщик	0.030
мерёжа	0.030
месилка	0.030
месильщик	0.030
месильщица	0.030
месмеризм	0.030
мессианизм	0.030
мессианство	0.030
местишко	0.030
местничество	0.030
местоблюститель	0.030
местообитание	0.030
месяцеслов	0.030
месяцок	0.030
месячина	0.030
метагалактика	0.030
металлизация	0.030
металличность	0.030
металловед	0.030
металловедение	0.030
металлограф	0.030
металлография	0.030
металлоид	0.030
металлообработка	0.030
металлопласт	0.030
металлопромышленность	0.030
металлоёмкость	0.030
метальщик	0.030
метальщица	0.030
метамерия	0.030
метаморфизация	0.030
метаморфизм	0.030
метастазирование	0.030
метатеза	0.030
метательница	0.030
метафизичность	0.030
метафоричность	0.030
метафраза	0.030
метацентр	0.030
метельщица	0.030
метение	0.030
метеорограф	0.030
метизация	0.030
метилен	0.030
метинка	0.030
метисация	0.030
метлика	0.030
метлица	0.030
методкабинет	0.030
методолог	0.030
метол	0.030
метонимичность	0.030
метонимия	0.030
меточка	0.030
метранпаж	0.030
метреска	0.030
метресса	0.030
метрит	0.030
метровка	0.030
метролог	0.030
метрология	0.030
метроман	0.030
метромания	0.030
метростроевка	0.030
метчик	0.030
механист	0.030
механистичность	0.030
механицизм	0.030
механицист	0.030
механичность	0.030
механотерапия	0.030
мехлюдия	0.030
меховщица	0.030
мехоед	0.030
мехоноша	0.030
меценатка	0.030
мечение	0.030
мешальщик	0.030
мешальщица	0.030
мешание	0.030
мешанинка	0.030
мешкание	0.030
мешковатость	0.030
мешкота	0.030
мешкотность	0.030
мешочница	0.030
мешочничество	0.030
мещаночка	0.030
мещера	0.030
мещеряк	0.030
мещерячка	0.030
мздоимец	0.030
мздоимство	0.030
миальгия	0.030
мигач	0.030
мизантропка	0.030
мизерность	0.030
микитки	0.030
миколог	0.030
микология	0.030
микориза	0.030
микровесы	0.030
микрогэс	0.030
микрокалькулятор	0.030
микрококк	0.030
микрокосмос	0.030
микролитражка	0.030
микромер	0.030
микрометрия	0.030
микроминиатюризация	0.030
микропорка	0.030
микрорельеф	0.030
микроскопирование	0.030
микроскопичность	0.030
микроструктура	0.030
микротом	0.030
микрофауна	0.030
микрофильмирование	0.030
микрофлора	0.030
микрофотография	0.030
микрофотосъёмка	0.030
микрохимия	0.030
микроцефал	0.030
микроцефалия	0.030
микроэлектроника	0.030
микст	0.030
микстурка	0.030
милачок	0.030
милитаризация	0.030
миллиамперметр	0.030
милливольтметр	0.030
миллимикрон	0.030
миллионерка	0.030
миллионщик	0.030
миллионщица	0.030
милование	0.030
милостивец	0.030
милостивица	0.030
милостынька	0.030
мильеранизм	0.030
мильт	0.030
милёнок	0.030
миманс	0.030
мимист	0.030
мимистка	0.030
мингрел	0.030
мингрелец	0.030
мингрелка	0.030
миндалик	0.030
миндальник	0.030
миндальничание	0.030
миндальность	0.030
минерализатор	0.030
минерализация	0.030
минералог	0.030
миниатюрист	0.030
миниатюристка	0.030
миниатюрность	0.030
минималист	0.030
минималистка	0.030
минимальность	0.030
миниметр	0.030
министерша	0.030
миннезанг	0.030
миннезингер	0.030
миноноска	0.030
минорка	0.030
минорность	0.030
минреп	0.030
минускул	0.030
миограф	0.030
миозит	0.030
миокардий	0.030
миолог	0.030
миология	0.030
миопия	0.030
миоцен	0.030
мирандоль	0.030
мирволение	0.030
мирение	0.030
мирика	0.030
миритель	0.030
мирительница	0.030
мирность	0.030
мироедство	0.030
миролюбец	0.030
миролюбивость	0.030
мироносица	0.030
миропознание	0.030
миропомазанник	0.030
миропомазанница	0.030
миропонимание	0.030
миросозерцание	0.030
миротворица	0.030
миротворство	0.030
мирянка	0.030
миса	0.030
мистагог	0.030
мистагогия	0.030
мистификатор	0.030
мистифицирование	0.030
мистичка	0.030
мистичность	0.030
мисюрка	0.030
митенка	0.030
митингование	0.030
митинговщина	0.030
миткаль	0.030
митраизм	0.030
митральеза	0.030
митрополия	0.030
миттель	0.030
миттельшпиль	0.030
мифичность	0.030
мифолог	0.030
мифотворчество	0.030
михрютка	0.030
мицелий	0.030
мицелла	0.030
мичманство	0.030
мишарь	0.030
мишурность	0.030
младогегельянец	0.030
младогегельянство	0.030
младограмматизм	0.030
младограмматик	0.030
младость	0.030
млат	0.030
мление	0.030
млечник	0.030
мнемоник	0.030
мнемоника	0.030
мнемотехника	0.030
мненьице	0.030
мнимость	0.030
мних	0.030
многобожие	0.030
многоборец	0.030
многоборка	0.030
многоборье	0.030
многобрачие	0.030
многовластие	0.030
многоводность	0.030
многоводье	0.030
многоглаголание	0.030
многогласие	0.030
многоголосие	0.030
многоголосность	0.030
многодетность	0.030
многодомность	0.030
многоземелье	0.030
многоземельность	0.030
многознайка	0.030
многознайство	0.030
многознаменательность	0.030
многозначность	0.030
многозуб	0.030
многокрасочность	0.030
многократность	0.030
многолемешник	0.030
многолесье	0.030
многолетник	0.030
многоликость	0.030
многолюдность	0.030
многолюдство	0.030
многомужество	0.030
многомужие	0.030
многонаселённость	0.030
многонациональность	0.030
многоначалие	0.030
многообразность	0.030
многоопытность	0.030
многопартийность	0.030
многоплановость	0.030
многоплодие	0.030
многоплодность	0.030
многополье	0.030
многопредметность	0.030
многопрограммность	0.030
многоречивость	0.030
многосемейность	0.030
многослов	0.030
многословность	0.030
многосложность	0.030
многосменность	0.030
многоснежность	0.030
многоснежье	0.030
многостаночница	0.030
многостепенность	0.030
многосторонность	0.030
многотиражность	0.030
многотомность	0.030
многоустка	0.030
многофигурность	0.030
многоцветница	0.030
многоценность	0.030
многочисленность	0.030
множимое	0.030
мобилизм	0.030
мобилизованность	0.030
могар	0.030
могиканка	0.030
могота	0.030
могутность	0.030
могучесть	0.030
могущественность	0.030
моделизм	0.030
моделировка	0.030
моделистка	0.030
модельерша	0.030
модельщик	0.030
модельщица	0.030
модернизатор	0.030
модернизирование	0.030
модернизование	0.030
модернистка	0.030
модий	0.030
модильон	0.030
модисточка	0.030
модифицирование	0.030
модничание	0.030
модность	0.030
модулирование	0.030
модульон	0.030
можжевелина	0.030
можжевеловка	0.030
можжевель	0.030
можжуха	0.030
мозаист	0.030
мозаичист	0.030
мозаичник	0.030
мозаичность	0.030
мозгля	0.030
мозельвейн	0.030
мозолистость	0.030
мойва	0.030
мойщица	0.030
мокой	0.030
мокрец	0.030
мокричник	0.030
мокропогодица	0.030
мокроступ	0.030
мокрядь	0.030
мокша	0.030
мокшанин	0.030
мокшанка	0.030
молдаванин	0.030
молдовеняска	0.030
молебствие	0.030
молебщик	0.030
молебщица	0.030
молевщик	0.030
молельщик	0.030
молельщица	0.030
моленная	0.030
молескин	0.030
молибденит	0.030
молитвенница	0.030
молитвослов	0.030
молитвословие	0.030
молитель	0.030
молитовка	0.030
молниеносность	0.030
молодайка	0.030
молодечество	0.030
молодило	0.030
молодица	0.030
молодцеватость	0.030
молодяжник	0.030
молодятник	0.030
моложавость	0.030
молозиво	0.030
молокан	0.030
молоканка	0.030
молоканство	0.030
молокомер	0.030
молокопоставка	0.030
молонья	0.030
молотильня	0.030
молотильщик	0.030
молотильщица	0.030
молотовище	0.030
молочайник	0.030
молочение	0.030
молочишко	0.030
молочность	0.030
молчалин	0.030
молчалинство	0.030
молчальник	0.030
молчальница	0.030
молчальничество	0.030
мольбище	0.030
мольва	0.030
молян	0.030
молярность	0.030
моментальность	0.030
монадология	0.030
монархизм	0.030
монархиня	0.030
монархистка	0.030
монастырка	0.030
монастырёк	0.030
монацит	0.030
монашена	0.030
монголист	0.030
монголистика	0.030
монголистка	0.030
монголовед	0.030
монголоведение	0.030
мондиализм	0.030
мондиалист	0.030
мондиалистка	0.030
монетаризм	0.030
монетарист	0.030
монетаристка	0.030
монетчик	0.030
монизм	0.030
монимаска	0.030
монист	0.030
монистичность	0.030
моноволокно	0.030
монокристалл	0.030
монокультура	0.030
монолитность	0.030
мономан	0.030
мономания	0.030
мономанка	0.030
монометаллизм	0.030
моноплан	0.030
монополизация	0.030
монополизирование	0.030
монополизм	0.030
монополистка	0.030
монополька	0.030
монопольность	0.030
монотеизм	0.030
монотеист	0.030
монотип	0.030
монотипист	0.030
монотипистка	0.030
монотипия	0.030
монотония	0.030
монофтонг	0.030
монофтонгизация	0.030
монохорд	0.030
монохром	0.030
монохромия	0.030
моноцит	0.030
монстера	0.030
монструозность	0.030
монтажист	0.030
монтажистка	0.030
монтажница	0.030
монтаньяр	0.030
монтирование	0.030
монтировщик	0.030
монтировщица	0.030
монументалист	0.030
монументальность	0.030
монументщик	0.030
моншер	0.030
мопсик	0.030
морализация	0.030
морализирование	0.030
морализм	0.030
моралите	0.030
моргалик	0.030
моргалка	0.030
морганизм	0.030
моргунья	0.030
мордаха	0.030
мордаш	0.030
мордва	0.030
мордвин	0.030
мордвинка	0.030
мордобитие	0.030
мордобойство	0.030
мордовец	0.030
мордовка	0.030
морение	0.030
моретрясение	0.030
мореходец	0.030
мореходность	0.030
моржонок	0.030
морзист	0.030
морильщик	0.030
морковник	0.030
мормонизм	0.030
мормонство	0.030
морожение	0.030
мороженник	0.030
морозик	0.030
морозище	0.030
морозность	0.030
морозобоина	0.030
морозостойкость	0.030
морозоупорность	0.030
морозоустойчивость	0.030
морочение	0.030
морфей	0.030
морфема	0.030
морфинизм	0.030
морфинистка	0.030
морфолог	0.030
морфонология	0.030
морцо	0.030
морщинистость	0.030
морюшко	0.030
моряна	0.030
морянка	0.030
москатель	0.030
москательщик	0.030
москвитянин	0.030
москвитянка	0.030
москитка	0.030
московит	0.030
московочка	0.030
мослак	0.030
мослачок	0.030
мосолок	0.030
мостильщик	0.030
мостишко	0.030
мостище	0.030
мостовик	0.030
мостовина	0.030
мостовник	0.030
мостовщик	0.030
мостовьё	0.030
мостолыга	0.030
мостолыжка	0.030
мостоотряд	0.030
мостопоезд	0.030
мостостроение	0.030
мостостроитель	0.030
мосточек	0.030
мотальня	0.030
мотальщик	0.030
мотальщица	0.030
мотание	0.030
мотет	0.030
мотивированность	0.030
мотивировка	0.030
мотишка	0.030
мотоболист	0.030
мотовелосипед	0.030
мотовило	0.030
мотовильце	0.030
мотовильщик	0.030
мотовильщица	0.030
мотовка	0.030
мотовоз	0.030
мотогонщица	0.030
мотодрезина	0.030
мотодром	0.030
мотоколонна	0.030
мотолодка	0.030
мотоотсек	0.030
мотопатруль	0.030
мотопехота	0.030
мотопехотинец	0.030
мотопробег	0.030
моторалли	0.030
моторесурс	0.030
моторизация	0.030
мотористка	0.030
моторность	0.030
моторостроение	0.030
моторщик	0.030
мотоциклетка	0.030
мотоциклистка	0.030
моточасть	0.030
моточек	0.030
мотто	0.030
мотыжение	0.030
мотылёчек	0.030
мохна	0.030
мохнатость	0.030
мохнач	0.030
мохны	0.030
моховик	0.030
моховина	0.030
мочага	0.030
мочажина	0.030
мочевыделение	0.030
мочеизнурение	0.030
мочеистощение	0.030
мочение	0.030
моченька	0.030
мочеотделение	0.030
мочушка	0.030
мошенство	0.030
мошник	0.030
мошница	0.030
мощение	0.030
моёвка	0.030
мракобеска	0.030
мраморирование	0.030
мраморировка	0.030
мраморист	0.030
мраморность	0.030
мраморщик	0.030
мрачноватость	0.030
мудрование	0.030
мудрствование	0.030
мудрёность	0.030
мужание	0.030
мужелюбие	0.030
мужененавистничество	0.030
мужеубийство	0.030
мужеубийца	0.030
мужиковатость	0.030
мужичество	0.030
мужичина	0.030
мужичишка	0.030
мужичище	0.030
мужичонко	0.030
мужичьё	0.030
мужчинище	0.030
музга	0.030
музеевед	0.030
музееведение	0.030
музеум	0.030
музикус	0.030
музицирование	0.030
музыкантик	0.030
музыковед	0.030
музыковедение	0.030
музыкознание	0.030
муковоз	0.030
мукоед	0.030
мукомол	0.030
мукомолье	0.030
мукомольня	0.030
мукосей	0.030
муксун	0.030
мулиха	0.030
мулица	0.030
муллит	0.030
мульда	0.030
мульчирование	0.030
муляжист	0.030
мумиё	0.030
мундиришко	0.030
мундшенк	0.030
мундштучок	0.030
муниципал	0.030
муниципализация	0.030
муниципий	0.030
муниципия	0.030
муравель	0.030
муравельник	0.030
муравление	0.030
муравушка	0.030
муравьище	0.030
муравьятник	0.030
мурин	0.030
мурлыкание	0.030
мурмолка	0.030
мурцовка	0.030
мурчание	0.030
мурья	0.030
мускатель	0.030
мускатник	0.030
мусковит	0.030
мускулистость	0.030
муссирование	0.030
муссировка	0.030
муст	0.030
мутагенез	0.030
мутагенность	0.030
мутака	0.030
мутник	0.030
мутноватость	0.030
мутность	0.030
мутовка	0.030
муфель	0.030
муфельщик	0.030
муфти	0.030
муфточка	0.030
мухаммеданин	0.030
мухаммеданка	0.030
мухаммеданство	0.030
мухортик	0.030
мухояр	0.030
муцин	0.030
мучительность	0.030
мучительство	0.030
мучица	0.030
мучка	0.030
мучник	0.030
мучнистость	0.030
мушар	0.030
мушинка	0.030
мушкара	0.030
муштабель	0.030
муштрование	0.030
муштровка	0.030
мшаник	0.030
мшанка	0.030
мшистость	0.030
мыза	0.030
мызник	0.030
мык	0.030
мыкание	0.030
мыленка	0.030
мылкость	0.030
мыловар	0.030
мыловарение	0.030
мыльня	0.030
мыльнянка	0.030
мыльщик	0.030
мыльщица	0.030
мысик	0.030
мыслебоязнь	0.030
мысленность	0.030
мыслете	0.030
мыслёнка	0.030
мыт	0.030
мытник	0.030
мычка	0.030
мышелов	0.030
мышехвостник	0.030
мышкование	0.030
мышоночек	0.030
мыщелка	0.030
мыщелок	0.030
мюрид	0.030
мюридизм	0.030
мюскадель	0.030
мягкосердечие	0.030
мягкосердечность	0.030
мягкосердие	0.030
мягчение	0.030
мякинка	0.030
мякинник	0.030
мяльня	0.030
мяльщик	0.030
мянда	0.030
мясистость	0.030
мясность	0.030
мясозаготовка	0.030
мясопоставка	0.030
мясохладобойня	0.030
мятежность	0.030
мятьё	0.030
мёрзлость	0.030
набавка	0.030
набавщик	0.030
набавщица	0.030
набалованность	0.030
набальзамирование	0.030
набатчик	0.030
набегание	0.030
набедренник	0.030
набережье	0.030
набивальщик	0.030
набивальщица	0.030
набивщик	0.030
набивщица	0.030
набирание	0.030
наблюдательница	0.030
набоб	0.030
набойник	0.030
набойщик	0.030
набойщица	0.030
наборщица	0.030
набрасывание	0.030
набрызгивание	0.030
набухлость	0.030
набучивание	0.030
навага	0.030
наваливание	0.030
навалка	0.030
навалоотбойка	0.030
навалоотбойщик	0.030
навальщик	0.030
навальщица	0.030
наваривание	0.030
наварка	0.030
наващивание	0.030
навевание	0.030
навеивание	0.030
наверчивание	0.030
навесец	0.030
навесик	0.030
навеска	0.030
наветник	0.030
наветница	0.030
наветчик	0.030
наветчица	0.030
навещание	0.030
навивальщик	0.030
навивальщица	0.030
навивание	0.030
навивка	0.030
навильник	0.030
навинчивание	0.030
нависание	0.030
навислость	0.030
навись	0.030
навиток	0.030
наводняемость	0.030
навозец	0.030
навозка	0.030
навозница	0.030
навозня	0.030
навозоразбрасыватель	0.030
навозохранилище	0.030
навой	0.030
наволок	0.030
наволока	0.030
навьючивание	0.030
навязень	0.030
навязка	0.030
навяливание	0.030
навёрстывание	0.030
навёртка	0.030
навёртывание	0.030
нагаечка	0.030
нагиб	0.030
нагибание	0.030
наглаживание	0.030
наглазник	0.030
наглинка	0.030
наглядка	0.030
нагнаивание	0.030
нагнетение	0.030
нагнивание	0.030
наговорщик	0.030
наговорщица	0.030
наголовник	0.030
нагон	0.030
нагонка	0.030
нагораживание	0.030
нагорание	0.030
награбление	0.030
нагребальщик	0.030
нагребальщица	0.030
нагребание	0.030
нагревальщик	0.030
нагревальщица	0.030
нагретость	0.030
нагромождённость	0.030
нагрузчик	0.030
нагрузчица	0.030
нагрыжник	0.030
нагул	0.030
нагуливание	0.030
надаивание	0.030
надбровница	0.030
надбровье	0.030
надворье	0.030
надвязка	0.030
надвязывание	0.030
надглавие	0.030
надглавок	0.030
наделённость	0.030
надеянность	0.030
надзирание	0.030
надзирательство	0.030
надкалывание	0.030
надклассовость	0.030
надклеивание	0.030
надклейка	0.030
надклювье	0.030
надклёпка	0.030
надклёпывание	0.030
надкожица	0.030
надкол	0.030
надкопытье	0.030
надкрылье	0.030
надкрылья	0.030
надкус	0.030
надламывание	0.030
надлобье	0.030
надломленность	0.030
надмение	0.030
надолб	0.030
надолба	0.030
надомник	0.030
надомница	0.030
надорванность	0.030
надоумление	0.030
надоумливание	0.030
надпил	0.030
надпилка	0.030
надпиловка	0.030
надписание	0.030
надписка	0.030
надписывание	0.030
надрезание	0.030
надрезец	0.030
надрезывание	0.030
надруб	0.030
надрубка	0.030
надругание	0.030
надругатель	0.030
надругательница	0.030
надсада	0.030
надсечка	0.030
надсмешка	0.030
надставка	0.030
надстройщик	0.030
надсыпка	0.030
надувальщик	0.030
надувальщица	0.030
надувка	0.030
надульник	0.030
надуманность	0.030
надутость	0.030
надхвостье	0.030
надхрящница	0.030
надшивание	0.030
надшивка	0.030
наездка	0.030
наездничество	0.030
наждачник	0.030
наждачница	0.030
наждачок	0.030
наживание	0.030
наживщик	0.030
наживщица	0.030
нажиг	0.030
нажигание	0.030
нажин	0.030
нажёвывание	0.030
назализация	0.030
назатыльник	0.030
названьице	0.030
наземник	0.030
назидательность	0.030
назначаемость	0.030
назначенец	0.030
назначенка	0.030
назначенство	0.030
назначенчество	0.030
назола	0.030
назревание	0.030
назём	0.030
наибство	0.030
наивничание	0.030
наигранность	0.030
наигрывание	0.030
наигрыш	0.030
наилок	0.030
наймитка	0.030
наймичка	0.030
наймодатель	0.030
найтов	0.030
найтовка	0.030
наказуемость	0.030
наказывание	0.030
накалывание	0.030
накаляемость	0.030
накатка	0.030
накатник	0.030
накатчик	0.030
накатчица	0.030
накатывание	0.030
накашивание	0.030
наквашивание	0.030
накидочка	0.030
накидывание	0.030
накипание	0.030
накисание	0.030
накладочка	0.030
накладчик	0.030
накладчица	0.030
наклеечка	0.030
наклейщик	0.030
наклейщица	0.030
наклеска	0.030
накликание	0.030
наклёв	0.030
наклёвывание	0.030
наклёп	0.030
наклёпка	0.030
наклёпывание	0.030
наковаленка	0.030
наковка	0.030
накожник	0.030
накол	0.030
наколачивание	0.030
наколочка	0.030
накомодник	0.030
накопительница	0.030
накопыльник	0.030
накостница	0.030
накра	0.030
накрап	0.030
накрапливание	0.030
накрапывание	0.030
накрахмаливание	0.030
накрашивание	0.030
накренивание	0.030
накручивание	0.030
накрывальщик	0.030
накрывальщица	0.030
накрывание	0.030
накрытие	0.030
накуривание	0.030
накусывание	0.030
налавливание	0.030
наладчица	0.030
налаженность	0.030
налегание	0.030
налеп	0.030
наливание	0.030
наливочка	0.030
наливщик	0.030
наливщица	0.030
налипание	0.030
налиток	0.030
налобник	0.030
налогоплательщица	0.030
налогоспособность	0.030
наложничество	0.030
налой	0.030
налыгач	0.030
налёжка	0.030
налётчица	0.030
намагниченность	0.030
намагничивание	0.030
намазка	0.030
намазчик	0.030
намазчица	0.030
намазывание	0.030
намалёвывание	0.030
наманивание	0.030
намасливание	0.030
наматрацник	0.030
намачивание	0.030
намащивание	0.030
намежёвывание	0.030
намеренность	0.030
намерзание	0.030
намерзь	0.030
намеривание	0.030
наместница	0.030
наместничество	0.030
наминка	0.030
намозоливание	0.030
намокание	0.030
намол	0.030
намолачивание	0.030
намолвка	0.030
намолот	0.030
намораживание	0.030
намордничек	0.030
наморщивание	0.030
намост	0.030
намоточник	0.030
намоточница	0.030
намотчик	0.030
намотчица	0.030
намыв	0.030
намывание	0.030
намывка	0.030
намывщик	0.030
намывщица	0.030
намыливание	0.030
намётанность	0.030
намётывание	0.030
нанайка	0.030
нанашивание	0.030
нанизка	0.030
нанизм	0.030
нанизывание	0.030
нанимание	0.030
нанимательница	0.030
нанка	0.030
нансук	0.030
наоконник	0.030
нападатель	0.030
нападчик	0.030
нападчица	0.030
напаивание	0.030
напайка	0.030
напалзывание	0.030
напалывание	0.030
напаривание	0.030
напарье	0.030
напахивание	0.030
напевность	0.030
наперник	0.030
напечатание	0.030
напечатление	0.030
напилок	0.030
напилочек	0.030
напильничек	0.030
напитывание	0.030
наплавка	0.030
наплавливание	0.030
напластование	0.030
наплеск	0.030
наплывание	0.030
наплёскивание	0.030
напоение	0.030
наполеонизм	0.030
наползание	0.030
наполнительница	0.030
напоминовение	0.030
направщик	0.030
направщица	0.030
напрасность	0.030
напрашивание	0.030
напревание	0.030
напруживание	0.030
напружина	0.030
напудривание	0.030
напускание	0.030
напутствование	0.030
напутывание	0.030
напухание	0.030
напухлость	0.030
напучивание	0.030
напущение	0.030
напяливание	0.030
напёрсточек	0.030
наращение	0.030
наргиле	0.030
нардек	0.030
нарезальщик	0.030
нарезальщица	0.030
нарезчик	0.030
нарезчица	0.030
нарезывание	0.030
нарзанчик	0.030
нарицание	0.030
наркология	0.030
наркотизатор	0.030
наркотизация	0.030
наркотин	0.030
народишко	0.030
народище	0.030
народник	0.030
народница	0.030
народничество	0.030
народовед	0.030
народоведение	0.030
народовластие	0.030
народоволка	0.030
народовольство	0.030
народовольчество	0.030
народолюбец	0.030
народолюбие	0.030
народоправие	0.030
народоправство	0.030
народушка	0.030
народушко	0.030
нарочитость	0.030
нарпит	0.030
нарпитовец	0.030
нарпитовка	0.030
нарсуд	0.030
нартучивание	0.030
нарубание	0.030
нарубка	0.030
наругание	0.030
наругатель	0.030
наругательница	0.030
наругательство	0.030
нарумянивание	0.030
наручни	0.030
нарцеин	0.030
нарывание	0.030
нарывник	0.030
нарывчик	0.030
нарыск	0.030
нарядец	0.030
нарядница	0.030
нарядность	0.030
нарядчица	0.030
наряжение	0.030
насад	0.030
насадитель	0.030
насадительница	0.030
насадчик	0.030
насадчица	0.030
насаживание	0.030
насаливание	0.030
насаривание	0.030
насасывание	0.030
насверливание	0.030
наседание	0.030
наседочка	0.030
насеивание	0.030
насека	0.030
насекальщик	0.030
насекальщица	0.030
насекание	0.030
населитель	0.030
населительница	0.030
насельник	0.030
населённость	0.030
насесток	0.030
насиживание	0.030
насильничание	0.030
насильствие	0.030
насильство	0.030
насильствование	0.030
насинивание	0.030
насказ	0.030
наскакивание	0.030
наслаивание	0.030
наследодатель	0.030
наслышка	0.030
насмаливание	0.030
насмехание	0.030
насмехательство	0.030
насмешечка	0.030
насмотрщик	0.030
насмотрщица	0.030
насовывание	0.030
насосик	0.030
насосчик	0.030
насосчица	0.030
наспинник	0.030
наспиртовывание	0.030
наставитель	0.030
наставительница	0.030
наставительность	0.030
наставка	0.030
настаивание	0.030
настилание	0.030
настилка	0.030
настильность	0.030
настильщик	0.030
настильщица	0.030
настовик	0.030
настоечка	0.030
настораживание	0.030
насторожка	0.030
настоятельность	0.030
настоятельство	0.030
настрагивание	0.030
настраивание	0.030
настрачивание	0.030
настриг	0.030
настригание	0.030
настрижка	0.030
настроенность	0.030
настроеньице	0.030
настройщица	0.030
наструг	0.030
наступ	0.030
наступание	0.030
настёгивание	0.030
насупленность	0.030
насущность	0.030
насып	0.030
насыпальщик	0.030
насыпальщица	0.030
насыпание	0.030
насыпка	0.030
насыпщик	0.030
насыпщица	0.030
насыщаемость	0.030
натаивание	0.030
наталкивание	0.030
натапливание	0.030
натаска	0.030
натасчик	0.030
натачивание	0.030
натекание	0.030
нательник	0.030
нативизм	0.030
нативист	0.030
натиральщик	0.030
натиральщица	0.030
натирщик	0.030
натирщица	0.030
натравка	0.030
натравливание	0.030
натравщик	0.030
натравщица	0.030
натренированность	0.030
натрон	0.030
натруска	0.030
натурализм	0.030
натуралистичность	0.030
натуришка	0.030
натурка	0.030
натуроплата	0.030
натурфилософ	0.030
натурфилософия	0.030
натюрморист	0.030
натюрмортист	0.030
натяг	0.030
натёк	0.030
натёс	0.030
натёска	0.030
натёсывание	0.030
наугольник	0.030
наугольничек	0.030
науковидность	0.030
наукообразность	0.030
наукоподобность	0.030
наурская	0.030
наусник	0.030
науститель	0.030
наустительница	0.030
науськивание	0.030
наутофон	0.030
научение	0.030
научность	0.030
наушница	0.030
наушничание	0.030
наушничество	0.030
нафабривание	0.030
нафта	0.030
нафтен	0.030
нафтол	0.030
нахальничание	0.030
нахальность	0.030
нахваливание	0.030
нахвостник	0.030
нахлебничество	0.030
нахлёстка	0.030
нахлёстывание	0.030
нахмуренность	0.030
нахмуривание	0.030
находочка	0.030
находчик	0.030
находчица	0.030
нахолаживание	0.030
нахрап	0.030
нахрапистость	0.030
нахрапник	0.030
нацеживание	0.030
нацепка	0.030
националистичность	0.030
нацмен	0.030
нацменка	0.030
начальничество	0.030
начальственность	0.030
начальствование	0.030
начатие	0.030
начатки	0.030
начаток	0.030
начеканивание	0.030
начернение	0.030
начерчивание	0.030
начинатель	0.030
начинательница	0.030
начинение	0.030
начинивание	0.030
начиночка	0.030
начинщик	0.030
начинщица	0.030
начитывание	0.030
начёркивание	0.030
начёсывание	0.030
начётец	0.030
начётник	0.030
начётница	0.030
начётничество	0.030
начётчик	0.030
начётчица	0.030
нашейник	0.030
нашелец	0.030
нашептание	0.030
нашест	0.030
нашесть	0.030
нашивание	0.030
нашивочка	0.030
нашильник	0.030
нашлемник	0.030
нашпиговывание	0.030
наштамповывание	0.030
нашёптывание	0.030
нашёптыватель	0.030
нащупывание	0.030
наэлектризованность	0.030
наэлектризовывание	0.030
наякорник	0.030
наёмка	0.030
наёмничество	0.030
наёмщик	0.030
наёмщица	0.030
неактуальность	0.030
небезнадёжность	0.030
небезосновательность	0.030
небережливость	0.030
неблаговидность	0.030
неблаговоление	0.030
неблаговоспитанность	0.030
неблагожелательность	0.030
неблагожелательство	0.030
неблагозвучие	0.030
неблагозвучность	0.030
неблагонадёжность	0.030
неблагонамеренность	0.030
неблагообразие	0.030
неблагообразность	0.030
неблагопристойность	0.030
неблагоприятность	0.030
неблагоприятствование	0.030
неблагорасположение	0.030
неблагородство	0.030
неблагосклонность	0.030
неблагоустроенность	0.030
небоеспособность	0.030
небожительница	0.030
небокоптитель	0.030
небоскат	0.030
небушко	0.030
небывалость	0.030
невеглас	0.030
невейка	0.030
невер	0.030
невероятие	0.030
невещественность	0.030
невзгодье	0.030
невзнос	0.030
невзрачность	0.030
невзрослость	0.030
невзыскательность	0.030
невидальщина	0.030
невиноватость	0.030
невместность	0.030
невнесение	0.030
невнятица	0.030
невнятность	0.030
неводник	0.030
неводок	0.030
неводчик	0.030
неводьба	0.030
невозбудимость	0.030
невозвратимость	0.030
невозвратность	0.030
невозвращенец	0.030
невозвращенка	0.030
невозвращенчество	0.030
невозгораемость	0.030
невозделанность	0.030
невоздержание	0.030
невоздержность	0.030
невознаградимость	0.030
невольничество	0.030
неволюшка	0.030
невооружённость	0.030
невоспламеняемость	0.030
невосполнимость	0.030
невосстановимость	0.030
невразумительность	0.030
неврастеничность	0.030
неврилемма	0.030
неврит	0.030
неврон	0.030
невропат	0.030
невропатка	0.030
невропатология	0.030
невручение	0.030
невсхожесть	0.030
невыгода	0.030
невыгодность	0.030
невыдача	0.030
невыделанность	0.030
невыдержанность	0.030
невыдержка	0.030
невыносимость	0.030
невыносливость	0.030
невыполнимость	0.030
невыработанность	0.030
невыразимость	0.030
невыразительность	0.030
невысказанность	0.030
невыясненность	0.030
невязка	0.030
негармоничность	0.030
негибкость	0.030
негигиеничность	0.030
негласность	0.030
негодяйство	0.030
негостеприимность	0.030
негоциант	0.030
негоциантка	0.030
негоциация	0.030
негоция	0.030
негроид	0.030
недавность	0.030
недальнозоркость	0.030
недалёкость	0.030
недвижность	0.030
недвусмысленность	0.030
недейственность	0.030
неделание	0.030
неделикатность	0.030
неделимость	0.030
неделюшка	0.030
недеятельность	0.030
недобиток	0.030
недоброжелательница	0.030
недоброкачественность	0.030
недобропорядочность	0.030
недоброта	0.030
недоброхот	0.030
недоброхотка	0.030
недоброхотство	0.030
недоверок	0.030
недовершённость	0.030
недовес	0.030
недовесок	0.030
недовешивание	0.030
недовоз	0.030
недовыполнение	0.030
недовыпуск	0.030
недовыработка	0.030
недовыручка	0.030
недовёрстка	0.030
недогадка	0.030
недогар	0.030
недогляд	0.030
недоглядка	0.030
недоговорка	0.030
недогрев	0.030
недогруз	0.030
недогрузка	0.030
недодача	0.030
недодел	0.030
недоделанность	0.030
недодержка	0.030
недодуманность	0.030
недожим	0.030
недожин	0.030
недожог	0.030
недозволенность	0.030
недозволительность	0.030
недозревание	0.030
недозрелость	0.030
недоимочность	0.030
недоимщик	0.030
недоимщица	0.030
недоиспользование	0.030
недоказанность	0.030
недоказательность	0.030
недоказуемость	0.030
недокал	0.030
недокалка	0.030
недокалённость	0.030
недокармливание	0.030
недокомплект	0.030
недоконченность	0.030
недокорм	0.030
недокормка	0.030
недокос	0.030
недокурок	0.030
недолговременность	0.030
недолеток	0.030
недолив	0.030
недоливание	0.030
недоливка	0.030
недолов	0.030
недоля	0.030
недомер	0.030
недомеривание	0.030
недомол	0.030
недонакопление	0.030
недонаселённость	0.030
недонашивание	0.030
недоноситель	0.030
недоносительница	0.030
недоносительство	0.030
недообложение	0.030
недооценивание	0.030
недопаивание	0.030
недопахивание	0.030
недописка	0.030
недописывание	0.030
недоплата	0.030
недоплачивание	0.030
недополучение	0.030
недопотребление	0.030
недопродажа	0.030
недопроизводство	0.030
недопуск	0.030
недопёк	0.030
недоработанность	0.030
недоразвитие	0.030
недоразуменьице	0.030
недорасход	0.030
недорисованность	0.030
недород	0.030
недосаливание	0.030
недосев	0.030
недосказывание	0.030
недослышка	0.030
недоснабжение	0.030
недосол	0.030
недоставка	0.030
недостаточек	0.030
недостижимость	0.030
недостоверность	0.030
недостоинство	0.030
недостойность	0.030
недосушка	0.030
недосылка	0.030
недосыпка	0.030
недотка	0.030
недотыка	0.030
недоуздок	0.030
недоуздочек	0.030
недоуменность	0.030
недоумие	0.030
недоучёт	0.030
недохват	0.030
недохватка	0.030
недоходчивость	0.030
недружелюбие	0.030
недружество	0.030
недугующая	0.030
недугующий	0.030
недужность	0.030
недюжинность	0.030
нежданность	0.030
нежелательность	0.030
нежение	0.030
нежизненность	0.030
нежизнеспособность	0.030
нежилец	0.030
нежилица	0.030
нежиль	0.030
нежильё	0.030
нежничание	0.030
незабудочка	0.030
незавидность	0.030
незагрузка	0.030
незадачливость	0.030
незаконнорождённость	0.030
незакономерность	0.030
незаконченность	0.030
незамедлительность	0.030
незаменяемость	0.030
незамерзаемость	0.030
незаметливость	0.030
незамужница	0.030
незамысловатость	0.030
незанимательность	0.030
незаносчивость	0.030
незанятость	0.030
незаполненность	0.030
незапятнанность	0.030
незаселённость	0.030
незаслуженность	0.030
незатейливость	0.030
незатронутость	0.030
незаурядность	0.030
незлобивость	0.030
незлобие	0.030
незлобность	0.030
незлопамятность	0.030
незнакомство	0.030
незнатность	0.030
незнаток	0.030
незримость	0.030
неизбалованность	0.030
неизбежимость	0.030
неизбывность	0.030
неизведанность	0.030
неизгладимость	0.030
неизлечимость	0.030
неизменяемость	0.030
неизмеримость	0.030
неизученность	0.030
неизъяснимость	0.030
неизысканность	0.030
неизящность	0.030
неимоверность	0.030
неимущество	0.030
неинициативность	0.030
неинтеллигентность	0.030
неинтенсивность	0.030
неискательность	0.030
неискоренимость	0.030
неискупимость	0.030
неискусность	0.030
неискусственность	0.030
неискусство	0.030
неискушённость	0.030
неисповедимость	0.030
неисполнимость	0.030
неисполнительность	0.030
неиспорченность	0.030
неисправимость	0.030
неиспытанность	0.030
неисследованность	0.030
неиссякаемость	0.030
неистинность	0.030
неистовость	0.030
неисторичность	0.030
неистощимость	0.030
неистребимость	0.030
неистребляемость	0.030
неисцелимость	0.030
неисчерпаемость	0.030
неисчерпанность	0.030
неисчислимость	0.030
нейзильбер	0.030
нейрастеник	0.030
нейрастения	0.030
нейрит	0.030
нейроз	0.030
нейролог	0.030
нейропат	0.030
нейропатолог	0.030
нейропатология	0.030
нейтрализм	0.030
нейтралист	0.030
неказистость	0.030
неклен	0.030
неключимость	0.030
нековкость	0.030
неколебимость	0.030
некомплектность	0.030
некондиционность	0.030
неконкретность	0.030
неконституционность	0.030
некорректность	0.030
некорыстность	0.030
некось	0.030
некрасивость	0.030
некредитоспособность	0.030
некритичность	0.030
некробиоз	0.030
некрологист	0.030
некрология	0.030
некрутчина	0.030
нектарий	0.030
нектарка	0.030
нектарник	0.030
нектарница	0.030
нектарность	0.030
некультурность	0.030
неласковость	0.030
нелегальщина	0.030
неликвид	0.030
нелицеприятие	0.030
нелицеприятность	0.030
нельма	0.030
нелюбезность	0.030
нелюбие	0.030
нелюбознательность	0.030
нелюбопытство	0.030
нелюдимка	0.030
нелюдимость	0.030
нелюдимство	0.030
нематериальность	0.030
неметалл	0.030
неметчина	0.030
немилосердие	0.030
немилостивец	0.030
неминуемость	0.030
немноговодность	0.030
немноголюдность	0.030
немногоречивость	0.030
немногословие	0.030
немногословность	0.030
немногосложность	0.030
немногочисленность	0.030
немогота	0.030
немогузнайка	0.030
немотивированность	0.030
немочка	0.030
немузыкальность	0.030
немчик	0.030
немыслимость	0.030
ненавистничество	0.030
ненавистность	0.030
ненаказуемость	0.030
ненамеренность	0.030
ненарушимость	0.030
ненасытимость	0.030
ненатуральность	0.030
ненаучность	0.030
ненаходчивость	0.030
ненка	0.030
необделанность	0.030
необдуманность	0.030
необеспеченность	0.030
необжитость	0.030
необитаемость	0.030
необлагаемость	0.030
необожжённость	0.030
необозримость	0.030
необоримость	0.030
необоснованность	0.030
необработанность	0.030
необразование	0.030
необразованность	0.030
необременительность	0.030
необстрелянность	0.030
необстроганность	0.030
необтёсанность	0.030
необщительность	0.030
необъемлемость	0.030
необъяснимость	0.030
необязательность	0.030
неогегельянец	0.030
неогегельянство	0.030
неоген	0.030
неоглядность	0.030
неограниченность	0.030
неодарвинизм	0.030
неодарвинист	0.030
неодинаковость	0.030
неоднократность	0.030
неоднородность	0.030
неодобрительность	0.030
неодолимость	0.030
неодушевлённость	0.030
неокантианец	0.030
неокантианство	0.030
неоклассик	0.030
неоклассицизм	0.030
неокончательность	0.030
неоконченность	0.030
неология	0.030
неоперённость	0.030
неописуемость	0.030
неоплазма	0.030
неоплатность	0.030
неоправданность	0.030
неопределимость	0.030
неопределительность	0.030
неопровержимость	0.030
неорганичность	0.030
неосвещённость	0.030
неослабность	0.030
неосмысленность	0.030
неосновательность	0.030
неосознанность	0.030
неоспоримость	0.030
неоставление	0.030
неосуществимость	0.030
неосязаемость	0.030
неотвязность	0.030
неотвязчивость	0.030
неотделанность	0.030
неотделимость	0.030
неотзывчивость	0.030
неотличимость	0.030
неотрывность	0.030
неотступность	0.030
неотчуждаемость	0.030
неотчётливость	0.030
неотъемлемость	0.030
неотёса	0.030
неотёсанность	0.030
неофитка	0.030
неофициальность	0.030
неоформленность	0.030
неохотник	0.030
неохотница	0.030
неоценимость	0.030
неощутимость	0.030
неощутительность	0.030
непартийность	0.030
непереводимость	0.030
непередаваемость	0.030
непереходность	0.030
непитательность	0.030
неплательщица	0.030
неплатёжеспособность	0.030
неплатёжность	0.030
неплодие	0.030
неплодность	0.030
неплодородность	0.030
неплодотворность	0.030
неплотность	0.030
неповинность	0.030
неповоротливость	0.030
неповторяемость	0.030
непогодица	0.030
непогодка	0.030
непогодушка	0.030
непогрешительность	0.030
неподатливость	0.030
неподача	0.030
неподведомственность	0.030
неподвластность	0.030
неподготовленность	0.030
неподдельность	0.030
неподкованность	0.030
неподражаемость	0.030
неподступность	0.030
непозволительность	0.030
непознаваемость	0.030
непознанность	0.030
непокладистость	0.030
непокой	0.030
непокоримость	0.030
непокорливость	0.030
непокорство	0.030
непокорённость	0.030
неполноправие	0.030
неполноправность	0.030
непомерность	0.030
непопадание	0.030
непоправимость	0.030
непосвящённость	0.030
непоседливость	0.030
непосильность	0.030
непослушность	0.030
непостигаемость	0.030
непотизм	0.030
непотопляемость	0.030
непотребность	0.030
непохвальность	0.030
непочатость	0.030
неправдивость	0.030
неправдоподобие	0.030
неправдоподобность	0.030
неправедность	0.030
неправомерность	0.030
неправомочность	0.030
неправоспособность	0.030
неправосудие	0.030
непрактичность	0.030
непревзойдённость	0.030
непредвиденность	0.030
непреднамеренность	0.030
непредотвратимость	0.030
непредубеждённость	0.030
непредугаданность	0.030
непредумышленность	0.030
непредусмотренность	0.030
непрезентабельность	0.030
непреложность	0.030
непременность	0.030
непреоборимость	0.030
непреодолимость	0.030
непререкаемость	0.030
непрестанность	0.030
неприбранность	0.030
неприветливость	0.030
непривычность	0.030
неприглядность	0.030
непригожество	0.030
неприготовленность	0.030
неприемлемость	0.030
неприкаянность	0.030
неприкрашенность	0.030
неприличность	0.030
неприложимость	0.030
неприменимость	0.030
неприметность	0.030
непримечательность	0.030
неприручимость	0.030
неприспособленность	0.030
непритворность	0.030
непритязательность	0.030
неприхотливость	0.030
неприютность	0.030
неприязненность	0.030
неприятельница	0.030
непробиваемость	0.030
непробудность	0.030
непроводимость	0.030
непродолжительность	0.030
непродуктивность	0.030
непродуманность	0.030
непрозрачность	0.030
непроизводительность	0.030
непроизвольность	0.030
непроизносимость	0.030
непроливайка	0.030
непромокаемость	0.030
непроницательность	0.030
непропорциональность	0.030
непросветительность	0.030
непросвещение	0.030
непросвещённость	0.030
непростительность	0.030
непротивленец	0.030
непротивленка	0.030
непротивленство	0.030
непротивленчество	0.030
непроточность	0.030
непрофессиональность	0.030
нептунизм	0.030
нептуний	0.030
нептунист	0.030
неработоспособность	0.030
неравноправность	0.030
неравносильность	0.030
нерадение	0.030
нерадивец	0.030
нерадостность	0.030
нерадушие	0.030
нерадушность	0.030
неразвитие	0.030
неразвитость	0.030
неразвёрнутость	0.030
неразгаданность	0.030
неразделанность	0.030
неразделимость	0.030
нераздельность	0.030
неразделённость	0.030
неразличимость	0.030
неразложимость	0.030
неразлучность	0.030
неразменность	0.030
неразрешимость	0.030
неразрешённость	0.030
неразрушимость	0.030
неразрывность	0.030
неразумение	0.030
неразумие	0.030
неразумность	0.030
неразъяснимость	0.030
нераскаянность	0.030
нераспаханность	0.030
нерасположение	0.030
нераспорядительность	0.030
нераспространённость	0.030
нерассудительность	0.030
нерастворимость	0.030
нерасторжимость	0.030
нерастраченность	0.030
нерасчленимость	0.030
нерасчёт	0.030
нерасчётливость	0.030
нерациональность	0.030
нерачение	0.030
нерачительность	0.030
нерватура	0.030
нервация	0.030
нервирование	0.030
нервничание	0.030
нервнобольная	0.030
нервность	0.030
нерезонность	0.030
нерентабельность	0.030
нерестование	0.030
нерешимость	0.030
нерешённость	0.030
неритмичность	0.030
нерка	0.030
неровнюшка	0.030
неродовитость	0.030
нерпуха	0.030
нерпёнок	0.030
нерусь	0.030
нерушимость	0.030
неряшество	0.030
несамостоятельность	0.030
несбыточность	0.030
несвариваемость	0.030
несвежесть	0.030
несвершённость	0.030
несвободность	0.030
несводимость	0.030
несвоевременность	0.030
несвойственность	0.030
несвязанность	0.030
несвязность	0.030
несговорчивость	0.030
несгораемость	0.030
несдержание	0.030
несжимаемость	0.030
несимметричность	0.030
несимпатичность	0.030
нескладица	0.030
нескладность	0.030
нескладёха	0.030
несклоняемость	0.030
нескончаемость	0.030
неслаженность	0.030
несловоохотливость	0.030
несложность	0.030
неслышность	0.030
несмелость	0.030
несменяемость	0.030
несметность	0.030
несмеяна	0.030
несмолкаемость	0.030
несмотрение	0.030
несмываемость	0.030
несмысель	0.030
несмысленность	0.030
несмыслёнок	0.030
несмыслёночек	0.030
несмыслёныш	0.030
несмышлёнок	0.030
несмышлёность	0.030
несмышлёночек	0.030
несносность	0.030
несовершенность	0.030
несовместность	0.030
несовременность	0.030
несогласица	0.030
несоглашение	0.030
несоединимость	0.030
несознанность	0.030
несоизмеримость	0.030
несократимость	0.030
несокрушимость	0.030
несолидность	0.030
несомненность	0.030
несомнительность	0.030
несообщительность	0.030
несоответственность	0.030
неспелость	0.030
неспешность	0.030
несподручность	0.030
неспокойность	0.030
неспокойствие	0.030
неспорость	0.030
неспрягаемость	0.030
несработанность	0.030
несравненность	0.030
несравнимость	0.030
несродность	0.030
нестандартность	0.030
нестерпимость	0.030
нестойкость	0.030
нестроевик	0.030
нестроевичка	0.030
нестроение	0.030
нестройность	0.030
несудимость	0.030
несудоходность	0.030
несуетливость	0.030
несусветица	0.030
несусветность	0.030
несущественность	0.030
несходность	0.030
несходство	0.030
несхожесть	0.030
несценичность	0.030
несчастливица	0.030
несчастьице	0.030
несчётность	0.030
несъедобность	0.030
несытность	0.030
несытость	0.030
нетактичность	0.030
неталантливость	0.030
нетвёрдость	0.030
нетель	0.030
нетерпеливец	0.030
нетерпёж	0.030
нетленность	0.030
нетопырь	0.030
нетребовательность	0.030
нетрезвость	0.030
нетрепетность	0.030
нетронутость	0.030
нетрудность	0.030
нетчик	0.030
нетяг	0.030
неубедительность	0.030
неубранность	0.030
неуважительность	0.030
неувядаемость	0.030
неугасимость	0.030
неугода	0.030
неугомонность	0.030
неудачность	0.030
неудержимость	0.030
неудержность	0.030
неудобоваримость	0.030
неудобоисполнимость	0.030
неудобопонятность	0.030
неудобопроизносимость	0.030
неудобопроходимость	0.030
неудобочитаемость	0.030
неудовлетворительность	0.030
неуживчивость	0.030
неуклонность	0.030
неуклюжество	0.030
неукомплектованность	0.030
неукоснительность	0.030
неукротимость	0.030
неуловимость	0.030
неумность	0.030
неумойка	0.030
неумолимость	0.030
неумолкаемость	0.030
неумытность	0.030
неумышленность	0.030
неупорядоченность	0.030
неупотребительность	0.030
неупотребление	0.030
неуправка	0.030
неурожайность	0.030
неурочность	0.030
неусидчивость	0.030
неусовершенствованность	0.030
неуспешность	0.030
неустанность	0.030
неустранимость	0.030
неустрашимость	0.030
неустройство	0.030
неусыпность	0.030
неутешительность	0.030
неутешность	0.030
неутолимость	0.030
неутолённость	0.030
неучёность	0.030
неуютность	0.030
неуёмность	0.030
нефелин	0.030
нефтевоз	0.030
нефтеносность	0.030
нефтепромысел	0.030
нефтепромышленность	0.030
нефтескважина	0.030
нефтесклад	0.030
нефтехранилище	0.030
нефтяница	0.030
нефтянка	0.030
нехозяйственность	0.030
нехотение	0.030
нецелесообразность	0.030
нецензурность	0.030
нецеремонность	0.030
нечаянность	0.030
нечеловечность	0.030
нечестивица	0.030
нечленораздельность	0.030
нечуткость	0.030
нешуточность	0.030
нещадность	0.030
неэквивалентность	0.030
неэкономичность	0.030
неэкономность	0.030
неэтичность	0.030
неявственность	0.030
неяркость	0.030
нивелир	0.030
нивелирование	0.030
нивелировка	0.030
нивелировщик	0.030
нивелировщица	0.030
нивка	0.030
нивхка	0.030
нигилистка	0.030
нигрозин	0.030
нигрол	0.030
нидерландец	0.030
нидерландка	0.030
нижеследующее	0.030
низальщик	0.030
низальщица	0.030
низание	0.030
низанка	0.030
низведение	0.030
низвергатель	0.030
низиночка	0.030
низкобортность	0.030
низковатость	0.030
низкопоклонник	0.030
низкопоклонница	0.030
низкопоклонничание	0.030
низкопоклонничество	0.030
низкопробность	0.030
низкорослость	0.030
низкосортность	0.030
низкость	0.030
низкоудойность	0.030
низкоурожайность	0.030
низкочастотность	0.030
низочек	0.030
низочка	0.030
низь	0.030
никелин	0.030
никелирование	0.030
никелировка	0.030
никелировщик	0.030
никелировщица	0.030
никонианец	0.030
никонианин	0.030
никонианка	0.030
никонианство	0.030
никудышник	0.030
нилот	0.030
нилотка	0.030
ниобий	0.030
ниспадение	0.030
нисповержение	0.030
ниспослание	0.030
ниспровергатель	0.030
ниспровергательница	0.030
ниспровержение	0.030
нисшествие	0.030
ниточник	0.030
ниточница	0.030
нитрагин	0.030
нитрация	0.030
нитрирование	0.030
нитрификация	0.030
нитробензол	0.030
нитрование	0.030
нитрокраситель	0.030
нитрокраска	0.030
нитролак	0.030
нитрофоска	0.030
нитчатка	0.030
нитченка	0.030
нихром	0.030
ницшеанец	0.030
ницшеанство	0.030
нищание	0.030
нищебродство	0.030
нобилитет	0.030
новация	0.030
новеллетта	0.030
новеллист	0.030
новеллка	0.030
новобранство	0.030
нововводитель	0.030
нововводительница	0.030
нововводительство	0.030
новогодие	0.030
новожён	0.030
новожёны	0.030
новозеландка	0.030
новоземелец	0.030
новокрещен	0.030
новокрещенец	0.030
новокрещенка	0.030
новокрещённый	0.030
новокупка	0.030
новооткрыватель	0.030
новопоселенец	0.030
новопоселенка	0.030
новоприезжая	0.030
новоприобретение	0.030
новосадка	0.030
новоселец	0.030
новостишка	0.030
новосёлка	0.030
новотёл	0.030
ногавка	0.030
ногавочка	0.030
ногаец	0.030
ногайка	0.030
ногата	0.030
ноговица	0.030
ноготочек	0.030
ногтище	0.030
ногтоеда	0.030
ножевище	0.030
ножеклюв	0.030
ножечка	0.030
ножовщик	0.030
ножовщина	0.030
ножовщица	0.030
ноздреватость	0.030
ноздревина	0.030
ноздрёв	0.030
ноздрёвщина	0.030
нозология	0.030
нойон	0.030
номадизм	0.030
номарх	0.030
номенклатурщик	0.030
номенклатурщица	0.030
номеришко	0.030
номерование	0.030
номеровка	0.030
номерочек	0.030
номинализм	0.030
номиналист	0.030
номинальность	0.030
номинатив	0.030
номограмма	0.030
номография	0.030
номоканон	0.030
нонет	0.030
нониус	0.030
нонпарель	0.030
норвеженка	0.030
норичник	0.030
норища	0.030
нория	0.030
нормандка	0.030
нормативизм	0.030
нормативность	0.030
нормировка	0.030
нормировщик	0.030
нормировщица	0.030
норник	0.030
норовок	0.030
носильщица	0.030
носительница	0.030
носище	0.030
носкость	0.030
носогрейка	0.030
носуха	0.030
носчик	0.030
нотабена	0.030
нотабене	0.030
нотабль	0.030
нотариат	0.030
нотата	0.030
нотирование	0.030
нотис	0.030
нотификация	0.030
нотница	0.030
нотография	0.030
нотоносец	0.030
нотопечатание	0.030
нотопечатня	0.030
ноумен	0.030
ночевальщик	0.030
ночевальщица	0.030
ночевье	0.030
ночесветка	0.030
ночлежник	0.030
ночлежница	0.030
ночница	0.030
ночушка	0.030
ночёвщик	0.030
ночёвщица	0.030
нравность	0.030
нравоописание	0.030
нравоописатель	0.030
нравоучитель	0.030
нравоучительность	0.030
нубийка	0.030
нудга	0.030
нудность	0.030
нудьга	0.030
нуждаемость	0.030
нуждица	0.030
нуждишка	0.030
нуждочка	0.030
нуждушка	0.030
нукание	0.030
нукер	0.030
нуклеин	0.030
нуклеоль	0.030
нуклон	0.030
нулик	0.030
нуллификация	0.030
нумератор	0.030
нумерование	0.030
нумеровка	0.030
нумеровщик	0.030
нумеровщица	0.030
нумизматика	0.030
нуммулит	0.030
нутация	0.030
нутрец	0.030
нутромер	0.030
нырец	0.030
нэпманша	0.030
нюансировка	0.030
нюдизм	0.030
нюдист	0.030
нюдистка	0.030
нюхалка	0.030
нюхальщик	0.030
нюхальщица	0.030
нянчение	0.030
нёбность	0.030
оаз	0.030
обабок	0.030
обагрение	0.030
обалдевание	0.030
обандероление	0.030
обандероливание	0.030
обанкрочивание	0.030
обасурманивание	0.030
обаятель	0.030
обаятельница	0.030
оббегание	0.030
оббивание	0.030
оббивка	0.030
обваливание	0.030
обвалка	0.030
обвалование	0.030
обвальщик	0.030
обваривание	0.030
обварщик	0.030
обварщица	0.030
обващивание	0.030
обвевание	0.030
обведение	0.030
обвеивание	0.030
обверчивание	0.030
обвеска	0.030
обветривание	0.030
обветшалость	0.030
обветшание	0.030
обвешение	0.030
обвешивание	0.030
обвеяние	0.030
обвивание	0.030
обвивка	0.030
обвинительница	0.030
обвислость	0.030
обводнение	0.030
обводчик	0.030
обводчица	0.030
обвоз	0.030
обволакивание	0.030
обвораживание	0.030
обворачивание	0.030
обворовывание	0.030
обворожитель	0.030
обворожительница	0.030
обворожительность	0.030
обвязчик	0.030
обвязчица	0.030
обвязывание	0.030
обвяление	0.030
обвяливание	0.030
обвёртка	0.030
обвёртывание	0.030
обгибание	0.030
обгладывание	0.030
обглаживание	0.030
обглодок	0.030
обглодыш	0.030
обглядывание	0.030
обгнивание	0.030
обгонка	0.030
обгораживание	0.030
обгорание	0.030
обгрызание	0.030
обгрызок	0.030
обгрызывание	0.030
обдавание	0.030
обдавливание	0.030
обдаривание	0.030
обдел	0.030
обделивание	0.030
обделка	0.030
обделывание	0.030
обделённость	0.030
обдернение	0.030
обдерновка	0.030
обдерновывание	0.030
обдир	0.030
обдирание	0.030
обдирательство	0.030
обдув	0.030
обдувала	0.030
обдувание	0.030
обдувка	0.030
обдумание	0.030
обдуманность	0.030
обдуривание	0.030
обдёргивание	0.030
обегание	0.030
обеденка	0.030
обеденник	0.030
обедец	0.030
обеднение	0.030
обедник	0.030
обедница	0.030
обеднённость	0.030
обезглавление	0.030
обездоление	0.030
обездоленность	0.030
обездоливание	0.030
обезжиривание	0.030
обезземеление	0.030
обезземеливание	0.030
обезлесение	0.030
обезлесивание	0.030
обезличение	0.030
обезличка	0.030
обезлошадение	0.030
обезлюдение	0.030
обезнадёжение	0.030
обезнадёживание	0.030
обезножение	0.030
обезображение	0.030
обезображенность	0.030
обезоружение	0.030
обезоруживание	0.030
обезуглероживание	0.030
обезьянничание	0.030
обезьянничество	0.030
обезьянство	0.030
обеление	0.030
обеливание	0.030
оберегание	0.030
оберегатель	0.030
оберегательница	0.030
обережение	0.030
обережной	0.030
обертон	0.030
обескровление	0.030
обескураженность	0.030
обескураживание	0.030
обеспечивание	0.030
обеспложивание	0.030
обеспыливание	0.030
обессахаривание	0.030
обессиление	0.030
обесславление	0.030
обесславливание	0.030
обессмысление	0.030
обессмысливание	0.030
обессоливание	0.030
обесцвечение	0.030
обесцвеченность	0.030
обесценение	0.030
обесчещение	0.030
обесчещивание	0.030
обетование	0.030
обжаривание	0.030
обжарщик	0.030
обжарщица	0.030
обжатие	0.030
обживание	0.030
обжигальщик	0.030
обжигальщица	0.030
обжигание	0.030
обжим	0.030
обжимка	0.030
обжимщик	0.030
обжимщица	0.030
обжин	0.030
обжинка	0.030
обжинок	0.030
обжирание	0.030
обжитие	0.030
обжитость	0.030
обжорка	0.030
обжорливость	0.030
обзаведеньице	0.030
обзаведеньишко	0.030
обзавод	0.030
обзирание	0.030
обивание	0.030
обивщик	0.030
обивщица	0.030
обиженность	0.030
обираловка	0.030
обирание	0.030
обиратель	0.030
обирательство	0.030
обитаемость	0.030
обихаживание	0.030
обиходливость	0.030
обиходность	0.030
обкаливание	0.030
обкалывание	0.030
обкапывание	0.030
обкармливание	0.030
обкат	0.030
обкатчик	0.030
обкатчица	0.030
обкатывание	0.030
обкачивание	0.030
обкашивание	0.030
обкидывание	0.030
обклад	0.030
обкладка	0.030
обкладчик	0.030
обкладывание	0.030
обклеивание	0.030
обклейка	0.030
обковыривание	0.030
обколачивание	0.030
обколка	0.030
обкомовец	0.030
обконопачивание	0.030
обкорм	0.030
обкос	0.030
обкрадывание	0.030
обкраивание	0.030
обкрашивание	0.030
обкручивание	0.030
обкуривание	0.030
обкусок	0.030
обкусочек	0.030
обкусывание	0.030
облавливание	0.030
облавщик	0.030
облагание	0.030
облагодетельствование	0.030
облагоображение	0.030
облагоображивание	0.030
облагорожение	0.030
облагороженность	0.030
облаготворение	0.030
облаживание	0.030
облаивание	0.030
облакомер	0.030
обламывание	0.030
облапошивание	0.030
обласкивание	0.030
областник	0.030
областничество	0.030
облаяние	0.030
облегание	0.030
облегчённость	0.030
облежание	0.030
облезание	0.030
облесение	0.030
облетание	0.030
облечение	0.030
обливальщик	0.030
обливальщица	0.030
обливанец	0.030
обливка	0.030
обливщик	0.030
обливщица	0.030
облизанность	0.030
облипание	0.030
облиственность	0.030
облитерация	0.030
облицовщик	0.030
облицовщица	0.030
облицовывание	0.030
обличение	0.030
обличитель	0.030
обличительница	0.030
облов	0.030
облог	0.030
обломовец	0.030
обломовщина	0.030
обломочек	0.030
облуживание	0.030
облупленность	0.030
облупливание	0.030
облущивание	0.030
облюбовывание	0.030
обляпывание	0.030
облёвывание	0.030
облёживание	0.030
облётывание	0.030
обмазка	0.030
обмазчик	0.030
обмазывание	0.030
обмакивание	0.030
обмалывание	0.030
обмалёвывание	0.030
обманчивость	0.030
обманывание	0.030
обмарывание	0.030
обмасливание	0.030
обматывание	0.030
обмахивание	0.030
обмачивание	0.030
обмеблирование	0.030
обмеблировка	0.030
обмеблировывание	0.030
обмежевание	0.030
обмежёвка	0.030
обмежёвывание	0.030
обмеление	0.030
обмелина	0.030
обмельчание	0.030
обменивание	0.030
обменыш	0.030
обмер	0.030
обмерзание	0.030
обмеривание	0.030
обмерка	0.030
обмерок	0.030
обмерщик	0.030
обмерщица	0.030
обметание	0.030
обмещанивание	0.030
обмин	0.030
обминка	0.030
обмирание	0.030
обмирщение	0.030
обмол	0.030
обмолачивание	0.030
обмолвка	0.030
обмолот	0.030
обмолотки	0.030
обмолоток	0.030
обмораживание	0.030
обморачивание	0.030
обмороз	0.030
обморочение	0.030
обмоточка	0.030
обмотчик	0.030
обмотчица	0.030
обмундировка	0.030
обмурование	0.030
обмуровка	0.030
обмуровывание	0.030
обмусливание	0.030
обмусоливание	0.030
обмыв	0.030
обмывание	0.030
обмывка	0.030
обмыливание	0.030
обмякание	0.030
обмёт	0.030
обмётка	0.030
обмётывание	0.030
обнагление	0.030
обнадёжение	0.030
обнадёживание	0.030
обнаруживание	0.030
обнашивание	0.030
обнемечение	0.030
обнемечивание	0.030
обнесение	0.030
обнизывание	0.030
обновитель	0.030
обновительница	0.030
обновленец	0.030
обновленчество	0.030
обновляемость	0.030
обновлённость	0.030
обновочка	0.030
обножка	0.030
обножь	0.030
обнос	0.030
обношение	0.030
обнюхивание	0.030
обобществление	0.030
обобщённость	0.030
обогатимость	0.030
обогатитель	0.030
обогащаемость	0.030
обоготворение	0.030
обогревание	0.030
ободник	0.030
ободочек	0.030
ободранец	0.030
ободранка	0.030
ободритель	0.030
ободрительница	0.030
ободчик	0.030
ободь	0.030
обожательница	0.030
обозец	0.030
обозик	0.030
обозище	0.030
обозничество	0.030
обозреваемость	0.030
обозревание	0.030
обозревательница	0.030
обозчик	0.030
обойка	0.030
оболванение	0.030
оболванивание	0.030
оболгание	0.030
оболонь	0.030
оболочник	0.030
обольстительность	0.030
обомление	0.030
обопрелость	0.030
оборачиваемость	0.030
оборвашка	0.030
обормотка	0.030
оборотистость	0.030
оборотливость	0.030
оборотность	0.030
оборыш	0.030
обосабливание	0.030
обособление	0.030
обострённость	0.030
обочье	0.030
обоюдность	0.030
обрабатываемость	0.030
обрабатывание	0.030
обработанность	0.030
обработчица	0.030
обравнивание	0.030
образник	0.030
образница	0.030
образователь	0.030
образовательница	0.030
образочек	0.030
образумление	0.030
образумливание	0.030
образцовость	0.030
обрамливание	0.030
обрастание	0.030
обрат	0.030
обратимость	0.030
обращаемость	0.030
обрезанец	0.030
обрезчик	0.030
обрезчица	0.030
обрезывание	0.030
обременение	0.030
обременительность	0.030
обременённость	0.030
обречение	0.030
обрешетина	0.030
обрешечение	0.030
обрешечивание	0.030
обрешётка	0.030
обривание	0.030
обрисовка	0.030
обрисовывание	0.030
обровнение	0.030
обротка	0.030
оброчник	0.030
оброчница	0.030
обруб	0.030
обрубание	0.030
обрубщик	0.030
обрубщица	0.030
обругание	0.030
обрученник	0.030
обрученница	0.030
обручье	0.030
обрушивание	0.030
обры	0.030
обрывание	0.030
обрыватель	0.030
обрывистость	0.030
обрывность	0.030
обрывочек	0.030
обрывчатость	0.030
обрызгивание	0.030
обрызгиватель	0.030
обрытие	0.030
обрыхление	0.030
обрюзглость	0.030
обрядливость	0.030
обрядник	0.030
обрядность	0.030
обрядчик	0.030
обряжение	0.030
обсадка	0.030
обсадчик	0.030
обсаживание	0.030
обсаливание	0.030
обсасывание	0.030
обсахаривание	0.030
обсев	0.030
обсекание	0.030
обсеменение	0.030
обсервация	0.030
обсечение	0.030
обсечка	0.030
обскабливание	0.030
обскурант	0.030
обскурантизм	0.030
обскурантист	0.030
обскурантка	0.030
обследованность	0.030
обследователь	0.030
обсмаливание	0.030
обсмеивание	0.030
обсолка	0.030
обстрагивание	0.030
обстраивание	0.030
обстрачивание	0.030
обстреливание	0.030
обстригание	0.030
обстрижка	0.030
обстройка	0.030
обструкционизм	0.030
обструкционистка	0.030
обстукивание	0.030
обсушивание	0.030
обсушка	0.030
обсчитывание	0.030
обсчёт	0.030
обсыпание	0.030
обсыхание	0.030
обтаивание	0.030
обтапливание	0.030
обтачивание	0.030
обтачка	0.030
обтекание	0.030
обтирка	0.030
обтирщик	0.030
обтирщица	0.030
обтискивание	0.030
обтолковывание	0.030
обточка	0.030
обтравка	0.030
обтрясание	0.030
обтряхание	0.030
обтряхивание	0.030
обтюратор	0.030
обтюрация	0.030
обтягивание	0.030
обтяжчик	0.030
обтяжчица	0.030
обтёска	0.030
обтёсывание	0.030
обувание	0.030
обувщица	0.030
обуглероживание	0.030
обуживание	0.030
обуздывание	0.030
обуревание	0.030
обуржуазивание	0.030
обусловленность	0.030
обученность	0.030
обчистка	0.030
обчёсывание	0.030
обчёт	0.030
обшаривание	0.030
обшарпанность	0.030
обшивальщик	0.030
обшивальщица	0.030
обшивание	0.030
обшивщик	0.030
обшивщица	0.030
обширность	0.030
обшитие	0.030
обшлажок	0.030
обшлифовывание	0.030
общедоступность	0.030
общежительность	0.030
общежительство	0.030
общезначимость	0.030
общеизвестность	0.030
общенародность	0.030
общеобязательность	0.030
общеполезность	0.030
общепонятность	0.030
общепризнанность	0.030
общепринятость	0.030
общераспространённость	0.030
обществовед	0.030
общеупотребительность	0.030
общеустановленность	0.030
общечеловечность	0.030
общинник	0.030
общинность	0.030
общипка	0.030
общипывание	0.030
общник	0.030
объегоривание	0.030
объедала	0.030
объедание	0.030
объединительница	0.030
объедья	0.030
объективация	0.030
объективизация	0.030
объективизм	0.030
объективист	0.030
объектирование	0.030
объявитель	0.030
объярь	0.030
объёмистость	0.030
объёмность	0.030
обывательница	0.030
обывательщина	0.030
обыгрывание	0.030
обыдёнщина	0.030
обызвествление	0.030
обыскивание	0.030
обюрокрачивание	0.030
обёрточка	0.030
обёрточница	0.030
обёртчица	0.030
овальность	0.030
овевание	0.030
овеществление	0.030
овинишко	0.030
овоскоп	0.030
овощевод	0.030
овощеводка	0.030
овощеводство	0.030
овощерезка	0.030
овощник	0.030
овражистость	0.030
овсец	0.030
овсинка	0.030
овсишко	0.030
овсюг	0.030
овсяник	0.030
овсяница	0.030
овсянище	0.030
овцеводство	0.030
овцематка	0.030
овцесовхоз	0.030
овцеферма	0.030
овчар	0.030
овчарник	0.030
овчинник	0.030
овчишка	0.030
огарочек	0.030
огарыш	0.030
огарышек	0.030
огибание	0.030
огладывание	0.030
огласовка	0.030
оглодок	0.030
оглоушина	0.030
оглупение	0.030
оглупление	0.030
оглушительность	0.030
огневица	0.030
огнеопасность	0.030
огнепоклонник	0.030
огнепоклонница	0.030
огнепоклонничество	0.030
огнепоклонство	0.030
огнестойкость	0.030
огнеупорность	0.030
огнецвет	0.030
огнищанин	0.030
огнище	0.030
оговаривание	0.030
оговор	0.030
оговорщик	0.030
оговорщица	0.030
оголение	0.030
оголовок	0.030
оголовье	0.030
оголтелость	0.030
огораживание	0.030
огородец	0.030
огородишко	0.030
огородница	0.030
огородничество	0.030
огорчённость	0.030
огосударствление	0.030
оградитель	0.030
ограждённость	0.030
ограничивание	0.030
огребье	0.030
огрубелость	0.030
огрубение	0.030
огрубление	0.030
огрудок	0.030
огрунтовка	0.030
огрызание	0.030
огрёбки	0.030
огудина	0.030
огульность	0.030
огуменник	0.030
огуречник	0.030
одаривание	0.030
одеревенелость	0.030
одеревенение	0.030
одернение	0.030
одерновка	0.030
одеялишко	0.030
одиннадцатиклассница	0.030
одиннадцатилетие	0.030
одиннадцатилетка	0.030
одинокость	0.030
одиночник	0.030
одиозность	0.030
одичалость	0.030
одичание	0.030
однобокость	0.030
однобрачие	0.030
одноверец	0.030
одновременность	0.030
одноглазка	0.030
одноголосие	0.030
однодворец	0.030
однодворка	0.030
однодеревенец	0.030
однодерёвка	0.030
однодомец	0.030
однодомность	0.030
однодревка	0.030
однодум	0.030
одноженец	0.030
одноземец	0.030
одноземка	0.030
однозернянка	0.030
однозначность	0.030
одноимённость	0.030
однокашничество	0.030
одноколейка	0.030
одноколка	0.030
однокорытник	0.030
однократность	0.030
однолетка	0.030
однолетник	0.030
однолюбец	0.030
однообразность	0.030
однообщественник	0.030
одноплеменник	0.030
однополость	0.030
однополье	0.030
однопомётник	0.030
однопроходность	0.030
однопутка	0.030
однорядка	0.030
односельчанка	0.030
односложность	0.030
односоставность	0.030
одностаничник	0.030
одностволка	0.030
односторонность	0.030
однотипность	0.030
однотонность	0.030
однофамилица	0.030
одноцветность	0.030
одночлен	0.030
одобрительность	0.030
одограф	0.030
одоление	0.030
одомашнение	0.030
одонтолог	0.030
одонтология	0.030
одонье	0.030
одописец	0.030
одревеснение	0.030
одрина	0.030
одряхление	0.030
одул	0.030
одурачение	0.030
одурачивание	0.030
одурелость	0.030
одурманение	0.030
одутловатость	0.030
одутлость	0.030
одухотворение	0.030
одухотворённость	0.030
одушевление	0.030
одушевлённость	0.030
одёвка	0.030
одёргивание	0.030
ожеледь	0.030
ожерёлок	0.030
оживание	0.030
оживка	0.030
оживлённость	0.030
оживотворение	0.030
ожидалка	0.030
ожидальня	0.030
ожижение	0.030
ожижитель	0.030
ожина	0.030
ожинник	0.030
ожинок	0.030
озадаченность	0.030
озадки	0.030
озарённость	0.030
озверелость	0.030
озверение	0.030
озвучение	0.030
озероведение	0.030
озимка	0.030
озимость	0.030
озирание	0.030
ознакомленность	0.030
означение	0.030
ознобец	0.030
ознобление	0.030
озокерит	0.030
озонатор	0.030
озонизация	0.030
озонирование	0.030
озорничество	0.030
ойкумена	0.030
ойрот	0.030
ойротка	0.030
оказательство	0.030
оказёнивание	0.030
окаймление	0.030
окалывание	0.030
окание	0.030
оканчивание	0.030
окапывание	0.030
окарауливание	0.030
окармливание	0.030
окатоличивание	0.030
окатывание	0.030
окачивание	0.030
окашивание	0.030
окаянство	0.030
окаёмка	0.030
океанология	0.030
окиян	0.030
окказионализм	0.030
окказионалист	0.030
окладка	0.030
окладчик	0.030
окладывание	0.030
оклеивание	0.030
оклейка	0.030
оклейщик	0.030
окнище	0.030
оковка	0.030
околачивание	0.030
околение	0.030
околка	0.030
околоплодник	0.030
околоцветник	0.030
окольничество	0.030
окольничий	0.030
окольность	0.030
окольцовывание	0.030
околёсина	0.030
околёсная	0.030
оконник	0.030
оконница	0.030
оконопачивание	0.030
оконченность	0.030
оконщик	0.030
окопик	0.030
окормка	0.030
окорщик	0.030
окостенелость	0.030
окосье	0.030
окоченелость	0.030
окоём	0.030
окрол	0.030
округлённость	0.030
окруженец	0.030
окручивание	0.030
окрыление	0.030
окрылённость	0.030
оксидирование	0.030
оксидировка	0.030
октавист	0.030
октаэдр	0.030
октет	0.030
октоих	0.030
октябрист	0.030
окукление	0.030
окукливание	0.030
окулирование	0.030
окулировка	0.030
окулировщик	0.030
окулистка	0.030
окультуривание	0.030
окулянт	0.030
окуривание	0.030
окутывание	0.030
окучивание	0.030
окучка	0.030
окучник	0.030
олеин	0.030
оленебык	0.030
оленеводство	0.030
оленесовхоз	0.030
оленуха	0.030
олеография	0.030
олеонафт	0.030
олеум	0.030
олешник	0.030
олешняк	0.030
оловяшка	0.030
ольшняк	0.030
омачивание	0.030
омеблировка	0.030
омежник	0.030
омертвелость	0.030
омертвление	0.030
омметр	0.030
омолаживание	0.030
омонимика	0.030
омонимия	0.030
омороча	0.030
омофор	0.030
омрачение	0.030
омрачённость	0.030
омутина	0.030
омутище	0.030
омуточек	0.030
омывание	0.030
омыление	0.030
онагр	0.030
онанирование	0.030
онанистка	0.030
онаречивание	0.030
ондулятор	0.030
онемелость	0.030
онемечение	0.030
онемечивание	0.030
онколь	0.030
ономасиология	0.030
ономастика	0.030
ономатология	0.030
онтогенез	0.030
онтогенезис	0.030
онтогения	0.030
онученька	0.030
онучка	0.030
онёр	0.030
оология	0.030
опадание	0.030
опадение	0.030
опаздывание	0.030
опаивание	0.030
опаливание	0.030
опалубщик	0.030
опалывание	0.030
опальник	0.030
опара	0.030
опаривание	0.030
опарник	0.030
опарница	0.030
опасливость	0.030
опахивание	0.030
опашень	0.030
опевание	0.030
опекание	0.030
операционист	0.030
операционистка	0.030
операционник	0.030
оперетка	0.030
опечатание	0.030
опечатывание	0.030
опивки	0.030
опиекурильня	0.030
опиливание	0.030
опиловка	0.030
опиловщик	0.030
описатель	0.030
описательство	0.030
описывание	0.030
опитие	0.030
оплавление	0.030
оплачивание	0.030
оплевание	0.030
оплетание	0.030
оплеушина	0.030
оплечье	0.030
опломбирование	0.030
опломбировка	0.030
опломбировывание	0.030
оплыв	0.030
оплывание	0.030
оплывина	0.030
оплёвывание	0.030
оплёскивание	0.030
оплётчик	0.030
оплётчица	0.030
опоганивание	0.030
оподельдок	0.030
оподзоленность	0.030
оподзоливание	0.030
оподление	0.030
опоек	0.030
опоечек	0.030
опознаватель	0.030
опозорение	0.030
опой	0.030
оползание	0.030
ополячение	0.030
ополячивание	0.030
опопанакс	0.030
опоражнивание	0.030
опорос	0.030
опорочение	0.030
опорочивание	0.030
опосредование	0.030
опосредствование	0.030
опохмелка	0.030
опочиваленка	0.030
опошление	0.030
опошливание	0.030
опоэтизирование	0.030
опоясок	0.030
опоясочка	0.030
опоясывание	0.030
оппозиционерка	0.030
оппозиционность	0.030
оппонирование	0.030
оппортунистичность	0.030
оправдывание	0.030
оправка	0.030
опрастывание	0.030
опрашивание	0.030
определимость	0.030
опреснок	0.030
опрессовка	0.030
оприходование	0.030
опричина	0.030
опричнина	0.030
опробковение	0.030
опробование	0.030
опрокидыватель	0.030
опростание	0.030
опротестовывание	0.030
опрощенец	0.030
опрощение	0.030
опрощенство	0.030
оптант	0.030
оптантка	0.030
оптация	0.030
оптиметр	0.030
оптимум	0.030
опунция	0.030
опустелость	0.030
опустение	0.030
опутывание	0.030
опушение	0.030
опушечка	0.030
опыливание	0.030
опыливатель	0.030
опытник	0.030
опытница	0.030
опытничество	0.030
опьянелость	0.030
опьянённость	0.030
оравнодушение	0.030
оранжерейка	0.030
орание	0.030
орарь	0.030
оратай	0.030
оратель	0.030
ораторша	0.030
органелла	0.030
организовывание	0.030
органичность	0.030
органоген	0.030
органограф	0.030
органография	0.030
органоид	0.030
органология	0.030
органотерапия	0.030
органчик	0.030
органщик	0.030
ордалия	0.030
орденок	0.030
орденоноска	0.030
ординар	0.030
ординарность	0.030
орешенье	0.030
орешина	0.030
орешня	0.030
оржад	0.030
оржанище	0.030
оригиналка	0.030
оригинальничание	0.030
оригинатор	0.030
ориентализм	0.030
ориенталист	0.030
ориенталистика	0.030
ориентированность	0.030
оркан	0.030
оркестрантка	0.030
оркестратор	0.030
оркестрик	0.030
оркестрион	0.030
оркестрование	0.030
орлец	0.030
орляк	0.030
орнаментация	0.030
орнаментика	0.030
орнаментирование	0.030
орнаментировка	0.030
орнаментист	0.030
орнаментовка	0.030
орнаментщик	0.030
орнитоптер	0.030
орнитофауна	0.030
ороговение	0.030
орография	0.030
орок	0.030
ороситель	0.030
орочон	0.030
ортопедист	0.030
оруденение	0.030
орудование	0.030
оружиеведение	0.030
орун	0.030
орунья	0.030
орфизм	0.030
орфист	0.030
орфоэпия	0.030
орхестра	0.030
орясина	0.030
осаднение	0.030
осаждение	0.030
осаживание	0.030
осаливание	0.030
осанистость	0.030
осатанелость	0.030
осатанение	0.030
осахаривание	0.030
осваивание	0.030
осведомительница	0.030
осведомление	0.030
освежевание	0.030
освистание	0.030
освободительница	0.030
освобождённость	0.030
освятитель	0.030
оседлание	0.030
оседлость	0.030
осекание	0.030
оселедец	0.030
осенение	0.030
осердие	0.030
осетин	0.030
осетинец	0.030
осетинка	0.030
осетринка	0.030
осетроводство	0.030
осил	0.030
осиливание	0.030
осилок	0.030
осинничек	0.030
осиновик	0.030
осиплость	0.030
оскабливание	0.030
оскалец	0.030
оскаливание	0.030
оскопление	0.030
оскорбитель	0.030
оскорбительница	0.030
оскорбительность	0.030
оскрёбки	0.030
оскрёбок	0.030
оскрёбывание	0.030
оскрёбыш	0.030
оскудевание	0.030
оскудение	0.030
ослабевание	0.030
ослабение	0.030
ослабитель	0.030
оследина	0.030
ослепительность	0.030
ослеплённость	0.030
ослинник	0.030
ословодство	0.030
ослушивание	0.030
ослышка	0.030
осляк	0.030
ослятина	0.030
ослятник	0.030
осмаливание	0.030
османка	0.030
осматривание	0.030
осмеивание	0.030
осмогласие	0.030
осмол	0.030
осмолка	0.030
осмольщик	0.030
осмотрение	0.030
осмотрщик	0.030
осмысленность	0.030
осмысливание	0.030
осмёток	0.030
оснастчик	0.030
оснащённость	0.030
основоположение	0.030
основщик	0.030
основщица	0.030
особность	0.030
осоед	0.030
осокорник	0.030
осолаживание	0.030
осолодение	0.030
осолонение	0.030
осолонцевание	0.030
осос	0.030
ососок	0.030
осочка	0.030
оспопрививание	0.030
оспопрививатель	0.030
оспопрививательница	0.030
оспочка	0.030
оссеин	0.030
остаточек	0.030
остеит	0.030
остеография	0.030
остеолог	0.030
остеология	0.030
остеома	0.030
остеомаляция	0.030
остеосклероз	0.030
остеотомия	0.030
остепенение	0.030
остервенелость	0.030
остережение	0.030
остзеец	0.030
остзейка	0.030
остинка	0.030
остистость	0.030
остит	0.030
остожина	0.030
остожье	0.030
остойчивость	0.030
остолбенение	0.030
остолопина	0.030
остолопство	0.030
осторожка	0.030
остранение	0.030
острацизм	0.030
острение	0.030
острец	0.030
остригание	0.030
острица	0.030
островина	0.030
острогубцы	0.030
острожек	0.030
острожник	0.030
острозубцы	0.030
остроконечие	0.030
остроконечник	0.030
остронос	0.030
остроносик	0.030
остроугольник	0.030
остроум	0.030
остроумец	0.030
остроумничание	0.030
остуда	0.030
остужение	0.030
остуживание	0.030
остылость	0.030
остюк	0.030
остяк	0.030
остячка	0.030
осушка	0.030
осциллограмма	0.030
осциллоскоп	0.030
осыпаемость	0.030
осыпание	0.030
осыпка	0.030
осыхание	0.030
осьмерик	0.030
осьмина	0.030
осьминка	0.030
осьмуха	0.030
осязаемость	0.030
осязательность	0.030
осёдлывание	0.030
отакелаживание	0.030
отапливание	0.030
отарщик	0.030
отбавление	0.030
отбалансирование	0.030
отбелка	0.030
отбель	0.030
отбельщица	0.030
отбив	0.030
отбирание	0.030
отбитие	0.030
отбойка	0.030
отбойщик	0.030
отборка	0.030
отборник	0.030
отборность	0.030
отбортовка	0.030
отборщица	0.030
отбояривание	0.030
отбраковывание	0.030
отбрасывание	0.030
отброска	0.030
отбуксировка	0.030
отбуривание	0.030
отбучивание	0.030
отбывка	0.030
отваживание	0.030
отважность	0.030
отваливание	0.030
отвалка	0.030
отвалообразователь	0.030
отвальщик	0.030
отвальщица	0.030
отваривание	0.030
отварка	0.030
отведывание	0.030
отвеивание	0.030
отвергание	0.030
отвердевание	0.030
отверделость	0.030
отвердение	0.030
отверженец	0.030
отверженник	0.030
отверженность	0.030
отвершек	0.030
отвесность	0.030
отвечание	0.030
отвешивание	0.030
отвивание	0.030
отвиливание	0.030
отвинчивание	0.030
отвисание	0.030
отвислость	0.030
отвлекаемость	0.030
отвлечённость	0.030
отводка	0.030
отводок	0.030
отводчик	0.030
отвоевание	0.030
отвоз	0.030
отвозка	0.030
отвозчик	0.030
отвозчица	0.030
отволаживание	0.030
отволакивание	0.030
отволока	0.030
отворачивание	0.030
отвоёвывание	0.030
отвычка	0.030
отвязка	0.030
отвязывание	0.030
отвёртывание	0.030
отгадчик	0.030
отгадчица	0.030
отгадыватель	0.030
отгиб	0.030
отгибание	0.030
отглас	0.030
отгнивание	0.030
отговаривание	0.030
отговор	0.030
отговорщик	0.030
отгонка	0.030
отгонщик	0.030
отгораживание	0.030
отгородка	0.030
отгороженность	0.030
отграничение	0.030
отгребальщик	0.030
отгребание	0.030
отгрызание	0.030
отгрёбщик	0.030
отгрёбщица	0.030
отгуливание	0.030
отдавание	0.030
отдавливание	0.030
отдаивание	0.030
отдание	0.030
отдаривание	0.030
отдарок	0.030
отдатчик	0.030
отдевание	0.030
отделанность	0.030
отделимость	0.030
отделитель	0.030
отделочница	0.030
отделывание	0.030
отдельщик	0.030
отдельщица	0.030
отделённость	0.030
отдирание	0.030
отдраивание	0.030
отдувание	0.030
отдух	0.030
отдушник	0.030
отдушничек	0.030
отдёргивание	0.030
отенение	0.030
отепление	0.030
отеплитель	0.030
отечественник	0.030
отечествие	0.030
отечествоведение	0.030
отечестволюбец	0.030
отечестволюбие	0.030
отжатие	0.030
отживание	0.030
отжигальщик	0.030
отжигальщица	0.030
отжигание	0.030
отжилок	0.030
отжимка	0.030
отжимник	0.030
отжимщик	0.030
отжимщица	0.030
отзвучие	0.030
отзовизм	0.030
отзовист	0.030
отзол	0.030
отзолка	0.030
отирание	0.030
отказница	0.030
отказчик	0.030
отказчица	0.030
откалывание	0.030
откармливание	0.030
откатка	0.030
откатчик	0.030
откатчица	0.030
откатывание	0.030
откашивание	0.030
откашливание	0.030
откидка	0.030
откидывание	0.030
откладка	0.030
отклеивание	0.030
отклейка	0.030
отклёпка	0.030
отклёпывание	0.030
отковка	0.030
отковыривание	0.030
откол	0.030
отколка	0.030
отколупывание	0.030
откомандирование	0.030
откомандировка	0.030
откомандировывание	0.030
откопка	0.030
откормка	0.030
откормленность	0.030
откормок	0.030
откормыш	0.030
откосник	0.030
откочёвка	0.030
откочёвывание	0.030
откраивание	0.030
открахмаливание	0.030
открашивание	0.030
открепление	0.030
откровенничание	0.030
откручивание	0.030
откупоривание	0.030
откупорка	0.030
откупщик	0.030
откупщица	0.030
откус	0.030
откусывание	0.030
откутывание	0.030
отлавливание	0.030
отламывание	0.030
отлепливание	0.030
отлетание	0.030
отливание	0.030
отливщик	0.030
отлитие	0.030
отличение	0.030
отличка	0.030
отличничество	0.030
отлогость	0.030
отломок	0.030
отлуп	0.030
отлётка	0.030
отмаливание	0.030
отмалчивание	0.030
отмалывание	0.030
отмастка	0.030
отматывание	0.030
отмах	0.030
отмахивание	0.030
отмачивание	0.030
отмежевание	0.030
отмежёвка	0.030
отмежёвывание	0.030
отмелость	0.030
отменность	0.030
отмерзание	0.030
отмеривание	0.030
отмета	0.030
отметание	0.030
отметинка	0.030
отметчик	0.030
отметчица	0.030
отмобилизованность	0.030
отмол	0.030
отмолачивание	0.030
отмораживание	0.030
отморожение	0.030
отмотка	0.030
отмочка	0.030
отмститель	0.030
отмучивание	0.030
отмыкание	0.030
отнекивание	0.030
отнесение	0.030
отнимание	0.030
отнорок	0.030
относка	0.030
относчик	0.030
относчица	0.030
отнятие	0.030
отобразитель	0.030
отобрание	0.030
отоваривание	0.030
отогрев	0.030
отогревание	0.030
отозвание	0.030
отоларингология	0.030
отоман	0.030
отоманка	0.030
отомститель	0.030
отонок	0.030
отопитель	0.030
отопленец	0.030
оторвиголова	0.030
оториноларингология	0.030
оторопелость	0.030
оторфление	0.030
отоскоп	0.030
отоскопия	0.030
отофон	0.030
отпадание	0.030
отпадение	0.030
отпаивание	0.030
отпайка	0.030
отпалка	0.030
отпальщик	0.030
отпаривание	0.030
отпарка	0.030
отпарывание	0.030
отпетость	0.030
отпечатание	0.030
отпечатлевание	0.030
отпечатление	0.030
отпечатывание	0.030
отпиливание	0.030
отпилок	0.030
отпирание	0.030
отпирательство	0.030
отписка	0.030
отплеск	0.030
отплетание	0.030
отплёскивание	0.030
отпотевание	0.030
отпочкование	0.030
отправительница	0.030
отпускница	0.030
отпуст	0.030
отпущенник	0.030
отпущенница	0.030
отпыловка	0.030
отработанность	0.030
отрадность	0.030
отражаемость	0.030
отраслевик	0.030
отрастание	0.030
отрегулирование	0.030
отрезанность	0.030
отрезочек	0.030
отрезывание	0.030
отрицательность	0.030
отроек	0.030
отроение	0.030
отрожек	0.030
отроковица	0.030
отросточек	0.030
отрубник	0.030
отрубок	0.030
отрывистость	0.030
отрывочность	0.030
отрывчатость	0.030
отрядник	0.030
отряжение	0.030
отрясание	0.030
отряхание	0.030
отряхивание	0.030
отрёпки	0.030
отрёпыш	0.030
отсадка	0.030
отсадок	0.030
отсаживание	0.030
отсвечивание	0.030
отсекание	0.030
отсиживание	0.030
отскабливание	0.030
отскакивание	0.030
отслаивание	0.030
отслуживание	0.030
отсмаркивание	0.030
отсортировка	0.030
отсрочивание	0.030
отстирка	0.030
отстирывание	0.030
отстрагивание	0.030
отстраивание	0.030
отстреливание	0.030
отстрельщик	0.030
отстригание	0.030
отстройка	0.030
отстукивание	0.030
отступание	0.030
отстёгивание	0.030
отстёжка	0.030
отсчитывание	0.030
отсылание	0.030
отсыпание	0.030
отсыпка	0.030
отсыревание	0.030
отсыхание	0.030
отсёлок	0.030
оттаскивание	0.030
оттенение	0.030
оттень	0.030
оттеснение	0.030
оттирание	0.030
оттирка	0.030
оттискивание	0.030
оттопывание	0.030
оттопыривание	0.030
оттормаживание	0.030
отточие	0.030
отточка	0.030
оттушёвка	0.030
оттушёвывание	0.030
оттёска	0.030
оттёсывание	0.030
отуманивание	0.030
отутюживание	0.030
отучивание	0.030
отфильтровывание	0.030
отформовывание	0.030
отфрезеровывание	0.030
отфыркивание	0.030
отхаживание	0.030
отхаркивание	0.030
отхватывание	0.030
отхлёбывание	0.030
отходник	0.030
отходчивость	0.030
отцвет	0.030
отцветание	0.030
отцеживание	0.030
отцеп	0.030
отцепщик	0.030
отцепщица	0.030
отцеубийца	0.030
отчал	0.030
отчаливание	0.030
отчеканенность	0.030
отчеканивание	0.030
отчеренкование	0.030
отчерпывание	0.030
отчерчивание	0.030
отчина	0.030
отчинник	0.030
отчистка	0.030
отчитывание	0.030
отчёркивание	0.030
отчёсывание	0.030
отшвыривание	0.030
отшибание	0.030
отшивка	0.030
отшлифовка	0.030
отшлифовывание	0.030
отшлёпывание	0.030
отштамповывание	0.030
отштукатуривание	0.030
отщепенство	0.030
отщепление	0.030
отщёлкивание	0.030
отъединение	0.030
отъединённость	0.030
отъём	0.030
отъёмка	0.030
отъёмыш	0.030
отыгрывание	0.030
отыгрыш	0.030
отыскивание	0.030
отягощение	0.030
отягчение	0.030
отяжеление	0.030
отёска	0.030
отёсывание	0.030
офеня	0.030
офит	0.030
офицеришка	0.030
офицерша	0.030
офицерщина	0.030
официозность	0.030
оформительница	0.030
офорт	0.030
офортист	0.030
офранцуживание	0.030
офсет	0.030
офтальмия	0.030
офтальмоскоп	0.030
охабень	0.030
охаживание	0.030
охаивание	0.030
охальница	0.030
охальничание	0.030
охание	0.030
охапочка	0.030
охарактеризование	0.030
охватывание	0.030
охвостье	0.030
охлаждённость	0.030
охлократия	0.030
охлопок	0.030
охлопье	0.030
охлёстывание	0.030
охмеление	0.030
охолаживание	0.030
охолащивание	0.030
охорашивание	0.030
охотишка	0.030
охотоведение	0.030
охранитель	0.030
охранительница	0.030
охриплость	0.030
охрипь	0.030
охрянка	0.030
охуждение	0.030
охулка	0.030
оцеп	0.030
оцепенелость	0.030
оцет	0.030
оцинкование	0.030
оцинковка	0.030
оцинковщик	0.030
оцинковщица	0.030
оцинковывание	0.030
очажок	0.030
очанка	0.030
очарователь	0.030
очаровательница	0.030
очаровательность	0.030
очевидица	0.030
очеловечение	0.030
очеловечивание	0.030
очелье	0.030
оченьки	0.030
очерет	0.030
очеркист	0.030
очеркистка	0.030
очерствелость	0.030
очерствение	0.030
очечник	0.030
очинка	0.030
очипок	0.030
очиток	0.030
очищенность	0.030
очкование	0.030
очковтиратель	0.030
очковтирательница	0.030
очёс	0.030
очёска	0.030
очёсывание	0.030
ошалелость	0.030
ошаление	0.030
ошарашивание	0.030
ошаривание	0.030
ошва	0.030
ошеек	0.030
ошеломительность	0.030
ошеломлённость	0.030
ошельмование	0.030
ошиновка	0.030
ошкуй	0.030
ошлакование	0.030
ошлифовывание	0.030
ошпаривание	0.030
оштрафование	0.030
оштукатуривание	0.030
ошурки	0.030
ощипка	0.030
ощипывание	0.030
ощутимость	0.030
ощутительность	0.030
ощущеньице	0.030
павозка	0.030
павозок	0.030
паволока	0.030
павушка	0.030
паганизм	0.030
пагинация	0.030
паголенок	0.030
пагубность	0.030
падалец	0.030
падалина	0.030
падалица	0.030
падалище	0.030
падалка	0.030
паданец	0.030
падание	0.030
паданка	0.030
падекатр	0.030
падепатинёр	0.030
падера	0.030
падеспань	0.030
падина	0.030
падкость	0.030
падог	0.030
падожок	0.030
падрина	0.030
падуга	0.030
падун	0.030
падучка	0.030
падушка	0.030
падымок	0.030
паенакопление	0.030
пажитник	0.030
пазанка	0.030
пазанок	0.030
пазушка	0.030
пайва	0.030
пайза	0.030
пайщица	0.030
пакетбот	0.030
пакетец	0.030
паккамера	0.030
паклен	0.030
паковка	0.030
палаван	0.030
палатализация	0.030
палатальность	0.030
палачество	0.030
паление	0.030
паленина	0.030
палеоазиат	0.030
палеоазиатка	0.030
палеоантрополог	0.030
палеоантропология	0.030
палеоботаник	0.030
палеоботаника	0.030
палеоген	0.030
палеогеограф	0.030
палеогеография	0.030
палеограф	0.030
палеографист	0.030
палеография	0.030
палеозавр	0.030
палеозоолог	0.030
палеозоология	0.030
палеотерий	0.030
палетка	0.030
палильщик	0.030
палингенезис	0.030
палинодия	0.030
палинолог	0.030
палинология	0.030
палисадничек	0.030
палишка	0.030
палия	0.030
паллиатив	0.030
паллограф	0.030
палоло	0.030
палошница	0.030
палтусина	0.030
палтух	0.030
палубление	0.030
палубник	0.030
палыгорскит	0.030
пальмерстон	0.030
пальметка	0.030
пальметта	0.030
пальмитин	0.030
пальмочка	0.030
пальник	0.030
пальтушка	0.030
пальчонок	0.030
пальщик	0.030
паляница	0.030
паморок	0.030
паморока	0.030
пампельмус	0.030
памперо	0.030
пампуша	0.030
памфлетист	0.030
памфлетистка	0.030
памфлетёр	0.030
памятливость	0.030
памятование	0.030
памятца	0.030
памятцо	0.030
панагия	0.030
панариций	0.030
панбархат	0.030
панголин	0.030
пандан	0.030
панданус	0.030
пандект	0.030
пандекты	0.030
панделок	0.030
панегирист	0.030
панегиристка	0.030
паненка	0.030
панзоотия	0.030
панибрат	0.030
паникадило	0.030
паникёрство	0.030
паница	0.030
панкреас	0.030
панкреатин	0.030
пановьё	0.030
панорамирование	0.030
панорамность	0.030
панорамщик	0.030
пансионер	0.030
пансионерка	0.030
пансионишко	0.030
панство	0.030
пантач	0.030
пантеизм	0.030
пантеист	0.030
пантеистка	0.030
пантовар	0.030
пантовка	0.030
пантограф	0.030
пантокрин	0.030
пантометр	0.030
пантомимика	0.030
пантомимист	0.030
пантопон	0.030
пантуфли	0.030
панцирник	0.030
панщина	0.030
панья	0.030
панёва	0.030
панёвка	0.030
панёвница	0.030
панёр	0.030
папаверин	0.030
папашенька	0.030
папеж	0.030
папежество	0.030
папильон	0.030
папильотка	0.030
папиролог	0.030
папирология	0.030
папиросник	0.030
папиросница	0.030
папиросочка	0.030
папиросочница	0.030
папоротка	0.030
папороток	0.030
папороть	0.030
папошник	0.030
папуаска	0.030
папушка	0.030
папушник	0.030
папушовка	0.030
параболоид	0.030
параван	0.030
парагенезис	0.030
парагнейс	0.030
парагонит	0.030
парадигматика	0.030
парадизка	0.030
парадирование	0.030
парадировка	0.030
парадность	0.030
парадоксалист	0.030
парадоксальность	0.030
паразитирование	0.030
паразитолог	0.030
паразитоценоз	0.030
паразитство	0.030
паракаучук	0.030
парализование	0.030
парализованность	0.030
паралитичка	0.030
параллелизм	0.030
параллельность	0.030
паралогизм	0.030
парамагнетизм	0.030
парамагнетик	0.030
параметрит	0.030
парамеция	0.030
парангон	0.030
паранефрит	0.030
параноичка	0.030
парантез	0.030
парапитек	0.030
параподий	0.030
парасанг	0.030
парасоль	0.030
паратаксис	0.030
паратиф	0.030
паратость	0.030
паратуберкулёз	0.030
параф	0.030
парафинирование	0.030
парафинолечение	0.030
парафинотерапия	0.030
парафирование	0.030
парафраз	0.030
парафраза	0.030
парафразирование	0.030
парафразировка	0.030
парафразис	0.030
парашечник	0.030
парашка	0.030
парашник	0.030
парашютизм	0.030
парашютирование	0.030
парвеню	0.030
пард	0.030
пардус	0.030
парейазавр	0.030
паремейник	0.030
паремия	0.030
паремья	0.030
паренёчек	0.030
парильщик	0.030
парильщица	0.030
парина	0.030
парирование	0.030
паритель	0.030
паритетность	0.030
паркетчик	0.030
паркинсонизм	0.030
парламентаризм	0.030
парламентёрство	0.030
парнасец	0.030
парничок	0.030
парнишечка	0.030
парнище	0.030
парнолистник	0.030
парность	0.030
парнюга	0.030
парнюха	0.030
парование	0.030
паровик	0.030
паровозишко	0.030
паровозоремонтник	0.030
парогенератор	0.030
пародийность	0.030
пародирование	0.030
пародистка	0.030
пародонтоз	0.030
пароизоляция	0.030
паромер	0.030
паромщица	0.030
парообразование	0.030
парообразователь	0.030
пароохладитель	0.030
пароочиститель	0.030
пароперегрев	0.030
пароперегреватель	0.030
паропровод	0.030
паропроизводительность	0.030
парораспределение	0.030
парораспределитель	0.030
паросборник	0.030
паротеплоход	0.030
паротурбина	0.030
пароходишко	0.030
пароходовладелец	0.030
пароходчик	0.030
парсуна	0.030
партгруппа	0.030
партизанство	0.030
партизанщина	0.030
партийка	0.030
партийность	0.030
партикуляризм	0.030
партиция	0.030
партшкола	0.030
парубень	0.030
парун	0.030
парусинка	0.030
парусинник	0.030
парусность	0.030
парфорс	0.030
парфянин	0.030
парфянка	0.030
парх	0.030
парцелла	0.030
парцелляция	0.030
парциальность	0.030
паршивик	0.030
парюра	0.030
парёнка	0.030
пасево	0.030
паск	0.030
пасквилянт	0.030
паскудница	0.030
пасмо	0.030
пасмурность	0.030
пасмурь	0.030
пасовка	0.030
пасока	0.030
пасочница	0.030
паспортизация	0.030
паспортист	0.030
паспортишко	0.030
пассакалия	0.030
пассакалья	0.030
пассеизм	0.030
пассеист	0.030
пассерование	0.030
пассеровка	0.030
пассивирование	0.030
пассировка	0.030
пассировщик	0.030
пастеризатор	0.030
пастилаж	0.030
пастильщик	0.030
пастильщица	0.030
пасторат	0.030
пасторство	0.030
пасторша	0.030
пастриги	0.030
пастрижки	0.030
пастушество	0.030
пастырство	0.030
пастьба	0.030
пасынкование	0.030
пасьянсик	0.030
патагонец	0.030
патагонка	0.030
патанка	0.030
патентика	0.030
патентирование	0.030
патентование	0.030
патентообладатель	0.030
патентоспособность	0.030
патерик	0.030
патерностер	0.030
патерство	0.030
патеси	0.030
патетизм	0.030
патетичность	0.030
патефончик	0.030
патинирование	0.030
патинировка	0.030
патиссон	0.030
патогенез	0.030
патогенезис	0.030
патогенность	0.030
патопсихология	0.030
патофизиолог	0.030
паточина	0.030
патриархализм	0.030
патриархальщина	0.030
патриархия	0.030
патриаршество	0.030
патриаршествование	0.030
патрилокальность	0.030
патримоний	0.030
патриотик	0.030
патриотичность	0.030
патристика	0.030
патрица	0.030
патрицианка	0.030
патрициат	0.030
патролог	0.030
патрология	0.030
патронажество	0.030
патронатство	0.030
патронимия	0.030
патронирование	0.030
патронишко	0.030
патронница	0.030
патронодержатель	0.030
патронохранилище	0.030
патронша	0.030
патронщик	0.030
патроциний	0.030
патуа	0.030
патынок	0.030
патыночек	0.030
паужин	0.030
паузник	0.030
паузок	0.030
паузочка	0.030
паупер	0.030
пауперизация	0.030
пауперизм	0.030
паут	0.030
паутиночка	0.030
паучище	0.030
пахание	0.030
пахарство	0.030
пахатник	0.030
пахви	0.030
пахвы	0.030
пахидерм	0.030
пахидермия	0.030
пахименингит	0.030
пахитоса	0.030
пахитоска	0.030
паховик	0.030
паховина	0.030
пахолок	0.030
пахоть	0.030
пахталка	0.030
пахтальщик	0.030
пахтальщица	0.030
пахтание	0.030
пахучесть	0.030
пахучка	0.030
пацификация	0.030
пачеси	0.030
пачечка	0.030
пачечник	0.030
пачечница	0.030
пачкание	0.030
пачкотня	0.030
пачкунья	0.030
пашалык	0.030
пашинка	0.030
пащенок	0.030
паюс	0.030
паяльщик	0.030
паяльщица	0.030
паяние	0.030
паясничание	0.030
паясничество	0.030
пе	0.030
пеан	0.030
пебрина	0.030
певг	0.030
певень	0.030
певучесть	0.030
певчество	0.030
пеганка	0.030
пегаш	0.030
пегматит	0.030
педагогичность	0.030
педагогия	0.030
педализация	0.030
педантка	0.030
педантство	0.030
педель	0.030
педикюрша	0.030
педогенез	0.030
педократ	0.030
педократия	0.030
педология	0.030
педометр	0.030
педпрактика	0.030
педфак	0.030
пежина	0.030
пежинка	0.030
пейджинг	0.030
пейзажистка	0.030
пейзан	0.030
пейзанка	0.030
пейсаховка	0.030
пейсик	0.030
пейсики	0.030
пекарша	0.030
пеклевание	0.030
пеклеванка	0.030
пеклеванник	0.030
пеклеванничек	0.030
пеклевань	0.030
пеклёвка	0.030
пекушечка	0.030
пекушка	0.030
пеламида	0.030
пеларгония	0.030
пеленашка	0.030
пеленгование	0.030
пелесина	0.030
пельвеция	0.030
пелькомпас	0.030
пельменчик	0.030
пелядь	0.030
пелёва	0.030
пелёночка	0.030
пемзовка	0.030
пемзовщик	0.030
пенкосниматель	0.030
пенкоснимательство	0.030
пенник	0.030
пеногон	0.030
пентаметр	0.030
пентод	0.030
пенькопрядение	0.030
пеньё	0.030
пеонаж	0.030
пепелок	0.030
пепиньерка	0.030
пепсин	0.030
пептон	0.030
первак	0.030
первач	0.030
первинка	0.030
первобытность	0.030
первогодник	0.030
первозданность	0.030
первозимица	0.030
первозимье	0.030
первоначало	0.030
первоначальник	0.030
первоначальность	0.030
первоначатие	0.030
первообраз	0.030
первообразность	0.030
первооснова	0.030
первоочерёдность	0.030
первопечатник	0.030
первопоселенец	0.030
первопоселенка	0.030
первоприсутствующий	0.030
первопут	0.030
первопуток	0.030
первопутье	0.030
перворазрядница	0.030
первородящая	0.030
первоснежье	0.030
первосоние	0.030
первосортность	0.030
первотёл	0.030
первотёлка	0.030
первоучитель	0.030
первоэлемент	0.030
первоящер	0.030
перга	0.030
пергамен	0.030
пергидроль	0.030
переадминистрирование	0.030
переадресование	0.030
переадресовка	0.030
переадресовывание	0.030
переаранжирование	0.030
переарестовывание	0.030
переассигнование	0.030
переассигновывание	0.030
перебазирование	0.030
перебазировка	0.030
перебаллотировка	0.030
перебаловывание	0.030
перебалтывание	0.030
перебарщивание	0.030
перебарывание	0.030
перебег	0.030
перебегание	0.030
перебеление	0.030
перебеливание	0.030
перебелка	0.030
перебивщик	0.030
перебинтовывание	0.030
перебирание	0.030
переблеск	0.030
переборанивание	0.030
переборчик	0.030
переборщик	0.030
переборщица	0.030
перебраковка	0.030
перебрасывание	0.030
перебривание	0.030
перебрызгивание	0.030
перевалец	0.030
переваливание	0.030
перевалочка	0.030
перевальчик	0.030
переваримость	0.030
переварка	0.030
перевевание	0.030
переведенец	0.030
переведение	0.030
перевеивание	0.030
перевертень	0.030
перевеска	0.030
перевет	0.030
переветник	0.030
переветчик	0.030
перевешивание	0.030
перевеяние	0.030
перевив	0.030
перевивание	0.030
перевивка	0.030
перевинчивание	0.030
перевирание	0.030
перевисание	0.030
перевозник	0.030
перевозчица	0.030
переволакивание	0.030
переволок	0.030
переволока	0.030
перевооружённость	0.030
перевоплощаемость	0.030
переворашивание	0.030
переворошение	0.030
перевоспитывание	0.030
перевскрытие	0.030
перевыполнение	0.030
перевьючивание	0.030
перевязочка	0.030
перевязывание	0.030
перевяливание	0.030
перевясло	0.030
перевёрстка	0.030
перевёрт	0.030
перевёртка	0.030
перевёртывание	0.030
перегадывание	0.030
перегибание	0.030
перегибщик	0.030
перегибщица	0.030
перегладывание	0.030
переглаживание	0.030
перегласовка	0.030
перегляд	0.030
переглядка	0.030
перегнаивание	0.030
перегнивание	0.030
переговаривание	0.030
перегораживание	0.030
перегорание	0.030
перегорода	0.030
перегородочка	0.030
перегревание	0.030
перегреватель	0.030
перегримировка	0.030
перегрин	0.030
перегринация	0.030
перегружатель	0.030
перегрунтовка	0.030
перегрызание	0.030
перегуд	0.030
перегудка	0.030
перегул	0.030
перегуливание	0.030
перегущение	0.030
передавание	0.030
передаватель	0.030
передавательница	0.030
передавливание	0.030
передаивание	0.030
передаривание	0.030
передаток	0.030
передатчица	0.030
передваивание	0.030
передвигание	0.030
передвигатель	0.030
передвижник	0.030
передвижничество	0.030
переделение	0.030
переделыватель	0.030
переделывательница	0.030
передержательство	0.030
передерживание	0.030
передир	0.030
передирание	0.030
передирка	0.030
передислоцировка	0.030
передоверие	0.030
передовитость	0.030
передознание	0.030
передой	0.030
передойка	0.030
передокладывание	0.030
передопрос	0.030
передраивание	0.030
передрессировка	0.030
передрессировывание	0.030
передувание	0.030
передумывание	0.030
передыхание	0.030
передышечка	0.030
передёргивание	0.030
переездка	0.030
пережабина	0.030
пережалование	0.030
пережаривание	0.030
пережиг	0.030
пережигание	0.030
пережидание	0.030
пережим	0.030
пережог	0.030
перезакалка	0.030
перезаклад	0.030
перезаключение	0.030
перезакрепление	0.030
перезалог	0.030
перезаряд	0.030
перезаряжание	0.030
перезаряжение	0.030
перезаявка	0.030
перезванивание	0.030
перезвяк	0.030
перезвякивание	0.030
перезимовка	0.030
перезимовывание	0.030
перезол	0.030
перезревание	0.030
перезрелка	0.030
перезрелость	0.030
перезывание	0.030
переигрывание	0.030
переименовывание	0.030
переимка	0.030
переимчивость	0.030
переиначивание	0.030
переинструментовка	0.030
переискивание	0.030
перекал	0.030
перекаливание	0.030
перекалка	0.030
перекалывание	0.030
перекантовка	0.030
перекантовывание	0.030
перекапчивание	0.030
перекапывание	0.030
перекармливание	0.030
перекатец	0.030
перекатка	0.030
перекатчик	0.030
перекатчица	0.030
перекатывание	0.030
перекашивание	0.030
перекваска	0.030
переквашивание	0.030
перекидка	0.030
перекидывание	0.030
перекипание	0.030
перекисание	0.030
переклад	0.030
перекладка	0.030
переклеивание	0.030
переклейка	0.030
переклеймение	0.030
переклик	0.030
перекликание	0.030
переклинивание	0.030
переключаемость	0.030
переклёвывание	0.030
переклёпка	0.030
перековеркивание	0.030
перековывание	0.030
перековыривание	0.030
переколачивание	0.030
переколка	0.030
перекомиссия	0.030
перекомкивание	0.030
перекомплектование	0.030
перекомпостирование	0.030
переконопачивание	0.030
переконструирование	0.030
переконструкция	0.030
перекопка	0.030
перекор	0.030
перекорм	0.030
перекормка	0.030
перекоры	0.030
перекочёвка	0.030
перекочёвывание	0.030
перекошенность	0.030
перекрахмаливание	0.030
перекрашивание	0.030
перекрепление	0.030
перекрещеванец	0.030
перекрещенец	0.030
перекрещение	0.030
перекрещенка	0.030
перекрещивание	0.030
перекривление	0.030
перекрикивание	0.030
перекройка	0.030
перекрутка	0.030
перекрывание	0.030
перекрыватель	0.030
перекрышка	0.030
перекрёстноопылитель	0.030
перекувыркивание	0.030
перекуп	0.030
перекупание	0.030
перекупка	0.030
перекупщица	0.030
перекупывание	0.030
перекуривание	0.030
перекурка	0.030
перекуска	0.030
перекусывание	0.030
перекутывание	0.030
перелавливание	0.030
перелагатель	0.030
переладец	0.030
перелаживание	0.030
перелакировка	0.030
перелакировывание	0.030
переламывание	0.030
перелезание	0.030
перелепка	0.030
перелепливание	0.030
перелесица	0.030
перелеска	0.030
перелесочек	0.030
перелесье	0.030
перелетание	0.030
переливка	0.030
переливт	0.030
перелизывание	0.030
перелиновывание	0.030
перелицовка	0.030
перелицовывание	0.030
перелов	0.030
перелой	0.030
переломка	0.030
перелопачивание	0.030
перелуживание	0.030
перелущивание	0.030
перелёжка	0.030
перемагничивание	0.030
перемазанец	0.030
перемазание	0.030
перемазанство	0.030
перемазка	0.030
перемазовщина	0.030
перемазывание	0.030
перемалывание	0.030
перемалёвывание	0.030
переманка	0.030
перемаривание	0.030
перемарка	0.030
перемарывание	0.030
перемасливание	0.030
перематывальщик	0.030
перематывальщица	0.030
перематывание	0.030
перемахивание	0.030
перемачивание	0.030
перемащивание	0.030
перемежевание	0.030
перемежка	0.030
перемежёвка	0.030
перемежёвывание	0.030
перемерзание	0.030
перемеривание	0.030
перемерка	0.030
переметчивость	0.030
переметчик	0.030
переметчица	0.030
перемигивание	0.030
переминание	0.030
перемножение	0.030
перемоки	0.030
перемол	0.030
перемолачивание	0.030
перемолот	0.030
перемонтирование	0.030
перемонтировка	0.030
перемораживание	0.030
перемотчик	0.030
перемотчица	0.030
перемочка	0.030
перемощение	0.030
перемусливание	0.030
перемусоливание	0.030
перемывание	0.030
перемывка	0.030
перемыкание	0.030
перемётка	0.030
перемётывание	0.030
перенагревание	0.030
перенакопление	0.030
переналадка	0.030
перенаполнение	0.030
перенасыщенность	0.030
перенашивание	0.030
перенаём	0.030
перенизка	0.030
перенизывание	0.030
перенимание	0.030
переносливость	0.030
переносность	0.030
переносчица	0.030
перенумеровывание	0.030
перенюхивание	0.030
перенятие	0.030
переобмер	0.030
переобмундирование	0.030
переобмундировывание	0.030
переобразование	0.030
переобременение	0.030
переобременённость	0.030
переобсуждение	0.030
переобувание	0.030
переозвучивание	0.030
переопыление	0.030
переорганизация	0.030
переоркестровка	0.030
переосвидетельствование	0.030
переосмысливание	0.030
перепадание	0.030
перепаивание	0.030
перепайка	0.030
перепалывание	0.030
перепаривание	0.030
перепархивание	0.030
перепарывание	0.030
перепахивание	0.030
перепашка	0.030
перепев	0.030
перепевание	0.030
перепекание	0.030
перепеленание	0.030
перепелица	0.030
перепелятник	0.030
перепелёнок	0.030
перепелёнывание	0.030
переперчивание	0.030
перепеча	0.030
перепечатание	0.030
перепечатывание	0.030
перепивание	0.030
перепиливание	0.030
перепилка	0.030
переписчица	0.030
перепихивание	0.030
переплав	0.030
перепланирование	0.030
переплачивание	0.030
переплеск	0.030
переплетание	0.030
переплетённость	0.030
переплывание	0.030
перепляс	0.030
переплясывание	0.030
переплёвывание	0.030
переплёскивание	0.030
переплётец	0.030
переплётик	0.030
переплётчица	0.030
переполаскивание	0.030
переползание	0.030
переполосица	0.030
перепона	0.030
перепоночка	0.030
перепоясывание	0.030
переправление	0.030
перепрашивание	0.030
перепревание	0.030
перепрививка	0.030
переприём	0.030
перепробег	0.030
перепродавец	0.030
перепроектирование	0.030
перепроектировка	0.030
перепрокидывание	0.030
перепруда	0.030
перепрыгивание	0.030
перепрыжка	0.030
перепрыскивание	0.030
перепрягание	0.030
перепрядение	0.030
перепряжка	0.030
перепрятывание	0.030
перепудривание	0.030
перепуск	0.030
перепускание	0.030
перепутывание	0.030
перепёлочка	0.030
перерабатывание	0.030
переразвитость	0.030
перерастание	0.030
перерасходование	0.030
перередактирование	0.030
перерез	0.030
перерезка	0.030
перерезывание	0.030
перерешение	0.030
перерисовка	0.030
перерисовывание	0.030
перерод	0.030
перерожденец	0.030
перерожденка	0.030
перерожденчество	0.030
переруб	0.030
перерубание	0.030
переругивание	0.030
пересаживание	0.030
пересаливание	0.030
пересасывание	0.030
пересахаривание	0.030
пересвист	0.030
пересвистывание	0.030
пересев	0.030
пересеивание	0.030
пересекаемость	0.030
пересекание	0.030
переселенка	0.030
пересечённость	0.030
пересиживание	0.030
пересиливание	0.030
пересинивание	0.030
перескабливание	0.030
пересказчик	0.030
пересказчица	0.030
пересказывание	0.030
перескакивание	0.030
перескачка	0.030
перескок	0.030
переслаивание	0.030
переслащивание	0.030
переследование	0.030
переслежина	0.030
переслежистость	0.030
переслойка	0.030
переслуживание	0.030
переслушивание	0.030
переслюнивание	0.030
пересмаливание	0.030
пересматривание	0.030
пересмеивание	0.030
пересмех	0.030
пересмешечка	0.030
пересмешка	0.030
пересмешница	0.030
пересмешничество	0.030
переснаряжение	0.030
переснастка	0.030
переснащение	0.030
переснащивание	0.030
пересоздание	0.030
пересол	0.030
пересортировка	0.030
пересоставление	0.030
пересохлость	0.030
пересочинение	0.030
переспевание	0.030
переспелость	0.030
переспоривание	0.030
переспрашивание	0.030
переспрос	0.030
перестаивание	0.030
перестанавливание	0.030
перестановление	0.030
перестарка	0.030
перестарок	0.030
перестилание	0.030
перестилка	0.030
перестирка	0.030
перестирывание	0.030
перестой	0.030
перестрагивание	0.030
перестраивание	0.030
перестраховывание	0.030
перестрачивание	0.030
перестреливание	0.030
перестройщик	0.030
перестуживание	0.030
перестукивание	0.030
переступание	0.030
переступень	0.030
перестёгивание	0.030
перестёжка	0.030
пересудчик	0.030
пересудчица	0.030
пересуживание	0.030
пересучивание	0.030
пересушивание	0.030
пересушка	0.030
пересчитывание	0.030
пересъёмщик	0.030
пересъёмщица	0.030
пересыл	0.030
пересылание	0.030
пересып	0.030
пересыпание	0.030
пересыпка	0.030
пересыпочка	0.030
пересыпщик	0.030
пересыпщица	0.030
пересыхание	0.030
пересыщение	0.030
перетакивание	0.030
переталкивание	0.030
перетанцовывание	0.030
перетапливание	0.030
перетаптывание	0.030
перетасовщик	0.030
перетасовщица	0.030
перетасовывание	0.030
перетачивание	0.030
перетачка	0.030
перетекание	0.030
перетир	0.030
перетирание	0.030
перетирка	0.030
перетискивание	0.030
перетлевание	0.030
переток	0.030
перетолки	0.030
перетолкование	0.030
перетолковывание	0.030
перетопка	0.030
переторжка	0.030
переточка	0.030
перетравливание	0.030
перетраивание	0.030
перетрактовка	0.030
перетрачивание	0.030
перетруска	0.030
перетрушивание	0.030
перетрясание	0.030
перетряска	0.030
перетряхивание	0.030
перетрёпывание	0.030
перетыкание	0.030
перетёсывание	0.030
переувлажнение	0.030
переугливание	0.030
переуживание	0.030
переузина	0.030
переузинка	0.030
переукладка	0.030
переукладывание	0.030
переупаковка	0.030
переупаковывание	0.030
переуплотнение	0.030
переусердствование	0.030
переуступка	0.030
переутомлённость	0.030
переутюживание	0.030
переутюжка	0.030
переучивание	0.030
перефасонивание	0.030
переформировка	0.030
переформировывание	0.030
перефразирование	0.030
перефразировка	0.030
перефыркивание	0.030
перехаживание	0.030
перехаивание	0.030
перехваливание	0.030
перехварывание	0.030
перехватец	0.030
перехватка	0.030
перехватывание	0.030
перехихикивание	0.030
перехлёстывание	0.030
переходец	0.030
переходимость	0.030
переходность	0.030
переходчивость	0.030
перехождение	0.030
перецеживание	0.030
переценивание	0.030
перецепка	0.030
перецыганивание	0.030
перечаливание	0.030
перечалка	0.030
перечеканивание	0.030
перечеканка	0.030
перечерпывание	0.030
перечерчивание	0.030
перечинивание	0.030
перечинка	0.030
перечистка	0.030
перечитка	0.030
перечитывание	0.030
перечёркивание	0.030
перечёс	0.030
перечёска	0.030
перечёсывание	0.030
перечёт	0.030
перешагивание	0.030
перешаривание	0.030
перешвыривание	0.030
перешевеливание	0.030
перешеечек	0.030
перешелест	0.030
перешелушивание	0.030
перешиб	0.030
перешив	0.030
перешивание	0.030
перешивка	0.030
перешихтовка	0.030
перешлифовка	0.030
перешлихтование	0.030
перешлихтовка	0.030
перешнуровка	0.030
перешнуровывание	0.030
перешныривание	0.030
перешпиговывание	0.030
перешпиливание	0.030
перештемпелёвывание	0.030
перештопывание	0.030
перештукатуривание	0.030
перешучивание	0.030
перешёпт	0.030
перещипка	0.030
перещипывание	0.030
перещупывание	0.030
перещёлк	0.030
перещёлкивание	0.030
переязок	0.030
переярок	0.030
переём	0.030
переёмное	0.030
переёмщик	0.030
переёмщица	0.030
перигелий	0.030
перидотит	0.030
перинка	0.030
перинушка	0.030
периодизация	0.030
периост	0.030
периостит	0.030
перипатетизм	0.030
перипатетик	0.030
периптер	0.030
перистиль	0.030
перифраз	0.030
перифраза	0.030
перифразировка	0.030
перкаль	0.030
перламутровка	0.030
перлинь	0.030
перловица	0.030
перловник	0.030
перлон	0.030
перлюстрация	0.030
перманентность	0.030
пермяк	0.030
пермячка	0.030
пернач	0.030
перпендикулярность	0.030
персеверация	0.030
персифлирование	0.030
персиянин	0.030
персонализм	0.030
персонификация	0.030
перспективность	0.030
перстенёчек	0.030
персть	0.030
пертурбация	0.030
перуанка	0.030
перуны	0.030
перфект	0.030
перфораторщик	0.030
перфораторщица	0.030
перфорирование	0.030
перхание	0.030
перхота	0.030
перхотина	0.030
перцепция	0.030
перцеяд	0.030
перцовочка	0.030
перчаточница	0.030
перш	0.030
першерон	0.030
перье	0.030
песенница	0.030
песенность	0.030
песиголовец	0.030
пескарьё	0.030
пескожил	0.030
песколюб	0.030
пескомойка	0.030
пескомёт	0.030
пескорой	0.030
пескоройка	0.030
пескоструйщик	0.030
песнопевец	0.030
песнословие	0.030
песнотворец	0.030
песнотворчество	0.030
пессимистичность	0.030
пестание	0.030
пестерь	0.030
пестование	0.030
пестователь	0.030
пестрец	0.030
пестрина	0.030
пестринка	0.030
пестроватость	0.030
пестролистность	0.030
пестрядина	0.030
пестрядь	0.030
пестряк	0.030
пестрянка	0.030
пестун	0.030
пестунья	0.030
песчанистость	0.030
петельщица	0.030
петиметр	0.030
петиметрство	0.030
петрификация	0.030
петрограф	0.030
петрография	0.030
петролейщик	0.030
петролий	0.030
петрология	0.030
петроль	0.030
петрушечка	0.030
петрушечник	0.030
петушишка	0.030
пехлеви	0.030
пеховье	0.030
пехтерь	0.030
пехтура	0.030
печалование	0.030
печальник	0.030
печальница	0.030
печатальщик	0.030
печатня	0.030
печево	0.030
печенег	0.030
печечка	0.030
печище	0.030
печоринство	0.030
печёночка	0.030
печёночник	0.030
пешеходец	0.030
пешеходство	0.030
пешец	0.030
пешечка	0.030
пещерник	0.030
пещур	0.030
пианизм	0.030
пивник	0.030
пивница	0.030
пивнуха	0.030
пивоварка	0.030
пигмейка	0.030
пигментирование	0.030
пигус	0.030
пиджачник	0.030
пиелит	0.030
пиемия	0.030
пиетет	0.030
пиетизм	0.030
пиетист	0.030
пиетистка	0.030
пижма	0.030
пикан	0.030
пикетаж	0.030
пикетажист	0.030
пикировка	0.030
пикнометр	0.030
пиковка	0.030
пикон	0.030
пиктография	0.030
пикулька	0.030
пикульник	0.030
пикуля	0.030
пилав	0.030
пиление	0.030
пилигримка	0.030
пилигримство	0.030
пиликание	0.030
пилильщик	0.030
пиллерс	0.030
пиловочник	0.030
пилоточка	0.030
пильня	0.030
пильщица	0.030
пилястр	0.030
пилястра	0.030
пинакотека	0.030
пинанга	0.030
пинание	0.030
пинна	0.030
пинцировка	0.030
пинькание	0.030
пиодермия	0.030
пиоррея	0.030
пиранометр	0.030
пиретрум	0.030
пирке	0.030
пирование	0.030
пирожище	0.030
пирожница	0.030
пирозома	0.030
пирок	0.030
пироксен	0.030
пироксилин	0.030
пиромантия	0.030
пирометр	0.030
пирометрия	0.030
пироплазма	0.030
пироплазмоз	0.030
пироскоп	0.030
пиррихий	0.030
писанка	0.030
писариха	0.030
писаришка	0.030
писарство	0.030
писарша	0.030
писарёк	0.030
писарёнок	0.030
писарёчек	0.030
писачка	0.030
пискание	0.030
пискливость	0.030
писклёнок	0.030
пискотня	0.030
пискулька	0.030
пискунчик	0.030
пистик	0.030
пистолетишко	0.030
пистонка	0.030
писулечка	0.030
писуля	0.030
писчик	0.030
письмишко	0.030
письмовник	0.030
письмоводец	0.030
письмоводитель	0.030
письмоводительство	0.030
письмоводительша	0.030
письмоводство	0.030
письмоноска	0.030
питательница	0.030
питейка	0.030
питейщик	0.030
питок	0.030
питомица	0.030
питомка	0.030
питомничек	0.030
пифагореизм	0.030
пифагорейство	0.030
пифос	0.030
пифферари	0.030
пихтарник	0.030
пихтач	0.030
пихтовник	0.030
пичкание	0.030
пичужечка	0.030
пищальник	0.030
пищевик	0.030
пищуха	0.030
пиявица	0.030
пиявочка	0.030
плавень	0.030
плавильник	0.030
плавильщик	0.030
плавильщица	0.030
плавкость	0.030
плавсостав	0.030
плавун	0.030
плавунчик	0.030
плавщик	0.030
плавь	0.030
плагиаторство	0.030
плагиоклаз	0.030
плазмодесма	0.030
плазмодий	0.030
плакатист	0.030
плакатность	0.030
плакировальня	0.030
плакировальщик	0.030
плакировальщица	0.030
плакирование	0.030
плакировка	0.030
плакировщик	0.030
плакировщица	0.030
плаксивость	0.030
плакун	0.030
плакуша	0.030
пламегаситель	0.030
пламенник	0.030
пламенность	0.030
планеризм	0.030
планеристка	0.030
планеродром	0.030
планетовед	0.030
планетоведение	0.030
планида	0.030
планиметр	0.030
планиметрия	0.030
планисфера	0.030
плановость	0.030
планомерность	0.030
плантаж	0.030
плантаторство	0.030
планшайба	0.030
пластание	0.030
пластеин	0.030
пластикат	0.030
пластинник	0.030
пластиночка	0.030
пластиночник	0.030
пластинчатость	0.030
пластицизм	0.030
пластование	0.030
пластрон	0.030
платание	0.030
плательщица	0.030
платинат	0.030
платинирование	0.030
платинит	0.030
платинка	0.030
платиноид	0.030
платинопромышленность	0.030
платинотипия	0.030
платность	0.030
платонизм	0.030
платоник	0.030
платьевщица	0.030
плаун	0.030
плафончик	0.030
плахта	0.030
плачевность	0.030
плачея	0.030
плашкоут	0.030
плащишко	0.030
плебейка	0.030
плебейство	0.030
плебисцит	0.030
плевальница	0.030
плевание	0.030
плевропневмония	0.030
плезир	0.030
плектр	0.030
племенник	0.030
племяненка	0.030
племяннушка	0.030
племяшок	0.030
пленитель	0.030
пленительность	0.030
пленица	0.030
пленничество	0.030
пленэрист	0.030
плеоназм	0.030
плеохроизм	0.030
плерезы	0.030
плескотня	0.030
плесневелость	0.030
плесневение	0.030
плессиметр	0.030
плетежок	0.030
плетельщик	0.030
плетельщица	0.030
плетеница	0.030
плетешок	0.030
плетушка	0.030
плетюган	0.030
плетюха	0.030
плечище	0.030
плешанка	0.030
плешивец	0.030
плешинка	0.030
плешка	0.030
плимутрок	0.030
плинтование	0.030
плинтовка	0.030
плинфа	0.030
плиска	0.030
плиссировка	0.030
плитняк	0.030
плодик	0.030
плодливость	0.030
плодник	0.030
плодовитка	0.030
плодовод	0.030
плодоводство	0.030
плодожил	0.030
плодожорка	0.030
плодоизгнание	0.030
плодолистик	0.030
плодоножка	0.030
плодоносие	0.030
плодоносность	0.030
плодоношение	0.030
плодоовощевод	0.030
плодоовощеводство	0.030
плодосбор	0.030
плодосмен	0.030
плодосниматель	0.030
плодосушилка	0.030
плодотворность	0.030
плодохранилище	0.030
плодуха	0.030
плодушка	0.030
плоение	0.030
плойчатость	0.030
пломбирование	0.030
пломбировка	0.030
пломбировщик	0.030
пломбировщица	0.030
пломпуддинг	0.030
плосковатость	0.030
плоскодон	0.030
плоскодонник	0.030
плоскостность	0.030
плоскоступие	0.030
плоскуша	0.030
плотбище	0.030
плотвица	0.030
плотильщик	0.030
плотинка	0.030
плотица	0.030
плотишко	0.030
плотничание	0.030
плотничек	0.030
плотноватость	0.030
плотномер	0.030
плотовод	0.030
плотогон	0.030
плотоспуск	0.030
плотоугодие	0.030
плотоугодник	0.030
плотоугодница	0.030
плотоумерщвление	0.030
плотоход	0.030
плотоядность	0.030
плохость	0.030
плохота	0.030
плошечка	0.030
площение	0.030
площильня	0.030
площильщик	0.030
площица	0.030
плугарь	0.030
плужник	0.030
плужок	0.030
плутание	0.030
плутина	0.030
плутование	0.030
плутоватость	0.030
плутовочка	0.030
плутократизм	0.030
плутонг	0.030
плутонизм	0.030
плутонист	0.030
плутонос	0.030
плутяга	0.030
плывучесть	0.030
плювиограф	0.030
плювиометр	0.030
плюгавец	0.030
плюгавка	0.030
плюгавость	0.030
плюр	0.030
плюралист	0.030
плюска	0.030
плюсквамперфект	0.030
плюсна	0.030
плюсование	0.030
плюсовка	0.030
плюсовщик	0.030
плюхание	0.030
плюшкинство	0.030
плющение	0.030
плющильня	0.030
плющильщик	0.030
плясавец	0.030
плясавица	0.030
плясальщик	0.030
плясальщица	0.030
плясание	0.030
плёнчатость	0.030
плёсо	0.030
плёточка	0.030
пневматчик	0.030
пневмограф	0.030
пнекорчеватель	0.030
пнистость	0.030
пнище	0.030
побалтывание	0.030
побаска	0.030
победоносность	0.030
побежалость	0.030
побежка	0.030
побеление	0.030
побиение	0.030
побирашка	0.030
побитие	0.030
побледнение	0.030
поблескивание	0.030
поблёклость	0.030
поборница	0.030
побранка	0.030
побратимство	0.030
побрякивание	0.030
побудитель	0.030
побудительница	0.030
побудительность	0.030
побурение	0.030
побывальщина	0.030
повадливость	0.030
поваришка	0.030
поварчонок	0.030
повелительность	0.030
поверяльщик	0.030
повесничание	0.030
повесничество	0.030
повествовательница	0.030
повествовательность	0.030
повесточка	0.030
повестушка	0.030
повестца	0.030
поветка	0.030
повечерие	0.030
повивальник	0.030
повивание	0.030
повиливание	0.030
повилица	0.030
повитель	0.030
повитушка	0.030
поводец	0.030
поводырка	0.030
повозочка	0.030
повойник	0.030
повойничек	0.030
повольник	0.030
повольничек	0.030
поворачивание	0.030
поворотливость	0.030
повременка	0.030
повременщик	0.030
повременщица	0.030
повсеместность	0.030
повстание	0.030
повстанчество	0.030
повторитель	0.030
повторнородящая	0.030
повторность	0.030
повторяемость	0.030
повытчик	0.030
повытье	0.030
повышенность	0.030
повязочка	0.030
повязывание	0.030
повязь	0.030
повёртывание	0.030
поганство	0.030
поганыш	0.030
погасание	0.030
погибание	0.030
погибь	0.030
поглощаемость	0.030
погляд	0.030
поглядка	0.030
поглядывание	0.030
погнутость	0.030
поговорочка	0.030
погодушка	0.030
поголовщина	0.030
погонщица	0.030
погоныш	0.030
погонялка	0.030
погоняльщик	0.030
погребец	0.030
погребица	0.030
погребщик	0.030
погремок	0.030
погрешение	0.030
погромыхивание	0.030
погрохатывание	0.030
погубитель	0.030
погубление	0.030
погудка	0.030
подавальщик	0.030
подавание	0.030
подавливание	0.030
подагрик	0.030
подагричка	0.030
подалирий	0.030
подалириус	0.030
подательница	0.030
подбавка	0.030
подбавление	0.030
подбагренник	0.030
подбалка	0.030
подбалочник	0.030
подбалтывание	0.030
подбегание	0.030
подбедёрок	0.030
подбел	0.030
подбеливание	0.030
подбелка	0.030
подбережник	0.030
подбережье	0.030
подберезник	0.030
подбивание	0.030
подбивка	0.030
подбирание	0.030
подбитие	0.030
подблюдник	0.030
подбой	0.030
подбойка	0.030
подбойщик	0.030
подбородник	0.030
подбородочек	0.030
подборщик	0.030
подборщица	0.030
подбривание	0.030
подбрюшина	0.030
подбрюшник	0.030
подбутовка	0.030
подваливание	0.030
подвалка	0.030
подваривание	0.030
подварка	0.030
подващивание	0.030
подвевание	0.030
подведомственность	0.030
подвезение	0.030
подверстачье	0.030
подвздох	0.030
подвигание	0.030
подвижница	0.030
подвижничество	0.030
подвизание	0.030
подвизгивание	0.030
подвиливание	0.030
подвинчивание	0.030
подвирание	0.030
подвишень	0.030
подвластность	0.030
подвозчик	0.030
подвозчица	0.030
подвой	0.030
подволакивание	0.030
подволока	0.030
подволочение	0.030
подворачивание	0.030
подворник	0.030
подвязник	0.030
подвязочка	0.030
подвязывание	0.030
подвязь	0.030
подвяливание	0.030
подвёрстка	0.030
подвёрстывание	0.030
подвёртка	0.030
подвёртывание	0.030
подгаживание	0.030
подгалстучник	0.030
подгар	0.030
подгвазживание	0.030
подгиб	0.030
подгибание	0.030
подгладывание	0.030
подглаживание	0.030
подглази	0.030
подглазни	0.030
подглазница	0.030
подглазье	0.030
подгнаивание	0.030
подгнивание	0.030
подговаривание	0.030
подговор	0.030
подговорщик	0.030
подговорщица	0.030
подголовок	0.030
подголовье	0.030
подголосочность	0.030
подгонщик	0.030
подгонщица	0.030
подгоняльщик	0.030
подгоняльщица	0.030
подгорание	0.030
подготавливание	0.030
подготовитель	0.030
подготовительница	0.030
подготовление	0.030
подгребание	0.030
подгрифок	0.030
подгруздок	0.030
подгруздь	0.030
подгрузка	0.030
подгрунтовка	0.030
подгрызание	0.030
подгузничек	0.030
поддабривание	0.030
поддавала	0.030
поддавание	0.030
поддавливание	0.030
поддакивание	0.030
поддалбливание	0.030
подданичество	0.030
поддатень	0.030
поддача	0.030
поддвигание	0.030
поддевание	0.030
поддельность	0.030
поддельщица	0.030
поддергай	0.030
поддир	0.030
поддирание	0.030
поддирка	0.030
поддирщик	0.030
поддой	0.030
поддолбление	0.030
поддонник	0.030
поддубень	0.030
поддубовик	0.030
поддувальце	0.030
поддувание	0.030
поддьяк	0.030
поддёв	0.030
поддёвочка	0.030
поддёрг	0.030
поддёргивание	0.030
поделочка	0.030
поджарость	0.030
поджатие	0.030
подживание	0.030
подживление	0.030
поджигательство	0.030
поджидание	0.030
поджимание	0.030
подзаборник	0.030
подзадоривание	0.030
подзатыльничек	0.030
подзвякивание	0.030
подземье	0.030
подзеркалье	0.030
подзобок	0.030
подзол	0.030
подзолистость	0.030
подзолообразование	0.030
подзор	0.030
подзуживание	0.030
подзыв	0.030
подзывание	0.030
подий	0.030
подина	0.030
подкаливание	0.030
подкалка	0.030
подкаменщик	0.030
подкандальник	0.030
подканцелярист	0.030
подкапок	0.030
подкапчивание	0.030
подкапывание	0.030
подкарауливание	0.030
подкармливание	0.030
подкатка	0.030
подкатчик	0.030
подкатчица	0.030
подкатывание	0.030
подкачивание	0.030
подкашивание	0.030
подкашливание	0.030
подкваска	0.030
подквашивание	0.030
подкидка	0.030
подкидывание	0.030
подкисание	0.030
подкисление	0.030
подкладывание	0.030
подкласс	0.030
подклеивание	0.030
подклейка	0.030
подклет	0.030
подклеть	0.030
подклетье	0.030
подклик	0.030
подкликивание	0.030
подклинивание	0.030
подклинок	0.030
подклювье	0.030
подключник	0.030
подклёв	0.030
подклёвывание	0.030
подклёпка	0.030
подклёпывание	0.030
подкованность	0.030
подковонос	0.030
подковывание	0.030
подковыр	0.030
подковыривание	0.030
подковырочка	0.030
подколачивание	0.030
подколупывание	0.030
подкоморий	0.030
подконвойная	0.030
подкопка	0.030
подкопщик	0.030
подкопытник	0.030
подкорачивание	0.030
подкорм	0.030
подкорье	0.030
подкос	0.030
подкосина	0.030
подкрад	0.030
подкраивание	0.030
подкрапивник	0.030
подкрапивничек	0.030
подкраска	0.030
подкрахмаливание	0.030
подкрашенность	0.030
подкрашивание	0.030
подкрикивание	0.030
подкройка	0.030
подкручивание	0.030
подкрылок	0.030
подкрылье	0.030
подкрякивание	0.030
подкулачник	0.030
подкулачница	0.030
подкупание	0.030
подкур	0.030
подкуривание	0.030
подкурка	0.030
подкурщик	0.030
подлавливание	0.030
подлавочье	0.030
подлаживание	0.030
подлаз	0.030
подлаивание	0.030
подламывание	0.030
подлапник	0.030
подлатывание	0.030
подлащивание	0.030
подледник	0.030
подлезание	0.030
подлекарь	0.030
подлесье	0.030
подлетание	0.030
подлеток	0.030
подлеточек	0.030
подлещ	0.030
подливание	0.030
подливочка	0.030
подлинь	0.030
подлипала	0.030
подлипальство	0.030
подлипание	0.030
подлисок	0.030
подлистник	0.030
подличание	0.030
подловатость	0.030
подложность	0.030
подлокотня	0.030
подлыгала	0.030
подлячка	0.030
подмаз	0.030
подмазка	0.030
подмазочка	0.030
подмазывание	0.030
подмалёвка	0.030
подмалёвок	0.030
подманивание	0.030
подманка	0.030
подмаргивание	0.030
подмаренник	0.030
подмарывание	0.030
подмасливание	0.030
подмастер	0.030
подматывание	0.030
подмахивание	0.030
подмачивание	0.030
подмащивание	0.030
подменивание	0.030
подменщик	0.030
подмерзание	0.030
подмес	0.030
подмеска	0.030
подмесь	0.030
подметальщик	0.030
подметальщица	0.030
подмечание	0.030
подмешивание	0.030
подмиг	0.030
подмокание	0.030
подмолаживание	0.030
подмораживание	0.030
подмостка	0.030
подмосток	0.030
подмость	0.030
подмостье	0.030
подмотка	0.030
подмочка	0.030
подмуровка	0.030
подмуровывание	0.030
подмыв	0.030
подмывание	0.030
подмывка	0.030
подмышник	0.030
подмёт	0.030
подмёточка	0.030
подмётчик	0.030
подмётывание	0.030
поднавес	0.030
поднавесье	0.030
поднадзорность	0.030
поднаречие	0.030
поднаряд	0.030
подневолье	0.030
подневольность	0.030
поднесение	0.030
поднизка	0.030
поднизывание	0.030
поднизь	0.030
подновление	0.030
подноска	0.030
подносчица	0.030
подобность	0.030
подобострастность	0.030
подобранность	0.030
подовик	0.030
подог	0.030
подогревание	0.030
подозревание	0.030
подой	0.030
подоконница	0.030
подоконье	0.030
подопревание	0.030
подорлик	0.030
подорожание	0.030
подорожная	0.030
подорожничек	0.030
подосина	0.030
подосинник	0.030
подоска	0.030
подоснова	0.030
подотдел	0.030
подотряд	0.030
подотчёт	0.030
подпаивание	0.030
подпайка	0.030
подпал	0.030
подпалзывание	0.030
подпаливание	0.030
подпалинка	0.030
подпарывание	0.030
подпевание	0.030
подпеватель	0.030
подпечатывание	0.030
подпечек	0.030
подпечье	0.030
подпил	0.030
подпиливание	0.030
подпилка	0.030
подпилок	0.030
подпирание	0.030
подписочка	0.030
подписчица	0.030
подпихивание	0.030
подплетина	0.030
подплывание	0.030
подплясывание	0.030
подползание	0.030
подполица	0.030
подполковница	0.030
подпольщица	0.030
подпор	0.030
подпора	0.030
подпочва	0.030
подпояска	0.030
подпоясочка	0.030
подпоясывание	0.030
подправка	0.030
подпрапорщик	0.030
подпруда	0.030
подпруживание	0.030
подпрыг	0.030
подпрягание	0.030
подпряжка	0.030
подпуск	0.030
подпускание	0.030
подпухлость	0.030
подпушивание	0.030
подпушка	0.030
подпушь	0.030
подпятник	0.030
подпяточник	0.030
подпёк	0.030
подрабатывание	0.030
подравнивание	0.030
подрагивание	0.030
подражательность	0.030
подражательство	0.030
подразумевание	0.030
подрайон	0.030
подрамок	0.030
подрастание	0.030
подращивание	0.030
подрегент	0.030
подрез	0.030
подрезка	0.030
подрезчик	0.030
подрезывание	0.030
подрезь	0.030
подрессоривание	0.030
подрессорник	0.030
подрешетина	0.030
подрешетник	0.030
подрешечение	0.030
подрешечивание	0.030
подрисовка	0.030
подрисовывание	0.030
подрост	0.030
подросточек	0.030
подруб	0.030
подрубание	0.030
подрубка	0.030
подрубщик	0.030
подрубщица	0.030
подрумянивание	0.030
подручник	0.030
подручница	0.030
подрывание	0.030
подрывательница	0.030
подрывка	0.030
подрывщик	0.030
подрытие	0.030
подрядец	0.030
подрядчица	0.030
подрядье	0.030
подрясник	0.030
подрясничек	0.030
подсад	0.030
подсадка	0.030
подсадок	0.030
подсаживание	0.030
подсак	0.030
подсаливание	0.030
подсанки	0.030
подсасывание	0.030
подсахаривание	0.030
подсачивание	0.030
подсваха	0.030
подсвекольник	0.030
подсвет	0.030
подсвечивание	0.030
подсвист	0.030
подсвистывание	0.030
подсев	0.030
подсевание	0.030
подсевка	0.030
подсед	0.030
подседельник	0.030
подседина	0.030
подсеивание	0.030
подсекание	0.030
подсекция	0.030
подсемейство	0.030
подсердечник	0.030
подсидка	0.030
подсиживание	0.030
подсинивание	0.030
подсинька	0.030
подскабливание	0.030
подсказ	0.030
подсказчица	0.030
подсказывание	0.030
подскакивание	0.030
подскобка	0.030
подскрёбыш	0.030
подслащивание	0.030
подследственность	0.030
подслеповатость	0.030
подслуживание	0.030
подсмаливание	0.030
подсмеивание	0.030
подсоба	0.030
подсобница	0.030
подсовывание	0.030
подсознательность	0.030
подсока	0.030
подсол	0.030
подсолка	0.030
подсолнушек	0.030
подсортировка	0.030
подсортировывание	0.030
подсосок	0.030
подсоха	0.030
подсочка	0.030
подсошка	0.030
подсошник	0.030
подставление	0.030
подставочка	0.030
подстарок	0.030
подстенок	0.030
подстепье	0.030
подстерегание	0.030
подстил	0.030
подстилание	0.030
подстилочка	0.030
подстожье	0.030
подстой	0.030
подстолье	0.030
подстольник	0.030
подстораживание	0.030
подстрагивание	0.030
подстраивание	0.030
подстрачивание	0.030
подстрекательница	0.030
подстрел	0.030
подстреливание	0.030
подстрелина	0.030
подстригание	0.030
подстрижка	0.030
подстрочник	0.030
подстругивание	0.030
подстружка	0.030
подступание	0.030
подступление	0.030
подстывание	0.030
подстёгивание	0.030
подстёжка	0.030
подсудимость	0.030
подсудность	0.030
подсудок	0.030
подсучивание	0.030
подсушивание	0.030
подсушина	0.030
подсушка	0.030
подсчитывание	0.030
подсыл	0.030
подсылание	0.030
подсылка	0.030
подсыльная	0.030
подсыльщик	0.030
подсыпание	0.030
подсыпка	0.030
подсыпщик	0.030
подсыхание	0.030
подтаивание	0.030
подталкиватель	0.030
подтанцовывание	0.030
подтапливание	0.030
подтаптывание	0.030
подтаскивание	0.030
подтасовщик	0.030
подтасовывание	0.030
подтачивание	0.030
подтекание	0.030
подтекстовка	0.030
подтоварник	0.030
подток	0.030
подтоп	0.030
подтопка	0.030
подтопление	0.030
подтопок	0.030
подторжье	0.030
подтормаживание	0.030
подточка	0.030
подтравка	0.030
подтравливание	0.030
подтрушивание	0.030
подтушёвка	0.030
подтушёвывание	0.030
подтыкание	0.030
подтёска	0.030
подтёсывание	0.030
подусник	0.030
подуститель	0.030
подуськивание	0.030
подучивание	0.030
подушное	0.030
подущение	0.030
подфарок	0.030
подхалюза	0.030
подхватывание	0.030
подхвостник	0.030
подхвостье	0.030
подхихикивание	0.030
подхлёстывание	0.030
подходец	0.030
подходка	0.030
подходчик	0.030
подхомутник	0.030
подхорунжий	0.030
подхрапывание	0.030
подцвет	0.030
подцветка	0.030
подцвечивание	0.030
подцед	0.030
подчасок	0.030
подчеканка	0.030
подчистка	0.030
подчитка	0.030
подчитчик	0.030
подчитывание	0.030
подчищение	0.030
подчёркнутость	0.030
подшеек	0.030
подшесток	0.030
подшибание	0.030
подшивальщик	0.030
подшивание	0.030
подшкипер	0.030
подшлифовка	0.030
подшпиливание	0.030
подшпоривание	0.030
подштурман	0.030
подшёптывание	0.030
подшёрсток	0.030
подщёлкивание	0.030
подъедание	0.030
подъезжание	0.030
подъельник	0.030
подъязик	0.030
подъязок	0.030
подъёмка	0.030
подъёмщик	0.030
подъёмщица	0.030
подыгрывание	0.030
подызбица	0.030
подымание	0.030
подыскание	0.030
подыскивание	0.030
подытоживание	0.030
подьячество	0.030
подёнщина	0.030
подёнщица	0.030
поездование	0.030
поездуха	0.030
поезжанин	0.030
поезжанка	0.030
поение	0.030
пожалование	0.030
пожарница	0.030
поживишка	0.030
поживка	0.030
пожизненность	0.030
пожниво	0.030
пожог	0.030
пожёвывание	0.030
позаимствование	0.030
позванивание	0.030
позволительность	0.030
позвоночек	0.030
поздника	0.030
позднота	0.030
поздныш	0.030
поздравитель	0.030
поздравительница	0.030
позеленение	0.030
позировка	0.030
позитивизм	0.030
позитивист	0.030
позитивистка	0.030
позитура	0.030
позиционность	0.030
позлащение	0.030
познабливание	0.030
познаваемость	0.030
позолотчик	0.030
позументик	0.030
позументщик	0.030
позывистость	0.030
позык	0.030
позёвывание	0.030
позём	0.030
позёмина	0.030
поилец	0.030
поилица	0.030
поимщик	0.030
пойка	0.030
показательность	0.030
покат	0.030
покатость	0.030
покатывание	0.030
поклонничество	0.030
поклёв	0.030
поклёпщик	0.030
поклёпщица	0.030
покоец	0.030
покоробленность	0.030
покорство	0.030
покосник	0.030
покосчик	0.030
покража	0.030
покрик	0.030
покрикивание	0.030
покромка	0.030
покручивание	0.030
покрывальце	0.030
покрывание	0.030
покрякивание	0.030
покряхтывание	0.030
покупочка	0.030
покупщик	0.030
покупщица	0.030
поламывание	0.030
полденьги	0.030
полдничание	0.030
полевение	0.030
полевица	0.030
полевичка	0.030
полеводка	0.030
полеводство	0.030
полегаемость	0.030
полегание	0.030
полежалое	0.030
полемарх	0.030
полемизатор	0.030
полемист	0.030
полемистка	0.030
полемичность	0.030
полендвица	0.030
поленика	0.030
поленица	0.030
поленище	0.030
полесник	0.030
полечка	0.030
ползунья	0.030
полиандрия	0.030
полиартрит	0.030
поливальщик	0.030
поливальщица	0.030
полигенизм	0.030
полигиния	0.030
полиграфист	0.030
полимент	0.030
полимерия	0.030
полиметрия	0.030
полиморфизм	0.030
полиневрит	0.030
полинезийка	0.030
полипоид	0.030
полиритмия	0.030
полировальник	0.030
полирование	0.030
полировщица	0.030
полисемия	0.030
полиспаст	0.030
политеизм	0.030
политеист	0.030
политес	0.030
политиканка	0.030
политиканша	0.030
политипаж	0.030
политипажня	0.030
политичность	0.030
политкаторжанин	0.030
политкаторжанка	0.030
политональность	0.030
полифонист	0.030
полихромия	0.030
полицеймейстер	0.030
полицеймейстерство	0.030
полицеймейстерша	0.030
полковница	0.030
полковничиха	0.030
полновесность	0.030
полновластие	0.030
полноводность	0.030
полноводье	0.030
полногласие	0.030
полнозвучность	0.030
полнокровие	0.030
полнокровность	0.030
полноправие	0.030
полноправность	0.030
полносочность	0.030
полноценность	0.030
полнощь	0.030
половец	0.030
половинник	0.030
половинчатость	0.030
половинщик	0.030
половинщица	0.030
половничество	0.030
половодь	0.030
половчанка	0.030
половщик	0.030
пологость	0.030
положительность	0.030
полозок	0.030
полольник	0.030
полольщик	0.030
полольщица	0.030
полонизация	0.030
полонизм	0.030
полоняник	0.030
полоняничек	0.030
полонянка	0.030
полоняночка	0.030
полосатость	0.030
полоскательница	0.030
полоскательное	0.030
полоскун	0.030
полосование	0.030
полосонька	0.030
полосушка	0.030
полосчатость	0.030
полоток	0.030
полоумие	0.030
полпред	0.030
полпредство	0.030
полстолька	0.030
полстолько	0.030
полсть	0.030
полтинка	0.030
полтинничек	0.030
полубарка	0.030
полубаркас	0.030
полубархат	0.030
полубогиня	0.030
полубольная	0.030
полубред	0.030
полубутылка	0.030
полувал	0.030
полугар	0.030
полугодок	0.030
полугора	0.030
полуда	0.030
полудикарь	0.030
полудремота	0.030
полудужие	0.030
полузнайка	0.030
полузнайство	0.030
полуимпериал	0.030
полуимя	0.030
полукафтан	0.030
полукафтанье	0.030
полукожник	0.030
полуколония	0.030
полукочевник	0.030
полукустарник	0.030
полулист	0.030
полумаска	0.030
полумысль	0.030
полунамёк	0.030
полуночница	0.030
полунощник	0.030
полунощница	0.030
полуобезьяна	0.030
полуоборот	0.030
полуокружность	0.030
полуось	0.030
полупар	0.030
полуполковник	0.030
полупортик	0.030
полупризнание	0.030
полуприседание	0.030
полупустыня	0.030
полустишие	0.030
полутемнота	0.030
полуторатонка	0.030
полуустав	0.030
полуфраза	0.030
полуфрак	0.030
полухронометр	0.030
получательница	0.030
полушалочек	0.030
полушар	0.030
полушечка	0.030
полушубочек	0.030
полуэкипаж	0.030
полуэскадрон	0.030
полуэтаж	0.030
полуют	0.030
полуявь	0.030
полцарства	0.030
полчанин	0.030
полчок	0.030
полыновка	0.030
полыхание	0.030
полюбовник	0.030
полюбовница	0.030
полюбовность	0.030
полюдье	0.030
полюсник	0.030
полюшко	0.030
поляночка	0.030
полянушка	0.030
поляризатор	0.030
поляриметр	0.030
полярископ	0.030
полярница	0.030
поляш	0.030
полёглость	0.030
помавание	0.030
помазанница	0.030
помазывание	0.030
помаргивание	0.030
поматывание	0.030
помахивание	0.030
померанец	0.030
помертвение	0.030
поместительность	0.030
поместьице	0.030
пометочка	0.030
помешивание	0.030
помешка	0.030
помещеньице	0.030
помещичек	0.030
помигивание	0.030
помидорина	0.030
поминальник	0.030
поминальница	0.030
поминальщик	0.030
поминальщица	0.030
поминание	0.030
поминка	0.030
поминщик	0.030
поминщица	0.030
помогание	0.030
помолец	0.030
помолка	0.030
помольщик	0.030
поморец	0.030
поморка	0.030
поморье	0.030
поморянин	0.030
поморянка	0.030
помостик	0.030
помпадурство	0.030
помпадурша	0.030
помыкание	0.030
помыкательство	0.030
помычка	0.030
помятость	0.030
понапраслина	0.030
понизовье	0.030
пониклость	0.030
пониток	0.030
поножи	0.030
поножовщик	0.030
пономариха	0.030
пономарица	0.030
пономарство	0.030
поноровка	0.030
поноситель	0.030
поношенность	0.030
понтирование	0.030
понтировка	0.030
понтификат	0.030
понтонёр	0.030
понтёр	0.030
понуждение	0.030
понукальщик	0.030
понукатель	0.030
понукательство	0.030
понурость	0.030
понюх	0.030
понюшечка	0.030
понятливость	0.030
понятность	0.030
понятьице	0.030
понёва	0.030
поощритель	0.030
попевка	0.030
попечительница	0.030
попечительность	0.030
попечительша	0.030
попиливание	0.030
попирание	0.030
попиратель	0.030
попирательница	0.030
пописывание	0.030
попишка	0.030
поплин	0.030
поплясывание	0.030
поплёвывание	0.030
поповец	0.030
поповник	0.030
поповство	0.030
поповщина	0.030
поправа	0.030
поправление	0.030
попрошайник	0.030
попрошайство	0.030
попрыгивание	0.030
попрыск	0.030
попрыскивание	0.030
попугайничество	0.030
попугайство	0.030
популяризатор	0.030
популяризирование	0.030
популярничание	0.030
попуститель	0.030
попустительница	0.030
попутье	0.030
попущение	0.030
попыхи	0.030
попыхивание	0.030
попёнок	0.030
поравнение	0.030
поражаемость	0.030
поразительность	0.030
поредение	0.030
порезка	0.030
порезник	0.030
порицатель	0.030
породистость	0.030
породность	0.030
порожистость	0.030
поросятина	0.030
поросятинка	0.030
поросятник	0.030
порочение	0.030
порошинка	0.030
порошница	0.030
портвейнец	0.030
портерная	0.030
портище	0.030
портмонет	0.030
портняга	0.030
портняжение	0.030
портняжество	0.030
портняжничество	0.030
портомойка	0.030
портомойня	0.030
портомоя	0.030
портпапирос	0.030
портретец	0.030
портретирование	0.030
портретистка	0.030
портсигарчик	0.030
порттабак	0.030
портулак	0.030
портфелик	0.030
портфелишко	0.030
портшез	0.030
портьерка	0.030
портяночка	0.030
поруб	0.030
порубщик	0.030
поруха	0.030
поручатель	0.030
поручательница	0.030
поручательство	0.030
поручейник	0.030
порученность	0.030
порученьице	0.030
поручительница	0.030
поручица	0.030
поручник	0.030
поручница	0.030
порфир	0.030
порфира	0.030
порфирит	0.030
порфироносец	0.030
порхание	0.030
порхунья	0.030
порцион	0.030
порывистость	0.030
порывчивость	0.030
порядовка	0.030
посадник	0.030
посадничество	0.030
посадничиха	0.030
посверкивание	0.030
посветление	0.030
посевщик	0.030
поселенка	0.030
поселянка	0.030
посестримство	0.030
поскабливание	0.030
поскок	0.030
посконина	0.030
посконь	0.030
поскрёбки	0.030
поскрёбыш	0.030
последействие	0.030
последки	0.030
последование	0.030
послелог	0.030
послуга	0.030
послух	0.030
послушливость	0.030
послушность	0.030
посмех	0.030
посмеяние	0.030
поспевание	0.030
поспешение	0.030
посрамление	0.030
поставление	0.030
поставщица	0.030
постарение	0.030
постельник	0.030
постельница	0.030
постельничий	0.030
постигание	0.030
постилка	0.030
постилочка	0.030
постник	0.030
постница	0.030
постничество	0.030
постоялка	0.030
постпозиция	0.030
постреливание	0.030
постриженец	0.030
пострижение	0.030
постриженик	0.030
постриженица	0.030
постриженка	0.030
построечка	0.030
построитель	0.030
постройщик	0.030
поступание	0.030
поступательность	0.030
поступочек	0.030
постыдность	0.030
постылость	0.030
посудинка	0.030
посыльщик	0.030
посыпание	0.030
посюсторонность	0.030
посягание	0.030
посягатель	0.030
посягательница	0.030
посягновение	0.030
потакальщик	0.030
потакальщица	0.030
потакатель	0.030
потакательница	0.030
поталь	0.030
потаскунья	0.030
потаскуша	0.030
потассий	0.030
потатуйка	0.030
потатчик	0.030
потатчица	0.030
потачка	0.030
потачливость	0.030
поташник	0.030
потаённость	0.030
потворщик	0.030
потворщица	0.030
потентат	0.030
потенцирование	0.030
потерна	0.030
потесь	0.030
потешка	0.030
потешник	0.030
потешница	0.030
потирание	0.030
потолочина	0.030
поторапливание	0.030
поточность	0.030
потравщик	0.030
потрата	0.030
потрафление	0.030
потряхивание	0.030
потупленность	0.030
потускнение	0.030
потусторонность	0.030
потухание	0.030
потчевание	0.030
потылица	0.030
потяг	0.030
потягота	0.030
потяжка	0.030
поучительность	0.030
поучительство	0.030
пофыркивание	0.030
похабник	0.030
похабница	0.030
похабность	0.030
похабство	0.030
похваливание	0.030
похвальбишка	0.030
похлипывание	0.030
похлёбочка	0.030
похмелка	0.030
похранение	0.030
похрустывание	0.030
похрюкивание	0.030
почавкивание	0.030
почасовик	0.030
початочек	0.030
почвенник	0.030
почвенничество	0.030
почвенность	0.030
почвовед	0.030
почвоведение	0.030
почернение	0.030
почесуха	0.030
почечка	0.030
почечник	0.030
почечуй	0.030
почивальня	0.030
почивание	0.030
починочка	0.030
починщик	0.030
починщица	0.030
почкование	0.030
почкосложение	0.030
почтарка	0.030
почтдиректор	0.030
почтенность	0.030
почтмейстерша	0.030
почётность	0.030
пошаркивание	0.030
пошатывание	0.030
пошевеливание	0.030
пошепт	0.030
пошехонец	0.030
пошивочник	0.030
пошивочница	0.030
пошивщик	0.030
пошивщица	0.030
пошлец	0.030
пошлинник	0.030
пошловатость	0.030
пошлячка	0.030
пощение	0.030
поэмка	0.030
поэтизация	0.030
поэтизирование	0.030
поярок	0.030
поясина	0.030
правденка	0.030
правдоискательство	0.030
правдолюбец	0.030
правдолюбие	0.030
правдоносец	0.030
правилка	0.030
правильщик	0.030
правильщица	0.030
правленец	0.030
правоведец	0.030
правоверие	0.030
правоверность	0.030
праводушие	0.030
правозаступник	0.030
правозаступничество	0.030
праволюб	0.030
праволюбие	0.030
правомочие	0.030
правонарушительница	0.030
правоотношение	0.030
правопреемство	0.030
правосознание	0.030
прагматист	0.030
праздничание	0.030
празднолюбец	0.030
празднолюбие	0.030
праздномыслие	0.030
празднослов	0.030
празднословие	0.030
праздношатай	0.030
праздношатайка	0.030
праздношататель	0.030
праздношатательство	0.030
празелень	0.030
празем	0.030
праистория	0.030
пракрит	0.030
практицизм	0.030
прапорщица	0.030
прапрабабка	0.030
праправнучка	0.030
прапращур	0.030
прародина	0.030
прасолка	0.030
прасольство	0.030
прасольщица	0.030
пратикабль	0.030
пращник	0.030
праязык	0.030
превалирование	0.030
превенция	0.030
превозвышение	0.030
превозмогание	0.030
превознесение	0.030
превозношение	0.030
превращаемость	0.030
превыспренность	0.030
преграждение	0.030
предамбарье	0.030
предбанничек	0.030
предварение	0.030
предварилка	0.030
предварительность	0.030
предведение	0.030
предвечерие	0.030
предвещание	0.030
предвещатель	0.030
предвещательница	0.030
предвкусие	0.030
предвозвеститель	0.030
предвозвестительница	0.030
предвозвестник	0.030
предвозвестница	0.030
предвозвещение	0.030
предвычисление	0.030
предгрозовье	0.030
предгрозье	0.030
предельность	0.030
предзимье	0.030
предзорье	0.030
предика	0.030
предикат	0.030
предикативность	0.030
предикация	0.030
предилекция	0.030
предкамера	0.030
предместник	0.030
предместница	0.030
предметник	0.030
предметница	0.030
предметность	0.030
предмостье	0.030
преднамерение	0.030
предначинание	0.030
предосудительность	0.030
предощущение	0.030
предплужник	0.030
предплюсна	0.030
предположительность	0.030
предполье	0.030
предпочка	0.030
предпочтительность	0.030
предпрядение	0.030
предрасположение	0.030
предрассуждение	0.030
предрекание	0.030
предречение	0.030
предрешение	0.030
предрешённость	0.030
предросток	0.030
председательствование	0.030
председательша	0.030
предсказывание	0.030
представительность	0.030
представка	0.030
предстатель	0.030
предстательница	0.030
предстательство	0.030
предстепье	0.030
предстояние	0.030
предуведомление	0.030
предуготовление	0.030
предуказание	0.030
предумышление	0.030
предумышленность	0.030
предусматривание	0.030
предусмотрение	0.030
предустье	0.030
предутро	0.030
предшествование	0.030
предъявительница	0.030
преемничество	0.030
преемство	0.030
преждевременность	0.030
презентант	0.030
презервация	0.030
презервы	0.030
президентура	0.030
презорство	0.030
презренность	0.030
презритель	0.030
презрительность	0.030
преизбыток	0.030
прекарий	0.030
прекарист	0.030
преклонность	0.030
прекос	0.030
прекословие	0.030
прекраснодушие	0.030
прелатство	0.030
прелестник	0.030
прелина	0.030
преложитель	0.030
преложительница	0.030
преломляемость	0.030
преломлятель	0.030
прелость	0.030
прельститель	0.030
прельстительница	0.030
прельстительность	0.030
прельщение	0.030
прелюдик	0.030
прелюдирование	0.030
премилашка	0.030
премирование	0.030
премножество	0.030
премьерство	0.030
премьерша	0.030
пренебрежительность	0.030
пренеприятность	0.030
пренумерант	0.030
преобразовательница	0.030
преобразовывание	0.030
преосвященный	0.030
препаратор	0.030
препараторша	0.030
препарация	0.030
препарировка	0.030
препаровка	0.030
препаровочная	0.030
преподача	0.030
преподношение	0.030
препозиция	0.030
препоручение	0.030
препринт	0.030
препятство	0.030
препятствователь	0.030
прерывистость	0.030
прерывность	0.030
пресбиопия	0.030
пресветлость	0.030
пресвитерианство	0.030
пресмыкание	0.030
пресноводность	0.030
пресность	0.030
преснота	0.030
прессовальня	0.030
прессование	0.030
прессовка	0.030
прессовщица	0.030
прессшпан	0.030
престарелость	0.030
престидижитатор	0.030
пресыщенность	0.030
претерпение	0.030
преториум	0.030
преувеличенность	0.030
преувеличивание	0.030
преумножение	0.030
преуспеяние	0.030
преферансист	0.030
префиксация	0.030
преходимость	0.030
преходящность	0.030
прецизионность	0.030
прецизия	0.030
преципитат	0.030
прещение	0.030
преюдициальность	0.030
приарендовывание	0.030
приарканивание	0.030
прибавочка	0.030
прибасенник	0.030
прибаска	0.030
прибасёнка	0.030
прибауточка	0.030
прибауточник	0.030
прибаутчик	0.030
прибаюкивание	0.030
прибеглая	0.030
прибережье	0.030
прибивание	0.030
прибивка	0.030
прибинтовывание	0.030
прибирание	0.030
приближённость	0.030
приблизительность	0.030
приблудник	0.030
приблудыш	0.030
прибойник	0.030
приболотица	0.030
приборостроение	0.030
приборостроитель	0.030
прибранность	0.030
прибрежница	0.030
прибрежье	0.030
приброска	0.030
привада	0.030
приваженность	0.030
приваживание	0.030
приваливание	0.030
привар	0.030
приваривание	0.030
приварка	0.030
привенчивание	0.030
привередник	0.030
привередница	0.030
привередничание	0.030
привередничество	0.030
привес	0.030
привеска	0.030
привесок	0.030
приветец	0.030
приветствование	0.030
привешивание	0.030
прививаемость	0.030
прививальщик	0.030
прививальщица	0.030
прививание	0.030
прививочек	0.030
привизг	0.030
привилегированность	0.030
привинчивание	0.030
привитие	0.030
приводка	0.030
привозка	0.030
привой	0.030
приволакивание	0.030
приволока	0.030
привораживание	0.030
приворачивание	0.030
приворотник	0.030
приворотница	0.030
привскакивание	0.030
привычность	0.030
привязчивость	0.030
привяливание	0.030
привёртка	0.030
привёртывание	0.030
пригар	0.030
пригарина	0.030
пригаринка	0.030
пригарь	0.030
пригвождение	0.030
пригибание	0.030
приглаженность	0.030
приглаживание	0.030
приглубость	0.030
приглубь	0.030
приглушение	0.030
приглушённость	0.030
пригляд	0.030
приглядка	0.030
приглядность	0.030
приглядчивость	0.030
приговаривание	0.030
приговорка	0.030
приговорочка	0.030
пригожество	0.030
пригожесть	0.030
пригон	0.030
пригонка	0.030
пригораживание	0.030
пригорание	0.030
пригородка	0.030
пригородье	0.030
пригорожанин	0.030
пригорожанка	0.030
пригорочек	0.030
пригорье	0.030
приготавливание	0.030
пригребание	0.030
пригревание	0.030
пригудка	0.030
пригудочка	0.030
придавленность	0.030
придавливание	0.030
приданница	0.030
придверник	0.030
придвигание	0.030
приделывание	0.030
придерживание	0.030
придорожник	0.030
придуманность	0.030
придумочка	0.030
придумщик	0.030
придумщица	0.030
придурковатость	0.030
приездка	0.030
прижаривание	0.030
прижатие	0.030
приживаемость	0.030
приживал	0.030
приживалец	0.030
приживалка	0.030
приживальчество	0.030
приживальщик	0.030
приживальщица	0.030
приживание	0.030
приживка	0.030
приживление	0.030
прижим	0.030
прижимистость	0.030
прижимка	0.030
прижимщик	0.030
прижимщица	0.030
прижмуривание	0.030
призба	0.030
призвук	0.030
приземистость	0.030
призмочка	0.030
призор	0.030
призёрша	0.030
приискание	0.030
приискатель	0.030
приискательница	0.030
приискивание	0.030
приказничиха	0.030
приказчица	0.030
приказывание	0.030
прикалывание	0.030
прикапливание	0.030
прикапывание	0.030
прикармливание	0.030
прикатка	0.030
прикатывание	0.030
прикидывание	0.030
прикипание	0.030
прикладка	0.030
прикладывание	0.030
приклейка	0.030
приклёпка	0.030
приклёпывание	0.030
прикованность	0.030
приколачивание	0.030
приколка	0.030
прикомандирование	0.030
прикопка	0.030
прикопление	0.030
прикормка	0.030
прикосновенность	0.030
прикраивание	0.030
прикрашивание	0.030
прикреплённость	0.030
прикровенность	0.030
прикройка	0.030
прикручивание	0.030
прикупка	0.030
прикурка	0.030
прикуска	0.030
прилавочек	0.030
приладка	0.030
прилаживание	0.030
прилегание	0.030
прилепа	0.030
прилепливание	0.030
приливание	0.030
прилизанность	0.030
прилика	0.030
прилипаемость	0.030
прилипчивость	0.030
прилистник	0.030
прилитие	0.030
приличность	0.030
прилобок	0.030
прилов	0.030
приложимость	0.030
примаж	0.030
примазка	0.030
примазывание	0.030
примак	0.030
приманивание	0.030
приманчивость	0.030
примарка	0.030
примасливание	0.030
приматывание	0.030
примачивание	0.030
примащивание	0.030
применимость	0.030
применяемость	0.030
примеривание	0.030
примерность	0.030
примерочка	0.030
примерчик	0.030
примерщик	0.030
примерщица	0.030
приметка	0.030
приметливость	0.030
приметочка	0.030
примечательность	0.030
примешивание	0.030
приминание	0.030
примиренец	0.030
примиренчество	0.030
примиритель	0.030
примирительница	0.030
примирительность	0.030
примирённость	0.030
примитивность	0.030
примораживание	0.030
приморец	0.030
примосток	0.030
примотка	0.030
примыкание	0.030
примысл	0.030
примычка	0.030
примёт	0.030
примётывание	0.030
принайтовливание	0.030
принаряживание	0.030
приневоливание	0.030
приниженность	0.030
принизывание	0.030
принимание	0.030
приноравливание	0.030
приноровка	0.030
приноровление	0.030
приноситель	0.030
приносительница	0.030
принудиловка	0.030
принудительность	0.030
принуждённость	0.030
принципал	0.030
принципия	0.030
принюхивание	0.030
приобретатель	0.030
приобретательница	0.030
приобретательство	0.030
приовражье	0.030
приозерье	0.030
приостанавливание	0.030
приохочивание	0.030
припадание	0.030
припадочек	0.030
припаивание	0.030
припай	0.030
припайка	0.030
припаливание	0.030
припаривание	0.030
припарочка	0.030
припасание	0.030
припасовка	0.030
припахивание	0.030
припашка	0.030
припевание	0.030
припевка	0.030
припевочка	0.030
припекание	0.030
припертень	0.030
приперчивание	0.030
припечатывание	0.030
припечек	0.030
припечка	0.030
припиливание	0.030
припилка	0.030
приписание	0.030
приписник	0.030
приписочка	0.030
приписывание	0.030
припись	0.030
припихивание	0.030
приплав	0.030
приплавка	0.030
приплавление	0.030
приплавливание	0.030
приплата	0.030
приплачивание	0.030
приплетание	0.030
приплетение	0.030
приплывание	0.030
приплытие	0.030
приплюснутость	0.030
приплюсовывание	0.030
приплющение	0.030
приплющивание	0.030
припляс	0.030
припляска	0.030
приплясывание	0.030
приплёскивание	0.030
приплёсок	0.030
приподнимание	0.030
приподнятие	0.030
приподнятость	0.030
припойка	0.030
приползание	0.030
приполок	0.030
приполочек	0.030
припомаживание	0.030
припоминание	0.030
припорашивание	0.030
припорох	0.030
припорошка	0.030
припосадка	0.030
приправка	0.030
приправление	0.030
припруживание	0.030
припрыг	0.030
припрыгивание	0.030
припрыжечка	0.030
припрыскивание	0.030
припрягание	0.030
припрядывание	0.030
припряжка	0.030
припрятание	0.030
припрятывание	0.030
припугивание	0.030
припудривание	0.030
припуск	0.030
припускание	0.030
припутывание	0.030
припухание	0.030
припущенник	0.030
припыл	0.030
припыливание	0.030
прирабатываемость	0.030
прирабатывание	0.030
приравнивание	0.030
прирастание	0.030
приращивание	0.030
прирез	0.030
прирезание	0.030
прирезка	0.030
прирезывание	0.030
прирезь	0.030
приречье	0.030
природовед	0.030
природолюб	0.030
приросток	0.030
прируб	0.030
прирубание	0.030
прирубка	0.030
прируливание	0.030
присада	0.030
присадка	0.030
присадник	0.030
присадок	0.030
присаливание	0.030
присасывание	0.030
присборивание	0.030
присвистка	0.030
присвистывание	0.030
присвоитель	0.030
присвоительница	0.030
присворивание	0.030
присевание	0.030
присекание	0.030
приселение	0.030
присеменник	0.030
присечка	0.030
присказочка	0.030
присказывание	0.030
прискакивание	0.030
прискок	0.030
прискочка	0.030
присловица	0.030
присловка	0.030
присловьице	0.030
прислуживание	0.030
прислужливость	0.030
прислужничество	0.030
прислушивание	0.030
присмаливание	0.030
присматривание	0.030
приснащивание	0.030
присовокупление	0.030
присос	0.030
присочинение	0.030
приспешница	0.030
приспешничество	0.030
приспосабливаемость	0.030
приспосабливание	0.030
приспособленка	0.030
приспособленчество	0.030
приставление	0.030
приставник	0.030
приставство	0.030
приставша	0.030
пристальность	0.030
пристановка	0.030
пристанодержатель	0.030
пристанодержательница	0.030
пристанодержательство	0.030
пристрагивание	0.030
пристраивание	0.030
пристрастка	0.030
пристрачивание	0.030
пристращивание	0.030
пристрел	0.030
пристреливание	0.030
пристрелка	0.030
пристроечка	0.030
пристрочка	0.030
приструнивание	0.030
пристук	0.030
пристукивание	0.030
приступка	0.030
пристыжение	0.030
пристыжённость	0.030
пристяжка	0.030
пристяжь	0.030
пристёгивание	0.030
присутствование	0.030
присуха	0.030
присучальщик	0.030
присучальщица	0.030
присучивание	0.030
присучка	0.030
присушивание	0.030
присушка	0.030
присущность	0.030
присыл	0.030
присылка	0.030
присыпание	0.030
присыпочка	0.030
присыхание	0.030
присядка	0.030
присяжник	0.030
присяжничество	0.030
присёлок	0.030
присёлочек	0.030
притаивание	0.030
приталкивание	0.030
притапливание	0.030
притаптывание	0.030
притаскивание	0.030
притачивание	0.030
притачка	0.030
притворность	0.030
притворяшка	0.030
притекание	0.030
притеснительница	0.030
притин	0.030
притир	0.030
притираемость	0.030
притиск	0.030
притискивание	0.030
притка	0.030
притолка	0.030
притонение	0.030
притоносодержатель	0.030
притоносодержательница	0.030
притончик	0.030
притоптывание	0.030
притопывание	0.030
притормаживание	0.030
приторность	0.030
приточка	0.030
приточник	0.030
притрава	0.030
притравка	0.030
притравление	0.030
притравливание	0.030
притруска	0.030
притуга	0.030
притужина	0.030
притупленность	0.030
притык	0.030
притыкание	0.030
притычка	0.030
притязатель	0.030
притязательность	0.030
притёска	0.030
приуготовление	0.030
приукрашение	0.030
приумножение	0.030
приурочение	0.030
приуроченность	0.030
приурочивание	0.030
приутюживание	0.030
приутюжка	0.030
прифальцовка	0.030
прификс	0.030
прифуговка	0.030
прифуговывание	0.030
прихвастывание	0.030
прихват	0.030
прихватывание	0.030
прихвостник	0.030
прихвостница	0.030
прихлебала	0.030
прихлебательница	0.030
прихлебательство	0.030
прихлебник	0.030
прихлопывание	0.030
прихлёб	0.030
прихлёбывание	0.030
прихлёстка	0.030
прихлёстывание	0.030
приходование	0.030
прихорашивание	0.030
прихотливость	0.030
прихотник	0.030
прихотница	0.030
прихромка	0.030
прицветник	0.030
прицельность	0.030
прицепка	0.030
причаливание	0.030
причалка	0.030
причастник	0.030
причастница	0.030
причелина	0.030
причерчивание	0.030
причетник	0.030
причетница	0.030
причитальщица	0.030
причитывание	0.030
причмок	0.030
причт	0.030
причудник	0.030
причудница	0.030
причёсанность	0.030
причёсывание	0.030
пришабривание	0.030
пришабровка	0.030
пришаркивание	0.030
пришвартовывание	0.030
пришелица	0.030
пришепётывание	0.030
пришибленность	0.030
пришивка	0.030
пришлец	0.030
пришпиливание	0.030
пришпоривание	0.030
приштуковка	0.030
пришёптывание	0.030
прищеп	0.030
прищепление	0.030
прищипка	0.030
прищипывание	0.030
прищуривание	0.030
прищурка	0.030
прищёлкивание	0.030
приязненность	0.030
приямок	0.030
приятелище	0.030
приятельство	0.030
приятство	0.030
приёмистость	0.030
приёмосдатчик	0.030
приёмышек	0.030
пробеливание	0.030
пробелка	0.030
пробель	0.030
пробиваемость	0.030
пробивка	0.030
пробирование	0.030
пробитие	0.030
пробковение	0.030
проблематичность	0.030
проблемность	0.030
проблескивание	0.030
пробование	0.030
пробойка	0.030
пробойник	0.030
пробойчик	0.030
проборка	0.030
проборчик	0.030
пробочник	0.030
пробуксовывание	0.030
пробуравливание	0.030
пробуривание	0.030
проваживание	0.030
проваливание	0.030
провалина	0.030
провалище	0.030
провалье	0.030
провансаль	0.030
провар	0.030
проваривание	0.030
проварка	0.030
проващивание	0.030
провевание	0.030
проведывание	0.030
провеивание	0.030
проверчивание	0.030
проверщик	0.030
проверщица	0.030
провес	0.030
провеска	0.030
провешивание	0.030
провиантмейстер	0.030
провиденциализм	0.030
провизорша	0.030
провинка	0.030
провинциализм	0.030
провинциальность	0.030
провинчивание	0.030
провисание	0.030
провитамин	0.030
проводины	0.030
провожание	0.030
провожатая	0.030
провозвестие	0.030
провозвестник	0.030
провозвестница	0.030
провозвещатель	0.030
провозвещение	0.030
провозгласитель	0.030
провозгласительница	0.030
провозка	0.030
провозоспособность	0.030
провокаторство	0.030
провокаторша	0.030
проволочник	0.030
провора	0.030
проворачивание	0.030
проворность	0.030
проворье	0.030
провяливание	0.030
провёртка	0.030
провёртывание	0.030
прогалинка	0.030
прогалок	0.030
прогалочек	0.030
прогар	0.030
прогибание	0.030
прогимназист	0.030
прогимназистка	0.030
проглаживание	0.030
проглядывание	0.030
прогнивание	0.030
прогностика	0.030
проговаривание	0.030
проголодь	0.030
прогорание	0.030
прогоркание	0.030
прогорклость	0.030
программность	0.030
прогребание	0.030
прогрев	0.030
прогреваемость	0.030
прогревание	0.030
прогрессивка	0.030
прогрессивность	0.030
прогрессизм	0.030
прогрессист	0.030
прогрессистка	0.030
прогрохотка	0.030
прогрызание	0.030
продавливание	0.030
продавлина	0.030
продалбливание	0.030
продвигание	0.030
продевание	0.030
проделывание	0.030
продерзость	0.030
продирание	0.030
продмаг	0.030
продналог	0.030
продовольствование	0.030
продолговатость	0.030
продолжательница	0.030
продольник	0.030
продор	0.030
продотряд	0.030
продотрядчик	0.030
продубка	0.030
продубливание	0.030
продублённость	0.030
продув	0.030
продуваемость	0.030
продувальщик	0.030
продувание	0.030
продумывание	0.030
продух	0.030
продушина	0.030
продушинка	0.030
продырявливание	0.030
продёргивание	0.030
продёржка	0.030
проедание	0.030
проезживание	0.030
проектант	0.030
проектец	0.030
проектировщица	0.030
прожаривание	0.030
прожекторист	0.030
прожектёр	0.030
прожектёрка	0.030
прожектёрство	0.030
прожелть	0.030
прожжённость	0.030
проживалка	0.030
проживальщик	0.030
прожига	0.030
прожигательница	0.030
прожилина	0.030
прожилочка	0.030
прожиривание	0.030
прожировка	0.030
прожитие	0.030
прожиток	0.030
прожог	0.030
прожора	0.030
прожёвывание	0.030
прозаизм	0.030
прозаист	0.030
прозаичность	0.030
прозектор	0.030
прозекторство	0.030
прозектура	0.030
прозелит	0.030
прозелитизм	0.030
прозелитка	0.030
прозодежда	0.030
прозолоть	0.030
прозопопея	0.030
прозор	0.030
прозорливец	0.030
прозорливица	0.030
прозубривание	0.030
производность	0.030
производственник	0.030
производственница	0.030
произволение	0.030
произрождение	0.030
проистекание	0.030
пройдошество	0.030
пройдошничание	0.030
пройдошничество	0.030
пройма	0.030
проймочка	0.030
проказливость	0.030
прокаливаемость	0.030
прокаливание	0.030
прокалка	0.030
прокальщик	0.030
прокамбий	0.030
прокапчивание	0.030
прокапывание	0.030
прокармливание	0.030
прокатчик	0.030
прокатывание	0.030
прокачивание	0.030
прокашивание	0.030
прокашливание	0.030
проквашивание	0.030
прокидка	0.030
прокидывание	0.030
прокимен	0.030
прокисание	0.030
прокладочка	0.030
прокладчик	0.030
прокладывание	0.030
прокладыватель	0.030
прокламирование	0.030
проклеивание	0.030
проклейка	0.030
проклейщик	0.030
проклейщица	0.030
проклинание	0.030
проклитика	0.030
проклятик	0.030
проклёвывание	0.030
проклёпка	0.030
проклёпывание	0.030
проковка	0.030
проковывание	0.030
проковыривание	0.030
проколачивание	0.030
проколка	0.030
проколупывание	0.030
проконопачивание	0.030
проконсульство	0.030
прокормитель	0.030
прокормка	0.030
прокормление	0.030
прокос	0.030
прокосчик	0.030
прокраска	0.030
прокрахмаливание	0.030
прокрашивание	0.030
прокручивание	0.030
проктит	0.030
прокуда	0.030
прокурат	0.030
прокуратница	0.030
прокуривание	0.030
прокурка	0.030
прокуроришко	0.030
прокурорство	0.030
прокус	0.030
прокусывание	0.030
прокучивание	0.030
пролагатель	0.030
пролаза	0.030
пролазничество	0.030
проламывание	0.030
пролащивание	0.030
пролегание	0.030
пролежка	0.030
пролезание	0.030
пролепка	0.030
пролеска	0.030
пролесок	0.030
пролетание	0.030
пролетаризация	0.030
пролетаризирование	0.030
пролетарка	0.030
пролеткульт	0.030
пролеткультовец	0.030
пролетье	0.030
проливание	0.030
проливатель	0.030
проливень	0.030
проливчик	0.030
проложение	0.030
проломление	0.030
пролонгация	0.030
пролысина	0.030
пролысинка	0.030
пролювий	0.030
пролёточка	0.030
промазка	0.030
промазывание	0.030
промалывание	0.030
промасливание	0.030
проматывание	0.030
промачивание	0.030
промельк	0.030
промемория	0.030
промен	0.030
променаж	0.030
променивание	0.030
променуар	0.030
промер	0.030
промерзаемость	0.030
промерзание	0.030
промеривание	0.030
промес	0.030
прометание	0.030
промешивание	0.030
проминаж	0.030
проминание	0.030
проминка	0.030
промозглость	0.030
промокаемость	0.030
промокание	0.030
промол	0.030
промолвка	0.030
промораживание	0.030
промоция	0.030
промочка	0.030
промтовар	0.030
промтовары	0.030
промульгация	0.030
промыв	0.030
промывальщик	0.030
промывальщица	0.030
промывательное	0.030
промывщик	0.030
промывщица	0.030
промыливание	0.030
промыслитель	0.030
промыслительница	0.030
промысловик	0.030
промышление	0.030
промышленница	0.030
промётка	0.030
промётывание	0.030
пронашивание	0.030
пронесение	0.030
пронзительность	0.030
пронизка	0.030
пронизывание	0.030
пронизь	0.030
проникновенность	0.030
пронимание	0.030
проницание	0.030
проножка	0.030
пронунсиаменто	0.030
пронунциаменто	0.030
пронырство	0.030
пронюхивание	0.030
проолифка	0.030
пропагандирование	0.030
пропагандистка	0.030
пропадание	0.030
пропаивание	0.030
пропалывание	0.030
пропариватель	0.030
пропарка	0.030
пропарщик	0.030
пропарщица	0.030
пропарывание	0.030
пропастина	0.030
пропахивание	0.030
пропашка	0.030
пропашник	0.030
пропемзовывание	0.030
проперчивание	0.030
пропетие	0.030
пропечатывание	0.030
пропивание	0.030
пропилеи	0.030
пропилен	0.030
пропиливание	0.030
пропилка	0.030
пропиловка	0.030
пропинация	0.030
прописывание	0.030
пропитанность	0.030
пропитие	0.030
пропитчик	0.030
пропитывание	0.030
пропихивание	0.030
проплав	0.030
проплавка	0.030
проплавливание	0.030
пропласток	0.030
проплетание	0.030
проплетение	0.030
проплешинка	0.030
проплющивание	0.030
проповедание	0.030
проповедничество	0.030
проповедователь	0.030
проповедчик	0.030
пропоец	0.030
пропойство	0.030
прополаскивание	0.030
пропотевание	0.030
проприетар	0.030
проприетер	0.030
пропудривание	0.030
пропятие	0.030
прорабатывание	0.030
проран	0.030
прорастаемость	0.030
проращение	0.030
проращивание	0.030
проредь	0.030
прореживание	0.030
прорез	0.030
прорезинение	0.030
прорезинивание	0.030
прорезинка	0.030
прорезка	0.030
прорекание	0.030
проречение	0.030
прорешка	0.030
прорисовка	0.030
прорисовывание	0.030
прорись	0.030
пророст	0.030
проросток	0.030
прорость	0.030
проруб	0.030
прорубание	0.030
прорубка	0.030
прорывание	0.030
прорыжь	0.030
прорытие	0.030
просаживание	0.030
просаливание	0.030
просасывание	0.030
просватание	0.030
просватывание	0.030
просверкивание	0.030
просверливание	0.030
просветительница	0.030
просветительство	0.030
просветлённость	0.030
просвечиваемость	0.030
просвечивание	0.030
просвещенец	0.030
просвещенка	0.030
просвира	0.030
просвирка	0.030
просвирник	0.030
просвирня	0.030
просвирняк	0.030
просвист	0.030
просев	0.030
просевание	0.030
просевка	0.030
проседание	0.030
просекание	0.030
просечка	0.030
просинь	0.030
просительница	0.030
просительность	0.030
просияние	0.030
проскабливание	0.030
проскакивание	0.030
проскачка	0.030
проскок	0.030
проскомидия	0.030
проскребание	0.030
проскрипция	0.030
проскурняк	0.030
прославленность	0.030
прослаивание	0.030
проследование	0.030
прослеживание	0.030
прослоечка	0.030
прослоина	0.030
прослой	0.030
прослушание	0.030
просмаливание	0.030
просматривание	0.030
просмолка	0.030
просов	0.030
просовывание	0.030
просодия	0.030
просол	0.030
просолка	0.030
просонок	0.030
просорушка	0.030
просос	0.030
простаивание	0.030
простень	0.030
простец	0.030
простилание	0.030
простирание	0.030
простирывание	0.030
проституирование	0.030
простоватость	0.030
простодушность	0.030
простолюдье	0.030
простонародность	0.030
просторность	0.030
простосердечие	0.030
простосердечность	0.030
простофильство	0.030
пространность	0.030
пространственность	0.030
прострачивание	0.030
простреливание	0.030
прострочка	0.030
простуживание	0.030
простукивание	0.030
проступание	0.030
проступочек	0.030
простяга	0.030
простяк	0.030
простячка	0.030
простячок	0.030
простёгивание	0.030
простёжка	0.030
просуха	0.030
просушивание	0.030
просфира	0.030
просфирка	0.030
просфорка	0.030
просфорня	0.030
просцениум	0.030
просыпание	0.030
просыхание	0.030
просьбица	0.030
просьбишка	0.030
просянище	0.030
просянка	0.030
протагонистка	0.030
протазан	0.030
протаивание	0.030
протактиний	0.030
проталь	0.030
протапливание	0.030
протаптывание	0.030
протаргол	0.030
протаривание	0.030
протаскивание	0.030
протачивание	0.030
протежирование	0.030
протеид	0.030
протекторство	0.030
протекционист	0.030
протерозой	0.030
протестация	0.030
противление	0.030
противность	0.030
противоборец	0.030
противоборник	0.030
противоборствие	0.030
противодавление	0.030
противоестественность	0.030
противозвучие	0.030
противоположение	0.030
противопоставленность	0.030
противосияние	0.030
противотело	0.030
противотечение	0.030
противоток	0.030
протирка	0.030
протирщик	0.030
протирщица	0.030
протискивание	0.030
протобестия	0.030
протограф	0.030
протодьякон	0.030
протоиерейша	0.030
протоканалья	0.030
протоколизм	0.030
протоколирование	0.030
протоколист	0.030
протокольность	0.030
протокольчик	0.030
протопка	0.030
протопопица	0.030
протопопша	0.030
протопресвитер	0.030
проторение	0.030
проторозавр	0.030
проторённость	0.030
проточина	0.030
проточка	0.030
проточность	0.030
протрава	0.030
протравитель	0.030
протравка	0.030
протравление	0.030
протравливание	0.030
протравливатель	0.030
протрезвление	0.030
протрёп	0.030
протрёпывание	0.030
протухание	0.030
протухлость	0.030
протягивание	0.030
протяжка	0.030
протяжность	0.030
протёс	0.030
протёска	0.030
протёсывание	0.030
проутюживание	0.030
проух	0.030
проуха	0.030
проушина	0.030
профанатор	0.030
профанирование	0.030
профессионализация	0.030
профессионалист	0.030
профессорство	0.030
профилировка	0.030
профос	0.030
прохаживание	0.030
прохладность	0.030
прохлаждение	0.030
проходец	0.030
проходимица	0.030
проходимка	0.030
проходчица	0.030
процарапывание	0.030
процеживание	0.030
процентовка	0.030
процентщик	0.030
процентщица	0.030
прочеканивание	0.030
прочерчивание	0.030
прочитывание	0.030
прочищение	0.030
прочувствование	0.030
прочувствованность	0.030
прочёркивание	0.030
прочёс	0.030
прочёсыватель	0.030
прочёт	0.030
прошва	0.030
прошеньице	0.030
прошибка	0.030
прошивальщик	0.030
прошивальщица	0.030
прошивание	0.030
прошивень	0.030
прошкуривание	0.030
прошлифовывание	0.030
прошнуровка	0.030
прошнуровывание	0.030
проштопывание	0.030
прощелина	0.030
прощелыжник	0.030
прощенник	0.030
прощупывание	0.030
проявщик	0.030
прудишко	0.030
прудовик	0.030
прудонизм	0.030
прудонист	0.030
пружинистость	0.030
пружинность	0.030
пружок	0.030
прусак	0.030
прусик	0.030
прусс	0.030
пруссачка	0.030
прутинка	0.030
прутняк	0.030
пруток	0.030
пруточек	0.030
прутье	0.030
прыгание	0.030
прыгунчик	0.030
прыск	0.030
прыскалка	0.030
прыскание	0.030
прыткость	0.030
прыщавость	0.030
прыщеватость	0.030
прюнель	0.030
прягла	0.030
прядание	0.030
прядево	0.030
прядение	0.030
прядильня	0.030
прядильщица	0.030
прядомость	0.030
прядочка	0.030
пряженец	0.030
пряженик	0.030
пряжечка	0.030
прялица	0.030
прялочка	0.030
прямизна	0.030
прямило	0.030
прямление	0.030
прямодушие	0.030
прямослойность	0.030
прямоток	0.030
прямоугольничек	0.030
пряничек	0.030
пряничник	0.030
прясельник	0.030
пряслица	0.030
пряслице	0.030
прясница	0.030
пряха	0.030
псалмист	0.030
псалмограф	0.030
псалмодия	0.030
псалмопевец	0.030
псалмопение	0.030
псаломщик	0.030
псаломщица	0.030
псалтерион	0.030
псалтирь	0.030
псалтырник	0.030
псалтырщик	0.030
псалтырщица	0.030
псальм	0.030
псальма	0.030
псальмопевец	0.030
псамма	0.030
псаммит	0.030
псаммон	0.030
псаммофил	0.030
псаммофит	0.030
псевдоартроз	0.030
псевдогаллюцинация	0.030
псевдоготика	0.030
псевдокристалл	0.030
псевдоморфоза	0.030
псевдонаучность	0.030
псевдоподия	0.030
псевдоромантизм	0.030
псевдоромантик	0.030
псевдоромантика	0.030
псевдотуберкулёз	0.030
псевдоучёность	0.030
психастеник	0.030
психастеничка	0.030
психастения	0.030
психизм	0.030
психия	0.030
психогенез	0.030
психогенезис	0.030
психогения	0.030
психологизирование	0.030
психологизм	0.030
психологист	0.030
психологичность	0.030
психоневроз	0.030
психоневрология	0.030
психоневротик	0.030
психопатизм	0.030
психопатолог	0.030
психотехника	0.030
психофизика	0.030
психофизиолог	0.030
психофизиология	0.030
психрограф	0.030
психрометр	0.030
психрометрия	0.030
псица	0.030
псише	0.030
псовина	0.030
псовка	0.030
псёнок	0.030
птиалин	0.030
птицеводство	0.030
птицеед	0.030
птицеловство	0.030
птицемлечник	0.030
птиценожка	0.030
птичня	0.030
птушка	0.030
пуаз	0.030
пуансовка	0.030
пуансон	0.030
пуантилист	0.030
пуантилье	0.030
публикование	0.030
публицистичность	0.030
публицистка	0.030
пугалище	0.030
пугачёвец	0.030
пугачёвщина	0.030
пугливость	0.030
пуговичник	0.030
пуговичница	0.030
пуговник	0.030
пуговочка	0.030
пуголовка	0.030
пудишко	0.030
пудлингование	0.030
пудлинговка	0.030
пудлинговщик	0.030
пудовик	0.030
пудовичок	0.030
пудовка	0.030
пудрение	0.030
пудрет	0.030
пудрильщик	0.030
пудрильщица	0.030
пудровка	0.030
пудромант	0.030
пудромантель	0.030
пузанок	0.030
пузанчик	0.030
пузатость	0.030
пузыристость	0.030
пузырник	0.030
пузырница	0.030
пузырчатка	0.030
пукля	0.030
пулемётик	0.030
пулемётишко	0.030
пулечка	0.030
пуло	0.030
пульверизаторщик	0.030
пульверизация	0.030
пульпит	0.030
пульпитр	0.030
пульповод	0.030
пульпомер	0.030
пульпопровод	0.030
пульсатор	0.030
пульсиметр	0.030
пульсирование	0.030
пулярда	0.030
пулярка	0.030
пунец	0.030
пунктирование	0.030
пунктировка	0.030
пунктировщик	0.030
пуночка	0.030
пунсон	0.030
пунцон	0.030
пунька	0.030
пуня	0.030
пупавка	0.030
пупавник	0.030
пурганец	0.030
пургатив	0.030
пургаторий	0.030
пуризм	0.030
пурин	0.030
пуристка	0.030
пуританизм	0.030
пурка	0.030
пурпурин	0.030
пускач	0.030
пустка	0.030
пустобай	0.030
пустоболт	0.030
пустование	0.030
пустоватость	0.030
пустоголовость	0.030
пустограй	0.030
пустодом	0.030
пустодомка	0.030
пустодомство	0.030
пустодушие	0.030
пустозвонка	0.030
пустозвонство	0.030
пустозёрница	0.030
пустозёрность	0.030
пустоколосица	0.030
пустолайка	0.030
пустомельство	0.030
пустоплесье	0.030
пустопляс	0.030
пустоплёт	0.030
пустопоместье	0.030
пусторечие	0.030
пусторосль	0.030
пустосвят	0.030
пустосвятка	0.030
пустосвятство	0.030
пустословка	0.030
пустосум	0.030
пустотность	0.030
пустоцвет	0.030
пустошовка	0.030
пустушка	0.030
пустынница	0.030
пустынничество	0.030
пустынножитель	0.030
пустынножительница	0.030
пустынножительство	0.030
пустынность	0.030
пустынька	0.030
пустырник	0.030
пустырёк	0.030
пустяковщина	0.030
пустячность	0.030
путание	0.030
путанина	0.030
путанность	0.030
путеводец	0.030
путеводительница	0.030
путеобходчик	0.030
путеобходчица	0.030
путепогрузчик	0.030
путеподъёмник	0.030
путеследование	0.030
путеукладка	0.030
путеукладчик	0.030
путец	0.030
путешествование	0.030
путешествователь	0.030
путик	0.030
путлище	0.030
путность	0.030
путо	0.030
путчизм	0.030
путёвочка	0.030
пуффин	0.030
пухлина	0.030
пухловатость	0.030
пухлость	0.030
пухлявость	0.030
пуховичок	0.030
пуховочка	0.030
пуховщик	0.030
пуховщица	0.030
пухоед	0.030
пухоотделитель	0.030
пуццолан	0.030
пучеглазие	0.030
пучение	0.030
пучочек	0.030
пушбол	0.030
пушение	0.030
пушиночка	0.030
пушистость	0.030
пушица	0.030
пушник	0.030
пчелинец	0.030
пчелоед	0.030
пчелосемья	0.030
пчельница	0.030
пчельня	0.030
пчеляк	0.030
пчёлочка	0.030
пшат	0.030
пшеничник	0.030
пшенцо	0.030
пшют	0.030
пшённик	0.030
пыжьян	0.030
пылание	0.030
пыленепроницаемость	0.030
пыление	0.030
пылеобразование	0.030
пылеочиститель	0.030
пылиночка	0.030
пыльцеед	0.030
пырейник	0.030
пырник	0.030
пырскание	0.030
пыряние	0.030
пытание	0.030
пытатель	0.030
пытливость	0.030
пьеза	0.030
пьекса	0.030
пьексы	0.030
пьяника	0.030
пьянюга	0.030
пьянюжка	0.030
пюльпитр	0.030
пядень	0.030
пядница	0.030
пяление	0.030
пялка	0.030
пяло	0.030
пялы	0.030
пястка	0.030
пясть	0.030
пятерик	0.030
пятиалтынник	0.030
пятиалтынничек	0.030
пятиборец	0.030
пятивёрстка	0.030
пятиглавие	0.030
пятидесятирублёвая	0.030
пятикопеечник	0.030
пятилинейка	0.030
пятина	0.030
пятисотенник	0.030
пятисотлетие	0.030
пятитонка	0.030
пятиустка	0.030
пятнание	0.030
пятник	0.030
пятнистость	0.030
пятёрочник	0.030
пятёрочница	0.030
пёнышек	0.030
пёстрость	0.030
рабатка	0.030
рабкрин	0.030
рабовладельчество	0.030
раболепство	0.030
раболепствование	0.030
работишка	0.030
работища	0.030
работёшка	0.030
рабфаковец	0.030
равендук	0.030
равентух	0.030
равнинка	0.030
равнинность	0.030
равнозначность	0.030
равномерность	0.030
равноправность	0.030
равноценность	0.030
раделец	0.030
раделица	0.030
радельник	0.030
радельница	0.030
радельщик	0.030
радельщица	0.030
радение	0.030
радетель	0.030
радетельница	0.030
радетельность	0.030
радиальность	0.030
радиан	0.030
радиант	0.030
радикалист	0.030
радимич	0.030
радиоальтиметр	0.030
радиоантенна	0.030
радиозонд	0.030
радиокомментатор	0.030
радиокомпас	0.030
радиолюбительство	0.030
радиометр	0.030
радионавигация	0.030
радиопеленг	0.030
радиопеленгатор	0.030
радиоперекличка	0.030
радиоприём	0.030
радиорепортаж	0.030
радиорепродуктор	0.030
радиосеть	0.030
радиослужба	0.030
радиотелеграмма	0.030
радиотелеграф	0.030
радиотелеграфист	0.030
радиотелеграфистка	0.030
радиотелеграфия	0.030
радиотехник	0.030
радиофизика	0.030
радиофикация	0.030
радиохимия	0.030
радиоцентр	0.030
радиоэлектроника	0.030
радиоэхо	0.030
радостность	0.030
радужина	0.030
радужник	0.030
радужница	0.030
разбалтывание	0.030
разбегание	0.030
разбежка	0.030
разбел	0.030
разбелка	0.030
разбереживание	0.030
разбирание	0.030
разбитость	0.030
разбойничек	0.030
разбойничество	0.030
разболтанность	0.030
разборщик	0.030
разборщица	0.030
разбраковка	0.030
разбраковщик	0.030
разбраковщица	0.030
разбрасыватель	0.030
разбросанность	0.030
разброска	0.030
разбуравливание	0.030
разбуривание	0.030
развалец	0.030
разваливание	0.030
развалка	0.030
развальца	0.030
развальцовка	0.030
развальцовщик	0.030
развальцовщица	0.030
развалюшка	0.030
развар	0.030
разваривание	0.030
разварка	0.030
разварщик	0.030
разварщица	0.030
развевание	0.030
разведанность	0.030
разведсводка	0.030
разведывание	0.030
развеивание	0.030
развенчивание	0.030
разверстание	0.030
разверчивание	0.030
развеска	0.030
развесчик	0.030
развесчица	0.030
разветвлённость	0.030
развивание	0.030
развиватель	0.030
развивка	0.030
развилина	0.030
развилинка	0.030
развилочка	0.030
развинченность	0.030
развинчивание	0.030
развитость	0.030
развлекательница	0.030
развлекательность	0.030
разводчица	0.030
развозчица	0.030
развой	0.030
разворачивание	0.030
разворовывание	0.030
развратительница	0.030
развьючивание	0.030
развёрстывание	0.030
разгадчик	0.030
разгадчица	0.030
разгиб	0.030
разгибание	0.030
разгибатель	0.030
разгильдяйка	0.030
разглагольствие	0.030
разглаживание	0.030
разглашатель	0.030
разглашательница	0.030
разглядка	0.030
разговение	0.030
разговорщик	0.030
разговорщица	0.030
разгонка	0.030
разгораживание	0.030
разгорание	0.030
разграничитель	0.030
разграфление	0.030
разгребатель	0.030
разгромление	0.030
разгружатель	0.030
разгрузчик	0.030
разгрузчица	0.030
разгрёбщик	0.030
разгуливание	0.030
разгулье	0.030
раздаватель	0.030
раздавательница	0.030
раздаивание	0.030
раздалбливание	0.030
раздаривание	0.030
раздатчик	0.030
раздатчица	0.030
раздваивание	0.030
раздвигание	0.030
раздвижение	0.030
раздвижка	0.030
раздевальня	0.030
разделительность	0.030
раздельнополость	0.030
раздельщик	0.030
раздельщица	0.030
раздирание	0.030
раздирщик	0.030
раздирщица	0.030
раздой	0.030
раздол	0.030
раздольице	0.030
раздорожье	0.030
раздражимость	0.030
раздражённость	0.030
раздробленность	0.030
раздув	0.030
раздумчивость	0.030
раздутость	0.030
раздёрганность	0.030
раздёргивание	0.030
разевание	0.030
разжатие	0.030
разжива	0.030
разжиг	0.030
разжига	0.030
разжижка	0.030
разжимание	0.030
разжёвывание	0.030
раззавод	0.030
раззадоривание	0.030
раззолачивание	0.030
разительность	0.030
разлагание	0.030
разлагатель	0.030
разладица	0.030
разладка	0.030
разлаженность	0.030
разлаживание	0.030
разламывание	0.030
разлапушка	0.030
разлетай	0.030
разлетайка	0.030
разлетайчик	0.030
разливальщик	0.030
разливальщица	0.030
разливатель	0.030
разливательница	0.030
разливка	0.030
разливщик	0.030
разливщица	0.030
разлиновка	0.030
разлиновывание	0.030
разлитие	0.030
различность	0.030
разложимость	0.030
размагниченность	0.030
размагничивание	0.030
размазывание	0.030
размалывание	0.030
размалёвка	0.030
размалёвывание	0.030
разматывание	0.030
размахайка	0.030
размачивание	0.030
размачтовывание	0.030
размашистость	0.030
размашка	0.030
размежевание	0.030
размежёвка	0.030
размежёвывание	0.030
размельчение	0.030
разменивание	0.030
размеривание	0.030
разметание	0.030
разметчик	0.030
разметчица	0.030
размешивание	0.030
разминание	0.030
разминовка	0.030
размирье	0.030
размоина	0.030
размокание	0.030
размол	0.030
размолка	0.030
размольщик	0.030
размольщица	0.030
размотка	0.030
размотчик	0.030
размотчица	0.030
размочаливание	0.030
размочка	0.030
размываемость	0.030
размывка	0.030
размыкание	0.030
размыкатель	0.030
размысл	0.030
размягчённость	0.030
размёт	0.030
размётанность	0.030
размётистость	0.030
размётывание	0.030
разнашивание	0.030
разнеженность	0.030
разнесение	0.030
разнимание	0.030
разнобоярщина	0.030
разноверие	0.030
разновес	0.030
разновеска	0.030
разновесок	0.030
разновременность	0.030
разнога	0.030
разногласица	0.030
разноголосие	0.030
разнодомность	0.030
разножка	0.030
разнозвучие	0.030
разнокалиберность	0.030
разнокалиберщина	0.030
разнолесье	0.030
разнолистность	0.030
разноличность	0.030
разномыслие	0.030
разноначалие	0.030
разнообразность	0.030
разноплемённость	0.030
разнопряжка	0.030
разноречивость	0.030
разноречие	0.030
разнородность	0.030
разнорыбица	0.030
разнорядица	0.030
разнорядка	0.030
разноситель	0.030
разносительница	0.030
разностильность	0.030
разносторонность	0.030
разнота	0.030
разнотипность	0.030
разнохарактерность	0.030
разноцвет	0.030
разноцветность	0.030
разноцветье	0.030
разночинец	0.030
разночинство	0.030
разношёрстность	0.030
разноязычие	0.030
разнуздывание	0.030
разоблачительница	0.030
разогнание	0.030
разогревание	0.030
разодрание	0.030
разопревание	0.030
разорванность	0.030
разорительница	0.030
разорительность	0.030
разорённость	0.030
разочарователь	0.030
разочаровывание	0.030
разрабатывание	0.030
разработанность	0.030
разравнивание	0.030
разражение	0.030
разращение	0.030
разрежение	0.030
разрежённость	0.030
разрезальщик	0.030
разрезальщица	0.030
разрезка	0.030
разрезывание	0.030
разрешимость	0.030
разрешитель	0.030
разрешительница	0.030
разрисовка	0.030
разрисовщик	0.030
разрисовщица	0.030
разрозненность	0.030
разрознивание	0.030
разруб	0.030
разрубание	0.030
разрубка	0.030
разрубщик	0.030
разрушимость	0.030
разрушительность	0.030
разрытие	0.030
разрыхление	0.030
разрядница	0.030
разрядность	0.030
разряжение	0.030
разряженность	0.030
разубеждение	0.030
разувание	0.030
разуверение	0.030
разузнавание	0.030
разузнание	0.030
разукрупнение	0.030
разумница	0.030
разуплотнение	0.030
разутюживание	0.030
разухабистость	0.030
разучивание	0.030
разъедание	0.030
разъединитель	0.030
разъединённость	0.030
разъезжание	0.030
разъярение	0.030
разъярённость	0.030
разъяснитель	0.030
разъёмность	0.030
разъёмщик	0.030
разыграние	0.030
разыгрывание	0.030
разыскание	0.030
разыскивание	0.030
райграс	0.030
ракитка	0.030
раклист	0.030
раколов	0.030
ракуша	0.030
ракушник	0.030
рамазан	0.030
рамоли	0.030
рамолик	0.030
рамооборот	0.030
рамщик	0.030
ранет	0.030
рантье	0.030
рапортичка	0.030
рапсод	0.030
раскаливание	0.030
раскалённость	0.030
раскармливание	0.030
раскатка	0.030
раскатчик	0.030
раскатчица	0.030
раскатывание	0.030
расквартировка	0.030
раскидка	0.030
раскидчивость	0.030
раскидывание	0.030
раскисание	0.030
раскисление	0.030
раскладчик	0.030
раскладчица	0.030
раскладывание	0.030
расклевание	0.030
расклеивание	0.030
расклейка	0.030
расклейщик	0.030
расклейщица	0.030
расклинивание	0.030
расклёв	0.030
расклёвывание	0.030
расклёпка	0.030
расклёпывание	0.030
расклёшивание	0.030
расковка	0.030
расковывание	0.030
расковыривание	0.030
расколачивание	0.030
расколка	0.030
расколоучитель	0.030
раскольница	0.030
раскольничество	0.030
раскольщик	0.030
раскольщица	0.030
раскомандировка	0.030
раскомандировочная	0.030
раскомплектование	0.030
расконопачивание	0.030
раскорм	0.030
раскормка	0.030
раскорчёвка	0.030
раскорячка	0.030
раскосость	0.030
раскрадывание	0.030
раскраивание	0.030
раскрасавец	0.030
раскрасчик	0.030
раскрасчица	0.030
раскрепление	0.030
раскройка	0.030
раскройщик	0.030
раскройщица	0.030
раскручивание	0.030
раскрывание	0.030
раскряжёвка	0.030
раскряжёвщик	0.030
раскупоривание	0.030
раскупорка	0.030
раскур	0.030
раскуривание	0.030
раскурка	0.030
раскусывание	0.030
раскутывание	0.030
распадение	0.030
распадина	0.030
распаивание	0.030
распайка	0.030
распаковщик	0.030
распаковщица	0.030
распаковывание	0.030
распаление	0.030
распалубка	0.030
распар	0.030
распаривание	0.030
распарка	0.030
распарывание	0.030
распаужение	0.030
распаузка	0.030
распаханность	0.030
распахивание	0.030
распашник	0.030
распашоночка	0.030
распев	0.030
распевец	0.030
распевность	0.030
распекание	0.030
распеканция	0.030
распекатель	0.030
распелёнывание	0.030
распечатание	0.030
распечатывание	0.030
распивание	0.030
распивочная	0.030
распиловка	0.030
распиловщик	0.030
расписочка	0.030
расписывание	0.030
распихивание	0.030
расплавка	0.030
распланировка	0.030
распластывание	0.030
расплетание	0.030
расплетение	0.030
расплод	0.030
распложение	0.030
расплывчатость	0.030
расплывчивость	0.030
расплющивание	0.030
расплёскивание	0.030
расподобление	0.030
распознаваемость	0.030
распознавательница	0.030
расползание	0.030
расположенность	0.030
распоп	0.030
распорядительность	0.030
распорядительство	0.030
распорядительша	0.030
распотешивание	0.030
распоясывание	0.030
расправка	0.030
расправление	0.030
распространительница	0.030
распрыскивание	0.030
распрягание	0.030
распряжка	0.030
распрямление	0.030
распубликование	0.030
распугивание	0.030
распудривание	0.030
распуколка	0.030
распускаемость	0.030
распустёха	0.030
распухание	0.030
распучивание	0.030
распыливание	0.030
распылённость	0.030
распяливание	0.030
распялка	0.030
распялочка	0.030
рассадница	0.030
рассасывание	0.030
рассверливание	0.030
рассверловка	0.030
рассев	0.030
расседлание	0.030
рассекание	0.030
рассечка	0.030
рассказец	0.030
рассказишко	0.030
расслабевание	0.030
расслаивание	0.030
расслойка	0.030
расснастка	0.030
расснащивание	0.030
рассовывание	0.030
рассоление	0.030
рассолец	0.030
рассольничек	0.030
рассортировка	0.030
рассортировывание	0.030
рассоха	0.030
рассошина	0.030
расспрашивание	0.030
расспросчик	0.030
расспросчица	0.030
рассрочивание	0.030
расставка	0.030
расстание	0.030
расстанная	0.030
расстановщик	0.030
расстановщица	0.030
расстегай	0.030
расстегайчик	0.030
расстил	0.030
расстилание	0.030
расстилатель	0.030
расстилка	0.030
расстояньице	0.030
расстраивание	0.030
расстреливание	0.030
расстрига	0.030
расстрижение	0.030
расстрочка	0.030
расстёгивание	0.030
рассудочность	0.030
рассусоливание	0.030
рассучивание	0.030
рассчитанность	0.030
рассчитывание	0.030
рассылание	0.030
рассыпание	0.030
рассыпка	0.030
рассыпчатость	0.030
рассыпщик	0.030
рассыпщица	0.030
рассыхание	0.030
рассёдлывание	0.030
растабары	0.030
расталкивание	0.030
растапливание	0.030
растаптывание	0.030
растаскивание	0.030
растасовка	0.030
растачивание	0.030
растворимость	0.030
растворомешалка	0.030
растворщик	0.030
растворяемость	0.030
растекание	0.030
растениевод	0.030
растениеводство	0.030
растеньице	0.030
растепеля	0.030
растеребление	0.030
растеребливание	0.030
растерзанность	0.030
растеря	0.030
растерёха	0.030
растечка	0.030
растильня	0.030
растирка	0.030
растирщик	0.030
растирщица	0.030
растлевание	0.030
растленность	0.030
растолкование	0.030
растолковывание	0.030
растопыривание	0.030
растопырка	0.030
расторжимость	0.030
растормаживание	0.030
расточение	0.030
расточительница	0.030
расточка	0.030
расточник	0.030
растр	0.030
растрава	0.030
растравление	0.030
растравливание	0.030
растранжиривание	0.030
растратчица	0.030
растрачивание	0.030
растрепай	0.030
растрескивание	0.030
растроганность	0.030
раструска	0.030
раструшивание	0.030
растряска	0.030
растрясывание	0.030
растрёпанность	0.030
растрёпка	0.030
растрёпывание	0.030
растушка	0.030
растушёвка	0.030
растыкивание	0.030
растюковка	0.030
растяжимость	0.030
растянутость	0.030
растёл	0.030
растёска	0.030
растёсывание	0.030
расфасовка	0.030
расфасовщик	0.030
расфасовщица	0.030
расфасовывание	0.030
расформировка	0.030
расформировывание	0.030
расхаживание	0.030
расхваливание	0.030
расхватывание	0.030
расхлябывание	0.030
расходчик	0.030
расходчица	0.030
расхолаживание	0.030
расцарапывание	0.030
расцветание	0.030
расцветчик	0.030
расцветчица	0.030
расцвечивание	0.030
расценивание	0.030
расценщик	0.030
расценщица	0.030
расцепка	0.030
расцепление	0.030
расчаление	0.030
расчаливание	0.030
расчеканка	0.030
расчеканщик	0.030
расчерпывание	0.030
расчерчивание	0.030
расчисление	0.030
расчищение	0.030
расчленённость	0.030
расчёсочка	0.030
расчётчик	0.030
расшатанность	0.030
расшатывание	0.030
расшевеливание	0.030
расшива	0.030
расшивание	0.030
расшивка	0.030
расширяемость	0.030
расшифровывание	0.030
расшлихтовка	0.030
расшлихтовщик	0.030
расшнуровка	0.030
расштыбовщик	0.030
расщебёнка	0.030
расщеп	0.030
расщипка	0.030
расщипывание	0.030
ратай	0.030
ратания	0.030
ратафия	0.030
ратин	0.030
ратинирование	0.030
ратоборец	0.030
ратоборство	0.030
ратование	0.030
ратовище	0.030
ратовье	0.030
раухтопаз	0.030
рафинирование	0.030
рафинированность	0.030
рафинировка	0.030
рафинировщик	0.030
рафинировщица	0.030
рафинёр	0.030
рафинёрщик	0.030
рафинёрщица	0.030
рахитизм	0.030
рахитик	0.030
рахитичка	0.030
рацея	0.030
рационализаторство	0.030
рационалистичность	0.030
рационалистка	0.030
рационирование	0.030
рацпредложение	0.030
рачение	0.030
рачитель	0.030
рачительница	0.030
рачительность	0.030
рачиха	0.030
рачишка	0.030
рачище	0.030
рачонок	0.030
ращение	0.030
раёшник	0.030
рванина	0.030
рвачество	0.030
рдение	0.030
рдест	0.030
реактивность	0.030
реакционерка	0.030
реакционность	0.030
реальгар	0.030
ребаб	0.030
ребе	0.030
реборда	0.030
ребристость	0.030
ребровик	0.030
ребятьё	0.030
ребятёночек	0.030
ребячливость	0.030
ревакцинация	0.030
реваншизм	0.030
реваншист	0.030
ревенька	0.030
ревенёк	0.030
ревербер	0.030
реверси	0.030
реверсивность	0.030
реверсия	0.030
реверсор	0.030
ревизионистка	0.030
ревизование	0.030
ревизорство	0.030
ревматик	0.030
ревматичка	0.030
ревнивость	0.030
ревнительница	0.030
ревностность	0.030
ревокация	0.030
револьверишко	0.030
револьверчик	0.030
револьверщик	0.030
револьверщица	0.030
революционаризм	0.030
революционерство	0.030
революционизирование	0.030
революционизм	0.030
революционист	0.030
революционность	0.030
ревунья	0.030
регенерат	0.030
регенераторщик	0.030
регенерирование	0.030
регионализация	0.030
регионализм	0.030
регистрирование	0.030
регламентация	0.030
регламентирование	0.030
реградация	0.030
регрессивность	0.030
редакторство	0.030
редакторша	0.030
редемаркация	0.030
редерер	0.030
редечка	0.030
редизна	0.030
редина	0.030
редингот	0.030
рединка	0.030
редисочка	0.030
редкомах	0.030
редкостность	0.030
редкостойность	0.030
реднина	0.030
редняк	0.030
редова	0.030
редукция	0.030
редупликация	0.030
редуцирование	0.030
редюит	0.030
режиссёрство	0.030
резальщик	0.030
резальщица	0.030
резвун	0.030
резвунчик	0.030
резвунья	0.030
резвушка	0.030
резерват	0.030
резервник	0.030
резидирование	0.030
резинщик	0.030
резинщица	0.030
резиньяция	0.030
резонирование	0.030
резонность	0.030
резонёр	0.030
резонёрка	0.030
резонёрство	0.030
резонёрствование	0.030
резорцин	0.030
резуха	0.030
резьбовик	0.030
резьбовщик	0.030
резьбовщица	0.030
резюмирование	0.030
реинфекция	0.030
рейдирование	0.030
рейдовик	0.030
рейнвейн	0.030
рейсмус	0.030
рейсшина	0.030
рейтар	0.030
рейхсрат	0.030
рекамбио	0.030
рекамбия	0.030
рекапитуляция	0.030
рекламист	0.030
рекламистка	0.030
рековедение	0.030
рекогносцирование	0.030
рекогносцировщик	0.030
рекомендательница	0.030
реконверсия	0.030
рекордизм	0.030
рекордист	0.030
рекордистка	0.030
рекордсменство	0.030
рекостав	0.030
рекредитив	0.030
рекрутка	0.030
рекрутство	0.030
рекрутчина	0.030
ректификат	0.030
ректификатор	0.030
ректификация	0.030
ректифицирование	0.030
ректорство	0.030
ректорша	0.030
рекуператор	0.030
рекуперация	0.030
релейщик	0.030
рельефность	0.030
рельсина	0.030
рельсопрокатка	0.030
рельсопрокатчик	0.030
релятивист	0.030
реляция	0.030
ремедиум	0.030
ремез	0.030
ременщик	0.030
ремесленница	0.030
ремесленничество	0.030
ремесленность	0.030
ремешечник	0.030
ремешник	0.030
ремиз	0.030
ремилитаризация	0.030
реминисценция	0.030
ремнец	0.030
ремнецветник	0.030
ремнище	0.030
ремонтантность	0.030
ремонтирование	0.030
ремонтировщик	0.030
ремонтёр	0.030
ренегатка	0.030
ренегатство	0.030
ренет	0.030
рений	0.030
ренклод	0.030
ренонс	0.030
рентгенизация	0.030
рентгенодиагностика	0.030
рентгенотерапия	0.030
реометр	0.030
репатриантка	0.030
репетир	0.030
репетирование	0.030
репетиторша	0.030
репетование	0.030
репица	0.030
репище	0.030
репняк	0.030
реполов	0.030
репортёрство	0.030
репрезентант	0.030
репрессалия	0.030
репрессивность	0.030
реприманд	0.030
репринт	0.030
репродуцирование	0.030
репс	0.030
репьяк	0.030
репьё	0.030
ресконтро	0.030
респирация	0.030
респондентка	0.030
республиканизм	0.030
рессорщик	0.030
реставраторство	0.030
ресторанщик	0.030
ресторация	0.030
ретивое	0.030
ретивость	0.030
ретина	0.030
ретинит	0.030
ретирада	0.030
реторсия	0.030
ретрансляция	0.030
ретраншемент	0.030
ретроградка	0.030
ретроградность	0.030
ретроградство	0.030
ретроспекция	0.030
ретрофлексия	0.030
ретушёвка	0.030
ретушёр	0.030
рефлексолог	0.030
рефлективность	0.030
рефлектометр	0.030
рефлектёр	0.030
рефлектёрство	0.030
реформат	0.030
реформатка	0.030
реформатство	0.030
реформизм	0.030
реформистка	0.030
рефрактометр	0.030
рефрактометрия	0.030
рефрактор	0.030
рефулёр	0.030
рецензентство	0.030
рецензийка	0.030
рецессивность	0.030
реципиентка	0.030
рецитация	0.030
рецитирование	0.030
речение	0.030
реченька	0.030
речечка	0.030
речивость	0.030
речистость	0.030
решаемость	0.030
решетина	0.030
решетник	0.030
решетцо	0.030
решечение	0.030
рештак	0.030
решёточка	0.030
решётце	0.030
реэвакуация	0.030
реэкспорт	0.030
реэмигрант	0.030
реэмигрантка	0.030
реэмиграция	0.030
реяние	0.030
ржавление	0.030
ржавость	0.030
ржавчинка	0.030
ржавчинник	0.030
ржанина	0.030
ржаница	0.030
ржанище	0.030
ржица	0.030
ржичка	0.030
ржишка	0.030
ржище	0.030
риваль	0.030
ривалька	0.030
риванол	0.030
ригодон	0.030
ригоризм	0.030
ригорист	0.030
ригористичность	0.030
ригористка	0.030
ридикюльчик	0.030
ризалит	0.030
ризки	0.030
ризоид	0.030
ризосфера	0.030
рикошетирование	0.030
ринология	0.030
рипус	0.030
рисберма	0.030
рисинка	0.030
рисовальщица	0.030
рисовод	0.030
рисоводство	0.030
ристание	0.030
ристатель	0.030
ритмизация	0.030
ритмичность	0.030
ритмовка	0.030
ритмопластика	0.030
ритор	0.030
риторизм	0.030
риторичность	0.030
риторство	0.030
ритурнель	0.030
рифление	0.030
рифлёность	0.030
рифмач	0.030
рифмачество	0.030
рифмачка	0.030
рифмование	0.030
рифмовка	0.030
рифмоплётство	0.030
рифмотворец	0.030
рифмочка	0.030
рихтование	0.030
рихтовка	0.030
рихтовщик	0.030
рихтовщица	0.030
рицинус	0.030
ришта	0.030
робинзонада	0.030
роброн	0.030
ровик	0.030
ровнитель	0.030
ровница	0.030
ровничница	0.030
ровность	0.030
ровнота	0.030
ровнюшка	0.030
роговик	0.030
роговина	0.030
рогожник	0.030
рогожница	0.030
рогозуб	0.030
роголистник	0.030
рогулечка	0.030
рогулина	0.030
рогульник	0.030
рогуля	0.030
родильница	0.030
родимец	0.030
родимушка	0.030
родимчик	0.030
родовитость	0.030
родович	0.030
родовспоможение	0.030
родоначальница	0.030
родонит	0.030
родословец	0.030
роевня	0.030
роение	0.030
рожак	0.030
рожденник	0.030
рожденница	0.030
рожечник	0.030
рожочек	0.030
розанель	0.030
розанец	0.030
розанчик	0.030
розариум	0.030
розбить	0.030
розвязь	0.030
розговенье	0.030
розенкрейцер	0.030
розеола	0.030
розмысл	0.030
розоватость	0.030
розовость	0.030
ройба	0.030
рокада	0.030
рокайль	0.030
рокамболь	0.030
рокотание	0.030
роликобежец	0.030
роликоподшипник	0.030
рольганг	0.030
рольмопс	0.030
рольня	0.030
рольщик	0.030
романея	0.030
романизация	0.030
романизирование	0.030
романизм	0.030
романистика	0.030
романсик	0.030
романсист	0.030
романтизация	0.030
романтичка	0.030
ромбоид	0.030
ромбоэдр	0.030
ромец	0.030
ромок	0.030
ромша	0.030
ромштекс	0.030
ронжа	0.030
ропотливость	0.030
роптание	0.030
росиночка	0.030
росичка	0.030
роскошник	0.030
роскошность	0.030
рослость	0.030
росограф	0.030
росплывь	0.030
росстань	0.030
росстанье	0.030
ростверк	0.030
ростепель	0.030
ростомер	0.030
ростр	0.030
ростра	0.030
росчисть	0.030
росшивь	0.030
ротанг	0.030
ротапринт	0.030
ротатор	0.030
ротацизм	0.030
ротационка	0.030
ротишко	0.030
ротище	0.030
ротмистрша	0.030
ротозейка	0.030
ротозейничание	0.030
роток	0.030
роточек	0.030
роульс	0.030
роялизм	0.030
роялино	0.030
роялистка	0.030
роялишка	0.030
роёвщина	0.030
роёк	0.030
ртишко	0.030
ртище	0.030
рубаночек	0.030
рубашоночка	0.030
рубеллит	0.030
рубидий	0.030
рубильщик	0.030
рублишко	0.030
рублёвик	0.030
рубрикация	0.030
рубчатость	0.030
рубщик	0.030
рубщица	0.030
ругание	0.030
ругатель	0.030
ругательница	0.030
ругня	0.030
руготня	0.030
рудбекия	0.030
рудовоз	0.030
рудоискатель	0.030
рудокопня	0.030
рудомёт	0.030
рудоносность	0.030
рудоспуск	0.030
рудяк	0.030
ружейник	0.030
рукавичник	0.030
рукавчик	0.030
рукобитие	0.030
рукобитчик	0.030
руководительство	0.030
рукодел	0.030
рукоделец	0.030
рукодельник	0.030
рукожатие	0.030
рукомойка	0.030
рукописание	0.030
рукоприкладчик	0.030
рукоятчик	0.030
рукоятчица	0.030
руление	0.030
рулеточка	0.030
рулёжка	0.030
рулёна	0.030
румянение	0.030
румянка	0.030
румяность	0.030
румянчик	0.030
рундучок	0.030
русачка	0.030
русачок	0.030
русизм	0.030
русин	0.030
русинка	0.030
русист	0.030
русистика	0.030
русицизм	0.030
руслень	0.030
русопёт	0.030
русофил	0.030
русофильство	0.030
русофоб	0.030
русофобия	0.030
русофобство	0.030
руссоизм	0.030
руссоист	0.030
рустика	0.030
рустовка	0.030
руте	0.030
рутил	0.030
рутинизм	0.030
рутинист	0.030
рутинистка	0.030
рутинность	0.030
рутинёр	0.030
рутинёрка	0.030
рутинёрство	0.030
рутёрка	0.030
рухлядишка	0.030
рухляк	0.030
ручница	0.030
рушение	0.030
рушитель	0.030
рцы	0.030
рыбачение	0.030
рыбачество	0.030
рыбец	0.030
рыбинка	0.030
рыбица	0.030
рыбища	0.030
рыбница	0.030
рыбовод	0.030
рыбоводство	0.030
рыбокомбинат	0.030
рыбонька	0.030
рыбоподъём	0.030
рыбоподъёмник	0.030
рыбопродукт	0.030
рыбопромышленник	0.030
рыботорговля	0.030
рыбоход	0.030
рыбчонка	0.030
рыдалец	0.030
рыжак	0.030
рыжеватость	0.030
рыжесть	0.030
рыжина	0.030
рыжичек	0.030
рыкание	0.030
рысачок	0.030
рысистость	0.030
рысиха	0.030
рыскливость	0.030
рыскун	0.030
рытвинка	0.030
рыхление	0.030
рыхлитель	0.030
рыхловатость	0.030
рыхлость	0.030
рыхляк	0.030
рьяность	0.030
рэкетирство	0.030
рюха	0.030
рябизна	0.030
рябик	0.030
рябиновка	0.030
рябиновочка	0.030
рябинушка	0.030
рябкование	0.030
рябоватость	0.030
рябость	0.030
рябуха	0.030
рявкание	0.030
ряднина	0.030
рядович	0.030
рядочек	0.030
рядчик	0.030
ряж	0.030
ряжение	0.030
ряпушка	0.030
рясна	0.030
рясник	0.030
рясофор	0.030
рясофорство	0.030
саадак	0.030
сааз	0.030
саами	0.030
сабайон	0.030
сабеи	0.030
сабеизм	0.030
сабей	0.030
сабейка	0.030
сабельник	0.030
сабельщик	0.030
сабза	0.030
саботажница	0.030
саботажничество	0.030
сабур	0.030
савояр	0.030
саврас	0.030
сагайдак	0.030
саговник	0.030
саддукей	0.030
саддукеянка	0.030
садилка	0.030
садище	0.030
садно	0.030
садовладелец	0.030
садовничество	0.030
садоразведение	0.030
садостроительство	0.030
садочек	0.030
садчик	0.030
садчица	0.030
саепёк	0.030
саечник	0.030
саечница	0.030
сажалка	0.030
сажальщик	0.030
сажальщица	0.030
сажание	0.030
сазанадари	0.030
сазандар	0.030
сазанина	0.030
саиб	0.030
сайдак	0.030
саква	0.030
саккос	0.030
сакман	0.030
сакманщик	0.030
сакманщица	0.030
сакраментальность	0.030
саксаульник	0.030
саксонка	0.030
салака	0.030
салакушка	0.030
салатник	0.030
салинг	0.030
салицилка	0.030
салма	0.030
саловар	0.030
саловарение	0.030
салол	0.030
салолин	0.030
саломас	0.030
салонность	0.030
салончик	0.030
салопик	0.030
салопишко	0.030
салопчик	0.030
салотоп	0.030
салотопка	0.030
салотопление	0.030
салотопня	0.030
салотопщик	0.030
сальварсан	0.030
сальтоморталист	0.030
салютация	0.030
салютирование	0.030
салютование	0.030
салютовка	0.030
саманка	0.030
саманник	0.030
саманщик	0.030
саманщица	0.030
самбистка	0.030
самнит	0.030
самнитка	0.030
самобытник	0.030
самоваришко	0.030
самоварище	0.030
самоварник	0.030
самоварщик	0.030
самоварщица	0.030
самовзрывание	0.030
самовидец	0.030
самовластец	0.030
самовластие	0.030
самовластитель	0.030
самовластительство	0.030
самовластник	0.030
самовластность	0.030
самовозбуждение	0.030
самовозвеличение	0.030
самовозгораемость	0.030
самоволие	0.030
самовольник	0.030
самовольница	0.030
самовольничание	0.030
самовоспитание	0.030
самовоспламенение	0.030
самовяз	0.030
самогонокурение	0.030
самогоночка	0.030
самогончик	0.030
самогрызение	0.030
самогуды	0.030
самодвижение	0.030
самодельщина	0.030
самодержавец	0.030
самодержавность	0.030
самодержавство	0.030
самодержица	0.030
самодовольствие	0.030
самодурка	0.030
самоедка	0.030
самоедство	0.030
самозабвенность	0.030
самозаготовка	0.030
самозажигание	0.030
самозакаливание	0.030
самозакалка	0.030
самозаклание	0.030
самозарождение	0.030
самозащищение	0.030
самоизнурение	0.030
самоиндукция	0.030
самоисключение	0.030
самоиспытание	0.030
самоистребление	0.030
самокал	0.030
самокалка	0.030
самокатка	0.030
самокатчик	0.030
самокритичность	0.030
самоличность	0.030
самоловка	0.030
самолюб	0.030
самолюбец	0.030
самолюбка	0.030
самолюбьице	0.030
самолюбьишко	0.030
самолётовождение	0.030
самолётостроение	0.030
самонаблюдение	0.030
самонавалка	0.030
самонагревание	0.030
самоназвание	0.030
самонаклад	0.030
самонакладчик	0.030
самонаслаждение	0.030
самонрав	0.030
самонравец	0.030
самообвинение	0.030
самообличение	0.030
самообложение	0.030
самообогащение	0.030
самообожание	0.030
самообольщение	0.030
самоокапывание	0.030
самоокисление	0.030
самооплевание	0.030
самооплодотворение	0.030
самоопыление	0.030
самоопылитель	0.030
самоосадка	0.030
самоосуждение	0.030
самоотвержение	0.030
самоотравление	0.030
самоотрешение	0.030
самоотрешённость	0.030
самоотрицание	0.030
самоотчёт	0.030
самоохрана	0.030
самоочищение	0.030
самопальник	0.030
самоповторение	0.030
самоподаватель	0.030
самопоклонение	0.030
самопрезрение	0.030
самопресс	0.030
самопринуждение	0.030
самопроизвольность	0.030
самопрославление	0.030
самопрялка	0.030
самопрялочник	0.030
самопуск	0.030
саморазгрузчик	0.030
саморазложение	0.030
саморазоблачение	0.030
самораспад	0.030
саморасчёт	0.030
саморекламирование	0.030
самосадка	0.030
самосброска	0.030
самосев	0.030
самосевка	0.030
самосей	0.030
самосейка	0.030
самоскидка	0.030
самосмазка	0.030
самоснабжаемость	0.030
самоснабжение	0.030
самосогревание	0.030
самосожженец	0.030
самосожигатель	0.030
самосозерцание	0.030
самосплав	0.030
самостийник	0.030
самостийность	0.030
самостил	0.030
самостраховка	0.030
самосудство	0.030
самотаска	0.030
самоточка	0.030
самоуглубление	0.030
самоуглублённость	0.030
самоудовлетворённость	0.030
самоумаление	0.030
самоунижение	0.030
самоуправщик	0.030
самоуслаждение	0.030
самоуспокоенность	0.030
самоустранение	0.030
самоутешение	0.030
самохвал	0.030
самохвалка	0.030
самохвальство	0.030
самоход	0.030
самоходность	0.030
самохранение	0.030
самочинец	0.030
самочинность	0.030
самочинство	0.030
самшит	0.030
санврач	0.030
сангвин	0.030
сангвина	0.030
сангвинизм	0.030
сангвиник	0.030
сангвиничка	0.030
сангина	0.030
сандарак	0.030
санджак	0.030
сандружина	0.030
сандружинник	0.030
сандхи	0.030
санинструктор	0.030
санирование	0.030
санкционирование	0.030
санкюлот	0.030
санник	0.030
сановитость	0.030
сановница	0.030
сановничество	0.030
сановность	0.030
саночник	0.030
санпропускник	0.030
санпросвет	0.030
санскритолог	0.030
санскритология	0.030
сантиграмм	0.030
сантонин	0.030
сапажу	0.030
саперави	0.030
сапетка	0.030
сапожишка	0.030
сапожишко	0.030
сапожница	0.030
сапожничание	0.030
сапожничек	0.030
сапожничество	0.030
сапожничиха	0.030
сапожонок	0.030
сапонин	0.030
сапонит	0.030
сапропелит	0.030
сапропель	0.030
сапрофаг	0.030
сапрофит	0.030
сапун	0.030
сараишко	0.030
сараище	0.030
саранчук	0.030
сарафанишко	0.030
сарафанница	0.030
сарацинка	0.030
сараюшко	0.030
сардель	0.030
сардоникс	0.030
саркастичность	0.030
сарколемма	0.030
саркоплазма	0.030
сарлык	0.030
сармат	0.030
сарматка	0.030
сарпинка	0.030
сарпиночник	0.030
сарпиночница	0.030
сарсуэла	0.030
сассапарель	0.030
сатанинство	0.030
сатанёнок	0.030
сатинет	0.030
сатинирование	0.030
сатинировка	0.030
сатинёр	0.030
сатириаз	0.030
сатириазис	0.030
сатиричность	0.030
сатрапия	0.030
сатуратор	0.030
сатурнизм	0.030
сафлор	0.030
сафранин	0.030
сафьян	0.030
сахарец	0.030
сахаризация	0.030
сахариметр	0.030
сахариметрия	0.030
сахаринка	0.030
сахаристость	0.030
сахарник	0.030
сахаровар	0.030
сахароварение	0.030
сахароварня	0.030
сахароварство	0.030
сахарозавод	0.030
сахарозаводчик	0.030
сахарозаводчица	0.030
сахарометр	0.030
сахарометрия	0.030
сахаронос	0.030
сбавка	0.030
сбалансирование	0.030
сбегание	0.030
сберегание	0.030
сбивалка	0.030
сбивка	0.030
сбивчивость	0.030
сбир	0.030
сбиратель	0.030
сбитенщик	0.030
сбитенщица	0.030
сближенность	0.030
сбоина	0.030
сбойка	0.030
сболчивание	0.030
сборничек	0.030
сборность	0.030
сборочка	0.030
сборщица	0.030
сбраживание	0.030
сбривание	0.030
сброска	0.030
сбруечка	0.030
сбруишка	0.030
сбруйка	0.030
сбруйник	0.030
сбруйница	0.030
сбруйщик	0.030
сбрызг	0.030
сбрызгивание	0.030
сбывание	0.030
сбытие	0.030
сбытовик	0.030
сбыточность	0.030
сваебоец	0.030
сваебой	0.030
сваечка	0.030
свайник	0.030
свайщик	0.030
свал	0.030
свальщик	0.030
свальщица	0.030
сванка	0.030
сварение	0.030
свариваемость	0.030
сваривание	0.030
сварливец	0.030
сварливица	0.030
сварливость	0.030
сватание	0.030
сватик	0.030
сваток	0.030
сваточек	0.030
сватушка	0.030
сватьюшка	0.030
свахонька	0.030
свашенька	0.030
свашка	0.030
свевание	0.030
свежатина	0.030
свежевальщик	0.030
свежевальщица	0.030
свеженина	0.030
свеженинка	0.030
свежина	0.030
свежинка	0.030
свежьё	0.030
свекловица	0.030
свекловичница	0.030
свекловище	0.030
свекловод	0.030
свекловодство	0.030
свеклокомбайн	0.030
свеклокопатель	0.030
свекломойка	0.030
свеклоподъёмник	0.030
свеклорезка	0.030
свеклосеяние	0.030
свеклоуборка	0.030
свеклоутомление	0.030
свекольник	0.030
свекровка	0.030
свекровушка	0.030
свекруха	0.030
свербёж	0.030
сверлилка	0.030
сверлильщик	0.030
сверлильщица	0.030
сверлина	0.030
сверловщик	0.030
сверловщица	0.030
сверстничек	0.030
сверстничество	0.030
сверхбаллон	0.030
сверхгалактика	0.030
сверхгигант	0.030
сверхкомплект	0.030
сверхприбыль	0.030
сверхсенсация	0.030
сверхсрочнослужащий	0.030
сверхтекучесть	0.030
сверхъестественность	0.030
свершитель	0.030
сверщик	0.030
сверщица	0.030
свес	0.030
светание	0.030
светец	0.030
светильня	0.030
светимость	0.030
светличка	0.030
светловатость	0.030
светлота	0.030
светлынь	0.030
светозарность	0.030
светокопирование	0.030
светокопировка	0.030
светокопия	0.030
светокультура	0.030
светолечебница	0.030
светолечение	0.030
светолюб	0.030
светолюбивость	0.030
светолюбие	0.030
светометрия	0.030
светонепроницаемость	0.030
светоносность	0.030
светоотдача	0.030
светопись	0.030
светопреломление	0.030
светопроницаемость	0.030
светорассеяние	0.030
светосигнал	0.030
светосигнализация	0.030
светосигнальщик	0.030
светосила	0.030
светосостав	0.030
светостойкость	0.030
светотехника	0.030
светскость	0.030
свеченька	0.030
свешивание	0.030
свивальник	0.030
свивание	0.030
свивка	0.030
свилеватость	0.030
свинарня	0.030
свинобоец	0.030
свинобой	0.030
свинооткорм	0.030
свинорой	0.030
свиносовхоз	0.030
свинуха	0.030
свинушка	0.030
свинушник	0.030
свинцевание	0.030
свинцовость	0.030
свинчак	0.030
свинчивание	0.030
свинюшник	0.030
свинёнок	0.030
свирелка	0.030
свирельщик	0.030
свирельщица	0.030
свирепство	0.030
свиристелка	0.030
свиристение	0.030
свисание	0.030
свислость	0.030
свистание	0.030
свистелка	0.030
свистение	0.030
свистопляс	0.030
свистунок	0.030
свистунья	0.030
свиточек	0.030
свиточка	0.030
свихивание	0.030
свищик	0.030
свиязь	0.030
свободолюбец	0.030
свободолюбие	0.030
свободушка	0.030
сводик	0.030
сводничание	0.030
сводочка	0.030
сводчик	0.030
своебытность	0.030
своевластие	0.030
своеволец	0.030
своевольник	0.030
своевольница	0.030
своевольничание	0.030
своевольность	0.030
своевольщина	0.030
своедельщина	0.030
своеземец	0.030
своелюбие	0.030
своенародность	0.030
своенравность	0.030
своеобразность	0.030
своеобычие	0.030
своеобычливость	0.030
своеобычность	0.030
своз	0.030
свозка	0.030
свойлачивание	0.030
свойственник	0.030
свойственница	0.030
свойственность	0.030
сволакивание	0.030
сволота	0.030
сволочьё	0.030
своячина	0.030
своячок	0.030
свыкание	0.030
связа	0.030
связанность	0.030
связистка	0.030
связишка	0.030
связочка	0.030
свясло	0.030
святительство	0.030
святокупец	0.030
святокупство	0.030
святочник	0.030
святошество	0.030
священнослужение	0.030
свёрстка	0.030
свёрстывание	0.030
сгад	0.030
сглаженность	0.030
сгнивание	0.030
сговорчивость	0.030
сговорёнка	0.030
сговорённость	0.030
сгонка	0.030
сгонщик	0.030
сгораемость	0.030
сгорбленность	0.030
сгребание	0.030
сгуститель	0.030
сгущаемость	0.030
сгущённость	0.030
сдабривание	0.030
сдавание	0.030
сдавленность	0.030
сдатчик	0.030
сдатчица	0.030
сдваивание	0.030
сдвигание	0.030
сдвижение	0.030
сдвижка	0.030
сдвоение	0.030
сдвоенность	0.030
сдвойка	0.030
сдельность	0.030
сдельщик	0.030
сдельщица	0.030
сдирщик	0.030
сдирщица	0.030
сдобник	0.030
сдобничек	0.030
сдув	0.030
сдувание	0.030
сдёргивание	0.030
сеансёр	0.030
себялюб	0.030
себялюбство	0.030
себяобожание	0.030
севалка	0.030
севальщик	0.030
севба	0.030
североамериканка	0.030
североморец	0.030
северяк	0.030
севосмен	0.030
севрюжина	0.030
севрюжка	0.030
сегидилья	0.030
сеголетка	0.030
сеголеток	0.030
седало	0.030
седельник	0.030
седельце	0.030
седельщик	0.030
сединка	0.030
седлание	0.030
седловинка	0.030
седловка	0.030
седмина	0.030
седмица	0.030
седочок	0.030
сеево	0.030
сежа	0.030
сезень	0.030
сезонница	0.030
сезонность	0.030
сейид	0.030
сейсмичность	0.030
сейсмогеология	0.030
сейсмограмма	0.030
сейсмография	0.030
сейсмометрия	0.030
сейсмоскоп	0.030
сейсмостойкость	0.030
сейша	0.030
секанс	0.030
секвестр	0.030
секвестрация	0.030
секвестрирование	0.030
секвестрование	0.030
секретаришка	0.030
секретарство	0.030
секретарёк	0.030
секретец	0.030
секретин	0.030
секретка	0.030
секретник	0.030
секретница	0.030
секретничание	0.030
сексопатология	0.030
секстаккорд	0.030
секстиллион	0.030
секстильон	0.030
секстина	0.030
сектантство	0.030
сектатор	0.030
сектаторство	0.030
секуляризация	0.030
секундатор	0.030
секундометрист	0.030
секутор	0.030
секуция	0.030
секционер	0.030
секционерка	0.030
селадон	0.030
селадонство	0.030
селезёночник	0.030
селективность	0.030
селенга	0.030
селенит	0.030
селенография	0.030
селеньице	0.030
селитровар	0.030
селитроварение	0.030
селитроварка	0.030
селитроварня	0.030
селитрообразование	0.030
селитряница	0.030
селитьба	0.030
селишко	0.030
селище	0.030
сельвас	0.030
сельвасы	0.030
селькуп	0.030
селькупка	0.030
сельхозартель	0.030
сельхозинвентарь	0.030
сельхозмашина	0.030
сельцо	0.030
сельчанка	0.030
селяночка	0.030
селянство	0.030
селёдочник	0.030
селёдочница	0.030
семасиолог	0.030
семасиология	0.030
семафорщик	0.030
семафорщица	0.030
семейность	0.030
семема	0.030
семеновед	0.030
семеноведение	0.030
семеновместилище	0.030
семеновод	0.030
семеноводство	0.030
семенодоля	0.030
семеномер	0.030
семерик	0.030
семеюшка	0.030
семиборье	0.030
семибоярщина	0.030
семидесятилетие	0.030
семидесятник	0.030
семидневка	0.030
семизвездие	0.030
семиколоска	0.030
семилинейка	0.030
семинариум	0.030
семинарщина	0.030
семиполье	0.030
семисотлетие	0.030
семитизм	0.030
семитка	0.030
семитолог	0.030
семитология	0.030
семиугольник	0.030
семишник	0.030
семпель	0.030
семьища	0.030
семьянинка	0.030
семьянка	0.030
семявместилище	0.030
семявход	0.030
семядоля	0.030
семяед	0.030
семяизлияние	0.030
семяножка	0.030
семяносец	0.030
семяпочка	0.030
семяпровод	0.030
сенаторство	0.030
сенаторша	0.030
сенинка	0.030
сенница	0.030
сеноволокуша	0.030
сеноворошение	0.030
сеноворошилка	0.030
сеногной	0.030
сеноед	0.030
сеножатка	0.030
сеножать	0.030
сенозаготовка	0.030
сенокопнитель	0.030
сенокосец	0.030
сенокосилка	0.030
сенокошение	0.030
сенонагрузчик	0.030
сеноподборщик	0.030
сеноподъёмник	0.030
сеносдатчик	0.030
сенособиратель	0.030
сеноставец	0.030
сеноставка	0.030
сеносушилка	0.030
сеносушка	0.030
сенотаска	0.030
сеноуборка	0.030
сенофураж	0.030
сенохранилище	0.030
сенсационность	0.030
сенсибилизатор	0.030
сенсибилизация	0.030
сенситивность	0.030
сенсуализм	0.030
сенсуалист	0.030
сенсуалистка	0.030
сенсуальность	0.030
сентенциозность	0.030
сентиментализм	0.030
сентиментальничание	0.030
сеньория	0.030
сепаративность	0.030
сепаратизм	0.030
сепаратность	0.030
сепараторщик	0.030
сепараторщица	0.030
сепарирование	0.030
септет	0.030
септиктанк	0.030
септицемия	0.030
септуор	0.030
сераделла	0.030
сераль	0.030
сераскир	0.030
сербалина	0.030
сербиянин	0.030
сербиянка	0.030
серваж	0.030
сервилизм	0.030
сервитут	0.030
сердар	0.030
сердечишко	0.030
сердоболие	0.030
сердобольность	0.030
сердолюбие	0.030
сердцевед	0.030
сердцеведение	0.030
сердцеведец	0.030
сердцеведка	0.030
сердцевидец	0.030
сердцевидка	0.030
сердцевинка	0.030
сердяга	0.030
серебрение	0.030
серебрец	0.030
серебрецо	0.030
серебрильщик	0.030
серебрина	0.030
серебринка	0.030
серебристость	0.030
серебрушка	0.030
серединочка	0.030
середнячество	0.030
середнячка	0.030
середович	0.030
серенка	0.030
серизна	0.030
серийность	0.030
серистость	0.030
сермяга	0.030
сермяжина	0.030
сермяжка	0.030
сермяжник	0.030
серник	0.030
сернистость	0.030
серница	0.030
серничек	0.030
серничок	0.030
сероватость	0.030
серодиагностика	0.030
серозём	0.030
серокафтанник	0.030
серопески	0.030
серотерапия	0.030
сероуглерод	0.030
серошинельник	0.030
серпентин	0.030
серпий	0.030
серповище	0.030
серпок	0.030
серпоклюв	0.030
серпуха	0.030
серпянка	0.030
серсо	0.030
серум	0.030
серуха	0.030
серьёзничание	0.030
серянка	0.030
серятина	0.030
серёдочка	0.030
сестричич	0.030
сетево	0.030
сетевязание	0.030
сеточник	0.030
сеттльмент	0.030
сеунч	0.030
сечевик	0.030
сеяльщик	0.030
сеяльщица	0.030
сеянка	0.030
сжатость	0.030
сживание	0.030
сжижение	0.030
сжим	0.030
сжимаемость	0.030
сжимание	0.030
сжинание	0.030
сзывание	0.030
сиаль	0.030
сиамка	0.030
сибаритка	0.030
сибаритство	0.030
сибилянт	0.030
сибирец	0.030
сибирка	0.030
сибирочка	0.030
сибирячка	0.030
сибирячок	0.030
сивка	0.030
сивоворонка	0.030
сиводрал	0.030
сиводушка	0.030
сиводёр	0.030
сиволап	0.030
сиволапость	0.030
сиволдай	0.030
сиворонка	0.030
сивость	0.030
сивучонок	0.030
сигаретчик	0.030
сигаретчица	0.030
сигарочка	0.030
сигарочник	0.030
сигарочница	0.030
сигиллярия	0.030
сигнализатор	0.030
сигналик	0.030
сигналистка	0.030
сигнальчик	0.030
сигнальщица	0.030
сигнарант	0.030
сигнарантка	0.030
сигнатурщик	0.030
сигнатурщица	0.030
сиговина	0.030
сиголов	0.030
сигудок	0.030
сигуранца	0.030
сидейка	0.030
сиделец	0.030
сидерат	0.030
сидерация	0.030
сидерит	0.030
сиенит	0.030
сижок	0.030
сизаль	0.030
сизигия	0.030
сизина	0.030
сизоватость	0.030
сизоворонка	0.030
сизость	0.030
сизяк	0.030
сиккатив	0.030
сикл	0.030
сикофант	0.030
сикурс	0.030
силикальцит	0.030
силикатизация	0.030
силикатирование	0.030
силикатчик	0.030
силикоз	0.030
силиций	0.030
силицирование	0.030
силишка	0.030
силлиманит	0.030
силлогистика	0.030
силон	0.030
силосование	0.030
силосорезка	0.030
силосуемость	0.030
силочек	0.030
силумин	0.030
силур	0.030
силуэтик	0.030
силуэтист	0.030
силуэтистка	0.030
силуэтность	0.030
силуэтёр	0.030
сильванер	0.030
сильвин	0.030
сильф	0.030
силёшка	0.030
символизация	0.030
символистика	0.030
символистка	0.030
симпомпончик	0.030
симптоматология	0.030
симультанность	0.030
симфониетта	0.030
симфонизация	0.030
симфонизм	0.030
симфонист	0.030
синаксарь	0.030
синап	0.030
синапизм	0.030
сингалез	0.030
сингалезка	0.030
сингалец	0.030
сингалка	0.030
сингармонизм	0.030
синдесмология	0.030
синдетикон	0.030
синдик	0.030
синдикализм	0.030
синдикалист	0.030
синдицирование	0.030
синеблузник	0.030
синеватость	0.030
синекдоха	0.030
синекура	0.030
синель	0.030
синелька	0.030
синельня	0.030
синельщик	0.030
синельщица	0.030
синематографист	0.030
синение	0.030
синерама	0.030
синерод	0.030
синестрол	0.030
синец	0.030
синигрин	0.030
синильник	0.030
синклиналь	0.030
синклит	0.030
синкопирование	0.030
синкретизм	0.030
синкретичность	0.030
синовия	0.030
синодик	0.030
синолог	0.030
синология	0.030
синонимика	0.030
синонимичность	0.030
синонимия	0.030
синтагматика	0.030
синтаксист	0.030
синтактика	0.030
синтепон	0.030
синтетизм	0.030
синтоизм	0.030
синтоист	0.030
синтоистка	0.030
синхронизм	0.030
синхроничность	0.030
синхрония	0.030
синхрофазотрон	0.030
синхроциклотрон	0.030
синюга	0.030
синюха	0.030
синюшник	0.030
сионистка	0.030
сипай	0.030
сипловатость	0.030
сиплость	0.030
сиповатость	0.030
сиповка	0.030
сипота	0.030
сипотца	0.030
сиренька	0.030
сирийка	0.030
сирость	0.030
сиротина	0.030
сиротиночка	0.030
сиротливость	0.030
сироточка	0.030
систематизатор	0.030
систематизирование	0.030
систематизм	0.030
систематик	0.030
систематика	0.030
системка	0.030
систр	0.030
ситничек	0.030
ситовейка	0.030
ситовина	0.030
ситовник	0.030
ситцепечатание	0.030
ситцепечатник	0.030
ситчик	0.030
сифилидолог	0.030
сифилидология	0.030
сифилиды	0.030
сифилитичка	0.030
сифилома	0.030
сифонофора	0.030
скабиоза	0.030
сказатель	0.030
сказительница	0.030
сказуемость	0.030
сказывание	0.030
скакалочка	0.030
скакание	0.030
скакунок	0.030
скакунья	0.030
скакушка	0.030
скалдырник	0.030
скалдырница	0.030
скалдырничество	0.030
скалистость	0.030
скалозуб	0.030
скалозубство	0.030
скалочка	0.030
скалывание	0.030
скальд	0.030
скальпирование	0.030
скаляр	0.030
скампавея	0.030
скандалец	0.030
скандалище	0.030
скандальник	0.030
скандалёзность	0.030
скандий	0.030
скандинавец	0.030
скандинавка	0.030
скандировка	0.030
скандование	0.030
скандовка	0.030
скань	0.030
скапливание	0.030
скапывание	0.030
скарбишко	0.030
скарбник	0.030
скарбница	0.030
скарбничий	0.030
скаред	0.030
скареда	0.030
скаредник	0.030
скаредница	0.030
скаредность	0.030
скарификатор	0.030
скарификация	0.030
скармливание	0.030
скарпель	0.030
скатол	0.030
скатыш	0.030
скатёрочка	0.030
скаутизм	0.030
скачкообразность	0.030
скачь	0.030
скашивание	0.030
скважинка	0.030
скважистость	0.030
скважность	0.030
сквалыжник	0.030
сквалыжница	0.030
сквалыжничество	0.030
сквашение	0.030
сквашиваемость	0.030
сквашивание	0.030
сквернавец	0.030
сквернавка	0.030
сквернословец	0.030
скверность	0.030
скворечница	0.030
скворка	0.030
скворушка	0.030
скворчиха	0.030
скелетина	0.030
скелетирование	0.030
скена	0.030
скепт	0.030
скептичность	0.030
скерда	0.030
скидальщик	0.030
скидывание	0.030
скирд	0.030
скирдник	0.030
скирдовальщик	0.030
скирдовальщица	0.030
скирдование	0.030
скирдовка	0.030
скирдовник	0.030
скирдовоз	0.030
скирдоправ	0.030
скиркание	0.030
скисание	0.030
скитальчество	0.030
скитник	0.030
скитница	0.030
скиток	0.030
скитянин	0.030
скитянка	0.030
скифство	0.030
скиц	0.030
скицирование	0.030
склаваж	0.030
складенец	0.030
складень	0.030
складкообразование	0.030
складничество	0.030
складность	0.030
складство	0.030
складчатость	0.030
складчик	0.030
складчинка	0.030
складчица	0.030
складывальщик	0.030
складывальщица	0.030
склеивальщик	0.030
склеивальщица	0.030
склейщик	0.030
склейщица	0.030
склерит	0.030
склерома	0.030
склерометр	0.030
склерометрия	0.030
склерон	0.030
склероскоп	0.030
склеротиния	0.030
склеротичка	0.030
склеротомия	0.030
склиз	0.030
склизок	0.030
скликание	0.030
склоняемость	0.030
склочничество	0.030
склочность	0.030
скляночка	0.030
склёвывание	0.030
склёпка	0.030
склёпщик	0.030
склёпщица	0.030
склёпывание	0.030
скнипа	0.030
скобарь	0.030
скобелка	0.030
скобление	0.030
скоблилка	0.030
скоблильщик	0.030
скоблильщица	0.030
скоблёнка	0.030
скобовщик	0.030
скобочник	0.030
сковка	0.030
сковородень	0.030
сковывание	0.030
сковыривание	0.030
сколачивание	0.030
сколка	0.030
сколок	0.030
скользкость	0.030
скользота	0.030
скомкание	0.030
скомканность	0.030
скомкивание	0.030
скоморошество	0.030
скоморошничество	0.030
сконфуженность	0.030
скопец	0.030
скопидомка	0.030
скопидомство	0.030
скопчество	0.030
скопчиха	0.030
скопщина	0.030
скорбность	0.030
скорбут	0.030
скорлупочка	0.030
скорм	0.030
скорняжничание	0.030
скорняжничество	0.030
скорнячка	0.030
скоробогатей	0.030
скороговорочка	0.030
скоромник	0.030
скоромница	0.030
скоромное	0.030
скороморозилка	0.030
скоропалительность	0.030
скоропашка	0.030
скорописание	0.030
скорописец	0.030
скороплодность	0.030
скороподъёмник	0.030
скороподъёмность	0.030
скоропостижность	0.030
скоропроходчик	0.030
скороспелка	0.030
скороспелость	0.030
скоростемер	0.030
скоростник	0.030
скоростница	0.030
скорострелка	0.030
скорохват	0.030
скороходь	0.030
скорпена	0.030
скорпия	0.030
скорцонера	0.030
скосок	0.030
скосырь	0.030
скотинник	0.030
скотинушка	0.030
скотобоец	0.030
скотогон	0.030
скотоложец	0.030
скотоложство	0.030
скотомогильник	0.030
скотоподобие	0.030
скотопрогон	0.030
скотопромышленность	0.030
скотосырьё	0.030
скототорговец	0.030
скошёвка	0.030
скрадывание	0.030
скрашивание	0.030
скребень	0.030
скреп	0.030
скрепа	0.030
скрепер	0.030
скреперист	0.030
скреперистка	0.030
скрещиваемость	0.030
скрижапель	0.030
скрипица	0.030
скромничание	0.030
скруббер	0.030
скругление	0.030
скрупул	0.030
скрутчик	0.030
скрутчица	0.030
скрыня	0.030
скрытница	0.030
скрытничество	0.030
скрябка	0.030
скряжничество	0.030
скудель	0.030
скудельница	0.030
скуди	0.030
скудность	0.030
скудо	0.030
скудомыслие	0.030
скудоумие	0.030
скуластость	0.030
скульпторша	0.030
скульптурность	0.030
скумпия	0.030
скупец	0.030
скупщица	0.030
скусывание	0.030
скутерист	0.030
скутеристка	0.030
скуфеечка	0.030
скуфейка	0.030
скуфья	0.030
скучливость	0.030
скучноватость	0.030
слабоволие	0.030
слабоголосость	0.030
слабогрудость	0.030
слабодушие	0.030
слабомыслие	0.030
слабонервность	0.030
слабосилие	0.030
слаботочник	0.030
славильщик	0.030
славист	0.030
славистика	0.030
славистка	0.030
славление	0.030
славолюбие	0.030
славянизация	0.030
славянизм	0.030
славянист	0.030
славяновед	0.030
славяноведение	0.030
славянолюб	0.030
славянолюбец	0.030
славянолюбие	0.030
славянофил	0.030
славянофилка	0.030
славянофильство	0.030
славянофильствование	0.030
славянофоб	0.030
славянофобка	0.030
славянофобство	0.030
славянофобствование	0.030
славянство	0.030
славянщизна	0.030
славянщина	0.030
слагаемое	0.030
слагатель	0.030
слагательница	0.030
сладковатость	0.030
сладкогласие	0.030
сладкозвучие	0.030
сладкозвучность	0.030
сладкопевец	0.030
сладкопевность	0.030
сладкопение	0.030
сладкоречие	0.030
сладостность	0.030
сладострастник	0.030
сладострастница	0.030
сладострастность	0.030
слаломист	0.030
слаломистка	0.030
сламывание	0.030
сланцеватость	0.030
слань	0.030
сластоежка	0.030
сластолюбие	0.030
слединг	0.030
следовательша	0.030
следопытство	0.030
следочек	0.030
слезание	0.030
слезиночка	0.030
слезливость	0.030
слезник	0.030
слезница	0.030
слезоотделение	0.030
слезотечение	0.030
слезоточивость	0.030
слепливание	0.030
слеповатость	0.030
слепун	0.030
слепушонка	0.030
слепушонок	0.030
слепыш	0.030
слесаришка	0.030
слесарничество	0.030
слесарня	0.030
слесарство	0.030
слесарша	0.030
слесарёнок	0.030
сливкоотделитель	0.030
сливняк	0.030
сливочки	0.030
сливочник	0.030
сливщик	0.030
сливщица	0.030
сливянка	0.030
слизетечение	0.030
слизывание	0.030
слипание	0.030
слитие	0.030
слитность	0.030
сличение	0.030
слиянность	0.030
слободчанин	0.030
слободчанка	0.030
слобожанин	0.030
слобожанка	0.030
словарник	0.030
словачка	0.030
словесник	0.030
словесница	0.030
словечушко	0.030
словинец	0.030
словинка	0.030
словник	0.030
словоблуд	0.030
словобоязнь	0.030
словоговорение	0.030
словоизвержение	0.030
словоизлияние	0.030
словоизменение	0.030
словолитня	0.030
словолитчик	0.030
словообилие	0.030
словообразование	0.030
словоохотливость	0.030
словоохотность	0.030
словопрение	0.030
словопроизведение	0.030
словопроизводство	0.030
словосложение	0.030
словосочинение	0.030
словотворчество	0.030
словотолкование	0.030
словоупотребление	0.030
слогораздел	0.030
слоевище	0.030
слоение	0.030
слоечка	0.030
слоистость	0.030
сломка	0.030
слоновость	0.030
слоновщик	0.030
слопец	0.030
слуда	0.030
служаночка	0.030
службист	0.030
служебник	0.030
служебность	0.030
слука	0.030
слюдинит	0.030
слюногон	0.030
слюнтяйка	0.030
слюнтяйство	0.030
слюнявец	0.030
слюнявка	0.030
слюнявость	0.030
сляб	0.030
слябинг	0.030
слёживание	0.030
слётанность	0.030
слёток	0.030
смазчица	0.030
смазь	0.030
смакование	0.030
смальта	0.030
сманивание	0.030
смарагд	0.030
смарывание	0.030
сматывание	0.030
смахивание	0.030
смачиваемость	0.030
смачивание	0.030
смачиватель	0.030
смачность	0.030
смежник	0.030
смежность	0.030
смекалистость	0.030
сменность	0.030
сменяемость	0.030
смердение	0.030
смердяковщина	0.030
смерзание	0.030
смертельность	0.030
смерточка	0.030
смертушка	0.030
смертынька	0.030
смерщик	0.030
смерщица	0.030
смесеобразование	0.030
смеска	0.030
сметание	0.030
сметанник	0.030
сметливость	0.030
сметчик	0.030
смехотвор	0.030
смехотворство	0.030
смехун	0.030
смехунья	0.030
смешанность	0.030
смешиваемость	0.030
смешливость	0.030
смещаемость	0.030
смилакс	0.030
сминаемость	0.030
сминание	0.030
смиренник	0.030
смиренница	0.030
смиренномудрие	0.030
смиренство	0.030
смиритель	0.030
смирность	0.030
смирёна	0.030
смолачивание	0.030
смолеватость	0.030
смоление	0.030
смолильщик	0.030
смолильщица	0.030
смолистость	0.030
смолкание	0.030
смоловар	0.030
смоловарня	0.030
смологон	0.030
смологонщик	0.030
смолокурение	0.030
смолокурня	0.030
смолосеменник	0.030
смолосемянник	0.030
смолотечение	0.030
смольня	0.030
смольняк	0.030
смольнянка	0.030
смольщик	0.030
смолянка	0.030
смолёвка	0.030
сморкач	0.030
сморкун	0.030
сморода	0.030
смородинник	0.030
смородиновка	0.030
сморщивание	0.030
смотка	0.030
смотрельщик	0.030
смотрильня	0.030
смотрительство	0.030
смотрительша	0.030
смотчик	0.030
смотчица	0.030
смрадность	0.030
смугловатость	0.030
смуглость	0.030
смуглота	0.030
смугляк	0.030
смурыгание	0.030
смутитель	0.030
смутительница	0.030
смутка	0.030
смутник	0.030
смутница	0.030
смутность	0.030
смуток	0.030
смуть	0.030
смутьянство	0.030
смушек	0.030
смушка	0.030
смущённость	0.030
смывщик	0.030
смывщица	0.030
смык	0.030
смыливание	0.030
смылки	0.030
смышлённость	0.030
смягчённость	0.030
смятенность	0.030
смятие	0.030
смятость	0.030
смётывание	0.030
снадобьице	0.030
снайперство	0.030
снайпинг	0.030
снасточка	0.030
снашивание	0.030
снегириха	0.030
снегирёк	0.030
снегирёнок	0.030
снеговал	0.030
снегование	0.030
снегоед	0.030
снегозадержание	0.030
снегозащита	0.030
снеголом	0.030
снегомер	0.030
снегопах	0.030
снегопахание	0.030
снегопогрузчик	0.030
снеготаялка	0.030
снеготаяние	0.030
снегоуборка	0.030
снедение	0.030
снежище	0.030
снежница	0.030
снежноягодник	0.030
снежочек	0.030
снежура	0.030
снет	0.030
снеток	0.030
снеточек	0.030
снизка	0.030
снизывание	0.030
снискание	0.030
сновальщик	0.030
сновальщица	0.030
снование	0.030
сновидица	0.030
сновка	0.030
сногсшибательность	0.030
снопище	0.030
сноповка	0.030
сноповязалка	0.030
сноповязальщик	0.030
сноповязальщица	0.030
снопок	0.030
снопоподаватель	0.030
снопоподъёмник	0.030
снопосушилка	0.030
снопочек	0.030
сноровистость	0.030
сноровочка	0.030
сносливость	0.030
снотолкователь	0.030
снотолковательница	0.030
снохарь	0.030
снохач	0.030
снохачество	0.030
сношенька	0.030
снытка	0.030
сныть	0.030
соаренда	0.030
соарендатор	0.030
собаковедение	0.030
собачар	0.030
собачатник	0.030
собаченька	0.030
собачина	0.030
собачища	0.030
собачня	0.030
собеседничество	0.030
собина	0.030
собирательность	0.030
собкор	0.030
соблаговоление	0.030
соблазнительность	0.030
соболевание	0.030
соболевод	0.030
соболеводство	0.030
соболезнователь	0.030
соболюшка	0.030
соболятник	0.030
соболёвщик	0.030
соболёнок	0.030
соборище	0.030
соборность	0.030
соборянин	0.030
собратство	0.030
собутыльничество	0.030
событийность	0.030
событьице	0.030
совершитель	0.030
совершительница	0.030
совестливость	0.030
советование	0.030
советодатель	0.030
советодательница	0.030
совещатель	0.030
совещательница	0.030
совик	0.030
совиновник	0.030
совиновность	0.030
совладание	0.030
совладение	0.030
совлечение	0.030
совместитель	0.030
совместительница	0.030
совместник	0.030
совместница	0.030
совместничество	0.030
совместность	0.030
совоспитанник	0.030
совоспитанница	0.030
современница	0.030
согбение	0.030
согдиец	0.030
согдийка	0.030
согды	0.030
соглас	0.030
согласник	0.030
согласница	0.030
согласность	0.030
соглашатель	0.030
соглядатайство	0.030
согра	0.030
согражданка	0.030
содалит	0.030
содейство	0.030
содержательность	0.030
содоклад	0.030
содокладчик	0.030
соединимость	0.030
сожитие	0.030
созвучность	0.030
создавание	0.030
созерцательница	0.030
созерцательность	0.030
созидательница	0.030
соиздатель	0.030
соизмерение	0.030
соизмеримость	0.030
соименник	0.030
соименница	0.030
соискательница	0.030
соискательство	0.030
сойма	0.030
сойот	0.030
сойотка	0.030
соквартирант	0.030
соквартирантка	0.030
соклассник	0.030
соклассница	0.030
соковар	0.030
соковарка	0.030
соковыжиматель	0.030
сокодвижение	0.030
соколиха	0.030
соколица	0.030
соколок	0.030
сокольник	0.030
соколёна	0.030
соколёнок	0.030
сокоотжималка	0.030
сократимость	0.030
сократительность	0.030
сокращённость	0.030
сокредитор	0.030
сокровенность	0.030
сокруха	0.030
сокрушительность	0.030
солдатишка	0.030
солдатище	0.030
солдатство	0.030
солдатушка	0.030
солдатчина	0.030
солдатьё	0.030
солдафонство	0.030
солеварение	0.030
солеварница	0.030
солевоз	0.030
солевыносливость	0.030
соледобывание	0.030
солеломня	0.030
солемер	0.030
солепромышленник	0.030
солепромышленность	0.030
солерастворитель	0.030
солерод	0.030
солерос	0.030
солесодержание	0.030
солесос	0.030
солестойкость	0.030
солецизм	0.030
солидаризация	0.030
солильня	0.030
солильщик	0.030
солильщица	0.030
солипсизм	0.030
солипсист	0.030
соллюкс	0.030
солнечность	0.030
солноворот	0.030
солновосход	0.030
солновсход	0.030
солнозакат	0.030
солнопёк	0.030
солнцевосход	0.030
солнцезакат	0.030
солнцелечение	0.030
соловейко	0.030
соловеюшка	0.030
соловка	0.030
соловьиха	0.030
солодильня	0.030
солодильщик	0.030
солодильщица	0.030
солодовня	0.030
солододробилка	0.030
солодоращение	0.030
солодосушилка	0.030
солодь	0.030
соложение	0.030
соломенник	0.030
соломистость	0.030
соломит	0.030
соломоволокуша	0.030
соломокопнильщик	0.030
соломокопнитель	0.030
соломорезка	0.030
соломотряс	0.030
солонгой	0.030
солонинка	0.030
солоноватость	0.030
солонцеватость	0.030
сольфеджирование	0.030
сольфеджо	0.030
соляризация	0.030
сомалийка	0.030
соматология	0.030
сомина	0.030
сомкнутость	0.030
сомнамбулка	0.030
сомножитель	0.030
сомовина	0.030
сомье	0.030
сомятина	0.030
сомёнок	0.030
сонаниматель	0.030
сонант	0.030
сонаследник	0.030
сонаследница	0.030
сонаследование	0.030
сонатка	0.030
сонатность	0.030
сонетка	0.030
сонливец	0.030
сонливица	0.030
сонмище	0.030
сонность	0.030
сонуля	0.030
сообразность	0.030
сообщительность	0.030
сооруженьице	0.030
соосность	0.030
соответственность	0.030
соответчица	0.030
соотнесение	0.030
соотнесённость	0.030
соотносительность	0.030
соотчич	0.030
сопатка	0.030
сопелочка	0.030
сопельник	0.030
сопельщик	0.030
сопилка	0.030
сопилочка	0.030
соплеменница	0.030
сопливец	0.030
сопливица	0.030
сопливость	0.030
соплодие	0.030
соподчинение	0.030
сопоставимость	0.030
сопостановщик	0.030
соправитель	0.030
соправительница	0.030
сопранист	0.030
сопранистка	0.030
сопревание	0.030
сопредельность	0.030
соприкасание	0.030
соприкосновенность	0.030
соприсутствие	0.030
сопричастник	0.030
сопричисление	0.030
сопроводитель	0.030
сопроводительница	0.030
сопротивник	0.030
сопроцессник	0.030
сопряжённость	0.030
сопун	0.030
сопунья	0.030
сопутствие	0.030
соразмерение	0.030
соразмерность	0.030
сорбит	0.030
соревнователь	0.030
соредактор	0.030
сорежиссёр	0.030
сориночка	0.030
сорность	0.030
сорога	0.030
сорожка	0.030
сорокаведёрка	0.030
сороковик	0.030
сороковины	0.030
сороковка	0.030
сороковочка	0.030
сороковушка	0.030
сорокоуст	0.030
сорокоуша	0.030
сорокоушка	0.030
сором	0.030
соромник	0.030
соромница	0.030
соромщина	0.030
сорочины	0.030
сорочок	0.030
сортамент	0.030
сортимент	0.030
сортирование	0.030
сортировщица	0.030
сортность	0.030
сортоиспытание	0.030
сортообновление	0.030
сортопрокатка	0.030
сортопрокатчик	0.030
сортосмена	0.030
сортучка	0.030
сорус	0.030
сосенник	0.030
соскабливание	0.030
соскакивание	0.030
соскальзывание	0.030
соскребание	0.030
соскрёбывание	0.030
сослеживание	0.030
сословность	0.030
сослужащий	0.030
сослужение	0.030
сослужитель	0.030
сосновик	0.030
сосредоточивание	0.030
составительница	0.030
состирывание	0.030
состольник	0.030
состояньице	0.030
состояньишко	0.030
сострагивание	0.030
сострадалец	0.030
сострадатель	0.030
сострадательность	0.030
сострастие	0.030
сострачивание	0.030
состригание	0.030
состругивание	0.030
состязатель	0.030
состязательность	0.030
состёгивание	0.030
сосудец	0.030
сосуля	0.030
сосунец	0.030
сосуночек	0.030
сосунчик	0.030
сосчитывание	0.030
сотворчество	0.030
сотенка	0.030
сотенник	0.030
сотничиха	0.030
сотоварищество	0.030
сотоварка	0.030
сотрапезница	0.030
соударение	0.030
соумышление	0.030
соумышленник	0.030
соумышленница	0.030
софистка	0.030
софора	0.030
соффит	0.030
сохатина	0.030
сохатиха	0.030
сохозяин	0.030
сохран	0.030
социалистка	0.030
социальность	0.030
социолингвист	0.030
социолингвистика	0.030
сочевичник	0.030
сочетаемость	0.030
сочетательность	0.030
сочиво	0.030
сочиненьице	0.030
сочинительница	0.030
сочлен	0.030
сочувственник	0.030
сошник	0.030
сошничок	0.030
сощипывание	0.030
союзка	0.030
союзничек	0.030
спайность	0.030
спайноцветник	0.030
спайщик	0.030
спайщица	0.030
спалзывание	0.030
спартанка	0.030
спарывание	0.030
спасание	0.030
спасительность	0.030
спахивание	0.030
спаянность	0.030
спекаемость	0.030
спекание	0.030
спектроскопист	0.030
спекулирование	0.030
спекулятор	0.030
спелость	0.030
спермин	0.030
спесивец	0.030
спесивица	0.030
спесивость	0.030
специализм	0.030
спецификатор	0.030
спивание	0.030
спидвей	0.030
спидофоб	0.030
спидофобия	0.030
спидофобка	0.030
спидофобство	0.030
спиливание	0.030
спилка	0.030
спилок	0.030
спиннингист	0.030
спирант	0.030
спирея	0.030
спиритка	0.030
спиритуалистка	0.030
спирогира	0.030
спирометр	0.030
спирометрия	0.030
спиртование	0.030
спиртомер	0.030
списатель	0.030
списчик	0.030
спихивание	0.030
спичечница	0.030
сплавка	0.030
сплавление	0.030
сплачивание	0.030
сплетание	0.030
сплетничание	0.030
сплотка	0.030
сплоток	0.030
сплюшка	0.030
сплющивание	0.030
сплёвывание	0.030
сплётка	0.030
сподвижница	0.030
сподручник	0.030
спожинки	0.030
споласкивание	0.030
сползание	0.030
спондей	0.030
спондилёз	0.030
спорангий	0.030
спорина	0.030
спорность	0.030
споровик	0.030
спорок	0.030
споролистик	0.030
спорость	0.030
спорофилл	0.030
спорщица	0.030
способствование	0.030
спотыкание	0.030
спотычка	0.030
справность	0.030
справщик	0.030
спрашивание	0.030
спрессовывание	0.030
спрыгивание	0.030
спрыскивание	0.030
спрягаемость	0.030
спрямление	0.030
спурт	0.030
спёртость	0.030
сработанность	0.030
сравнивание	0.030
сравнимость	0.030
сравнительность	0.030
срамец	0.030
срамница	0.030
срамословие	0.030
срачица	0.030
сребро	0.030
сребролюбец	0.030
сребролюбие	0.030
срезальщик	0.030
срезальщица	0.030
срезка	0.030
срезок	0.030
срезчик	0.030
срезчица	0.030
срезывание	0.030
срепетированность	0.030
срисовка	0.030
срисовывание	0.030
сродич	0.030
сроднение	0.030
сродник	0.030
сродница	0.030
сродничек	0.030
сродность	0.030
сродственница	0.030
сродственничек	0.030
сросток	0.030
срубание	0.030
срубец	0.030
срубик	0.030
срубщик	0.030
срубщица	0.030
срывщик	0.030
срывщица	0.030
срыгивание	0.030
срытие	0.030
ссаживание	0.030
ссасывание	0.030
ссекание	0.030
сселение	0.030
ссудодатель	0.030
ссудополучатель	0.030
ссудоприниматель	0.030
ссучивание	0.030
ссыпальщик	0.030
ссыпальщица	0.030
ссыпание	0.030
ссыпка	0.030
ссыпщик	0.030
стабунивание	0.030
ставенка	0.030
ставешек	0.030
ставешка	0.030
ставленница	0.030
ставник	0.030
ставридка	0.030
ставролит	0.030
ставропигия	0.030
стадиальность	0.030
стадийность	0.030
стадность	0.030
стаивание	0.030
стаккер	0.030
сталагмометр	0.030
сталеварение	0.030
сталеплавильщик	0.030
сталепрокатчик	0.030
сталировка	0.030
сталкивание	0.030
стальник	0.030
стаминодий	0.030
стамуха	0.030
стандартность	0.030
станиоль	0.030
станичка	0.030
станковист	0.030
станкостроение	0.030
станкостроитель	0.030
становиха	0.030
становье	0.030
станочник	0.030
станочница	0.030
станс	0.030
станцийка	0.030
стапливание	0.030
стаптывание	0.030
старательница	0.030
старейшинство	0.030
старинность	0.030
старинушка	0.030
старинщик	0.030
старичина	0.030
старичишка	0.030
старичище	0.030
старичонка	0.030
старобытность	0.030
староверец	0.030
староверие	0.030
староверка	0.030
староверство	0.030
староверчество	0.030
стародавность	0.030
стародубка	0.030
старожилец	0.030
старожилка	0.030
старожительство	0.030
старозаветность	0.030
старолесье	0.030
старообразность	0.030
старообрядец	0.030
старообрядка	0.030
старообрядство	0.030
старообрядчество	0.030
старорежимник	0.030
старорежимность	0.030
староречье	0.030
старостиха	0.030
старушечка	0.030
старушоночка	0.030
старчество	0.030
старчик	0.030
старшиниха	0.030
старшинка	0.030
старьёвщица	0.030
стаскивание	0.030
статеечка	0.030
статичность	0.030
статность	0.030
статуарность	0.030
статуйка	0.030
статьишка	0.030
статьища	0.030
стаффаж	0.030
стахановка	0.030
стационарность	0.030
стационер	0.030
стация	0.030
стачечник	0.030
стачечница	0.030
стачивание	0.030
стволина	0.030
стволистость	0.030
ствольщик	0.030
створаживание	0.030
стеатит	0.030
стеблевание	0.030
стеблеплод	0.030
стеблестой	0.030
стегальщик	0.030
стегальщица	0.030
стегание	0.030
стегно	0.030
стегоцефал	0.030
стекание	0.030
стекление	0.030
стеклильщик	0.030
стеклование	0.030
стекловар	0.030
стекловарение	0.030
стекловатость	0.030
стекловыдувальщик	0.030
стеклограф	0.030
стеклографист	0.030
стеклографистка	0.030
стеклография	0.030
стеклодел	0.030
стеклоделие	0.030
стекломасса	0.030
стеклоплав	0.030
стеклуемость	0.030
стеклянница	0.030
стеклянность	0.030
стеклярус	0.030
стеколышко	0.030
стекольце	0.030
стелечка	0.030
стеллит	0.030
стельность	0.030
стендист	0.030
стендистка	0.030
стендовик	0.030
стенографирование	0.030
стенографка	0.030
стенолаз	0.030
стенописец	0.030
стенопись	0.030
стенотипист	0.030
стенотипистка	0.030
стенотипия	0.030
стень	0.030
степенник	0.030
степенница	0.030
степенство	0.030
степнячка	0.030
степнячок	0.030
стерво	0.030
стервятина	0.030
стереобат	0.030
стереография	0.030
стереозвук	0.030
стереометрия	0.030
стереоскопичность	0.030
стереоскопия	0.030
стереотипия	0.030
стереотипность	0.030
стереотипёр	0.030
стереофония	0.030
стерженщик	0.030
стерженщица	0.030
стерин	0.030
стерлядка	0.030
стерляжина	0.030
стерно	0.030
стернь	0.030
стеснённость	0.030
стетоскопия	0.030
стивидор	0.030
стигматик	0.030
стилизатор	0.030
стилизаторство	0.030
стилизованность	0.030
стилка	0.030
стилобат	0.030
стильб	0.030
стильность	0.030
стильщик	0.030
стильщица	0.030
стиляжничество	0.030
стирол	0.030
стихийность	0.030
стихира	0.030
стихирарь	0.030
стиховедение	0.030
стиходей	0.030
стихокропатель	0.030
стихокропательница	0.030
стихология	0.030
стихомания	0.030
стихоплёт	0.030
стихоплётство	0.030
стихослагатель	0.030
стихослагательство	0.030
стихотвор	0.030
стихотвореньице	0.030
стихотворица	0.030
стихотворство	0.030
стихотворчество	0.030
стланец	0.030
стлань	0.030
стланьё	0.030
стлище	0.030
стогование	0.030
стогометание	0.030
стогометатель	0.030
стоечка	0.030
стойлице	0.030
столбище	0.030
столбуха	0.030
столбушка	0.030
столетник	0.030
столец	0.030
столешник	0.030
столишко	0.030
столование	0.030
столоверчение	0.030
столовник	0.030
столон	0.030
столоначальник	0.030
столпец	0.030
столпление	0.030
столпничество	0.030
столяриха	0.030
столяришка	0.030
столярничание	0.030
столярничество	0.030
столярство	0.030
стоматоскоп	0.030
стомчивость	0.030
стопорение	0.030
стопосложение	0.030
стопроцентность	0.030
сторица	0.030
сторно	0.030
сторновка	0.030
сторожба	0.030
сторожение	0.030
сторонушка	0.030
стортинг	0.030
стоялец	0.030
стоялица	0.030
стоячесть	0.030
стравливание	0.030
страдальчество	0.030
страдатель	0.030
страдательность	0.030
страдиварий	0.030
страдник	0.030
странничество	0.030
страноведение	0.030
странствователь	0.030
страстишка	0.030
страстотерпец	0.030
страстотерпица	0.030
стратегик	0.030
стратиграфия	0.030
стратисфера	0.030
стратификация	0.030
стратонавт	0.030
стратостат	0.030
страусятина	0.030
страусятник	0.030
страхота	0.030
страшение	0.030
стрекало	0.030
стрекозка	0.030
стрекотня	0.030
стрекотунья	0.030
стрекотуха	0.030
стрекулист	0.030
стрелкование	0.030
стрелочница	0.030
стрельница	0.030
стрельчиха	0.030
стремёшка	0.030
стренатка	0.030
стрепет	0.030
стрепетёнок	0.030
стретта	0.030
стригальщик	0.030
стригальщица	0.030
стригольник	0.030
стригольничество	0.030
стригун	0.030
стригунок	0.030
стригунчик	0.030
стрижок	0.030
стрижонок	0.030
стриктура	0.030
стриппер	0.030
стриптизёрка	0.030
строгаль	0.030
строгальщик	0.030
строгание	0.030
строганина	0.030
строеньице	0.030
стропальщик	0.030
стропилина	0.030
строповка	0.030
стропотность	0.030
строптивец	0.030
строптивица	0.030
строфант	0.030
строфика	0.030
строфокамил	0.030
строчечка	0.030
строчильщица	0.030
струбцина	0.030
струбцинка	0.030
стругаль	0.030
стругальщик	0.030
стругание	0.030
струганина	0.030
стружечка	0.030
стружок	0.030
структурализм	0.030
структуралист	0.030
структурность	0.030
струнник	0.030
струнобетон	0.030
струночка	0.030
стряпание	0.030
стряпун	0.030
стряпчество	0.030
стряпчиха	0.030
стряхивание	0.030
стрёмщик	0.030
студийка	0.030
студёность	0.030
стукалка	0.030
стукание	0.030
стукотня	0.030
стукоток	0.030
стульце	0.030
ступенчатость	0.030
ступь	0.030
стучание	0.030
стушёвка	0.030
стыдобушка	0.030
стыдь	0.030
стылость	0.030
стяжание	0.030
стяжатель	0.030
стяжательница	0.030
стяжательность	0.030
стяжательство	0.030
стяжение	0.030
стёртость	0.030
стёсывание	0.030
субалтерн	0.030
субвенция	0.030
субдоминанта	0.030
суберин	0.030
сублимат	0.030
сублимирование	0.030
сублитораль	0.030
суборь	0.030
субретка	0.030
субстантивация	0.030
субстанциальность	0.030
субстанциональность	0.030
субститут	0.030
субституция	0.030
субстрат	0.030
субстратостат	0.030
субстратосфера	0.030
субтильность	0.030
субъективизм	0.030
субъективист	0.030
суданка	0.030
сударик	0.030
сударка	0.030
сударушка	0.030
сударынька	0.030
судачение	0.030
судачина	0.030
судачок	0.030
судебник	0.030
судебня	0.030
судеец	0.030
судоводитель	0.030
судовождение	0.030
судомойня	0.030
судоподъём	0.030
судоподъёмник	0.030
судопромышленник	0.030
судорабочий	0.030
судоремонт	0.030
судорожность	0.030
судоустройство	0.030
судоходец	0.030
судоходность	0.030
судохозяин	0.030
судочек	0.030
судьбина	0.030
судьбинушка	0.030
суевер	0.030
суеверка	0.030
суеверность	0.030
суемудрие	0.030
суесвятство	0.030
суеслов	0.030
суесловие	0.030
суживание	0.030
сукновал	0.030
сукновальня	0.030
сукнодел	0.030
сукноделие	0.030
суковатость	0.030
суконце	0.030
суконщик	0.030
сукровица	0.030
сулейка	0.030
сулема	0.030
сулея	0.030
сулица	0.030
сулой	0.030
султанат	0.030
султанка	0.030
султанство	0.030
султанчик	0.030
султанша	0.030
сульфитация	0.030
сумасшедшинка	0.030
сумбурность	0.030
сумеречность	0.030
сумматор	0.030
сумрачность	0.030
сундучишко	0.030
сундучник	0.030
суннизм	0.030
суннитка	0.030
суперарбитр	0.030
суперинтендент	0.030
суперкарго	0.030
суперстрат	0.030
суперфосфат	0.030
супесок	0.030
супесь	0.030
супин	0.030
супоросность	0.030
супоросость	0.030
супостатка	0.030
супплетив	0.030
супплетивизм	0.030
супрематизм	0.030
супрематист	0.030
супрефект	0.030
супротивник	0.030
супротивница	0.030
супротивность	0.030
супружник	0.030
супряга	0.030
супрядки	0.030
сургучик	0.030
сурдина	0.030
сурдинка	0.030
сурдопедагог	0.030
сурдопедагогика	0.030
суренщик	0.030
сурепа	0.030
сурепица	0.030
суржа	0.030
суржанка	0.030
сурна	0.030
суровец	0.030
суровьё	0.030
сурчина	0.030
сурчонок	0.030
сурьмило	0.030
сусак	0.030
сусала	0.030
сусаль	0.030
сусальность	0.030
сусальщик	0.030
суслёнок	0.030
суспензорий	0.030
суставчик	0.030
сутаж	0.030
сутемь	0.030
сутолочь	0.030
сутуга	0.030
сутулина	0.030
сутуловатость	0.030
сутулость	0.030
сутяга	0.030
сутяжник	0.030
сутяжница	0.030
сутяжничество	0.030
суфизм	0.030
суфлирование	0.030
суфражизм	0.030
суффиксация	0.030
суффозия	0.030
сухарница	0.030
сухмень	0.030
суховатость	0.030
сухолюб	0.030
сухомятка	0.030
сухопарник	0.030
сухопутье	0.030
сухостойник	0.030
сухота	0.030
сухотка	0.030
сухоцвет	0.030
сухощавость	0.030
сухоядение	0.030
сухоядец	0.030
сучение	0.030
сучковатость	0.030
сучкорез	0.030
сучкоруб	0.030
сучочек	0.030
сучьё	0.030
сушение	0.030
сушеница	0.030
сушильщик	0.030
сушильщица	0.030
сушина	0.030
сушник	0.030
существенность	0.030
суягность	0.030
сфагнум	0.030
сфалерит	0.030
сфероид	0.030
сфигмограмма	0.030
сфигмограф	0.030
сфигмография	0.030
сфрагистика	0.030
схватывание	0.030
схематизатор	0.030
схематизация	0.030
схематизм	0.030
схематичность	0.030
схизма	0.030
схизматик	0.030
схизматичка	0.030
схима	0.030
схимник	0.030
схимница	0.030
схимничество	0.030
схимонах	0.030
схимонахиня	0.030
схлёбывание	0.030
сходбище	0.030
сходность	0.030
схоласт	0.030
схоластик	0.030
схоластика	0.030
схоластицизм	0.030
схоластичность	0.030
схолиаст	0.030
сценариум	0.030
сценариус	0.030
сценичность	0.030
сцеп	0.030
сцепщица	0.030
счал	0.030
счаливание	0.030
счалка	0.030
счерпывание	0.030
счерчивание	0.030
счистка	0.030
считание	0.030
считка	0.030
считчик	0.030
считчица	0.030
счищалка	0.030
счёс	0.030
счёска	0.030
счёсывание	0.030
счётчица	0.030
сшибание	0.030
сшибка	0.030
сшивальщик	0.030
сшивальщица	0.030
сшивка	0.030
съедание	0.030
съедобность	0.030
съёживание	0.030
съёмцы	0.030
съёмщица	0.030
сыгранность	0.030
сыгровка	0.030
сыноубийство	0.030
сыноубийца	0.030
сыпец	0.030
сыпнотифозный	0.030
сыпучесть	0.030
сыровар	0.030
сыроварение	0.030
сыроватость	0.030
сыродел	0.030
сыроделие	0.030
сыромятина	0.030
сыромятник	0.030
сыромять	0.030
сыропуст	0.030
сыроядец	0.030
сырть	0.030
сырца	0.030
сырь	0.030
сытник	0.030
сытность	0.030
сычонок	0.030
сычуг	0.030
сычужина	0.030
сюжетность	0.030
сюзеренитет	0.030
сюрпляс	0.030
сюрпризец	0.030
сюртучишко	0.030
сюртучник	0.030
сюртучок	0.030
сюсюкание	0.030
сябр	0.030
сябёр	0.030
сяжок	0.030
сёдлышко	0.030
сёмужка	0.030
табакерочка	0.030
табаковод	0.030
табаководство	0.030
табакокурение	0.030
табаконюхание	0.030
табакур	0.030
табарган	0.030
табасаран	0.030
табасаранец	0.030
табасаранка	0.030
табачишко	0.030
табачница	0.030
табелька	0.030
табельщик	0.030
табельщица	0.030
табльдот	0.030
табулирование	0.030
табулятор	0.030
тавлинка	0.030
таволжанка	0.030
таволожка	0.030
таволожник	0.030
тавотница	0.030
таврение	0.030
тавричанка	0.030
таган	0.030
таганчик	0.030
таджичка	0.030
таинственник	0.030
тайбола	0.030
таймун	0.030
тайнобрачие	0.030
тайноведец	0.030
тайновидец	0.030
тайнодействие	0.030
такальщик	0.030
таксация	0.030
таксировка	0.030
таксометр	0.030
таксомотор	0.030
тактильность	0.030
такыр	0.030
талантик	0.030
талантишко	0.030
талантливость	0.030
талик	0.030
талина	0.030
талинка	0.030
талиночка	0.030
талмудизм	0.030
талмудист	0.030
талреп	0.030
талыш	0.030
талышка	0.030
тальвег	0.030
тальица	0.030
тальма	0.030
тальмочка	0.030
тальянка	0.030
тальяночка	0.030
тальянщик	0.030
тамарикс	0.030
тамбурмажор	0.030
тампонаж	0.030
тампонация	0.030
тампонирование	0.030
танбур	0.030
тангут	0.030
тангутка	0.030
танкодром	0.030
танкостроение	0.030
танкостроитель	0.030
танок	0.030
тантьема	0.030
танцевальность	0.030
танцевание	0.030
танцмейстер	0.030
танцорка	0.030
тапёрша	0.030
тарабаган	0.030
тарабар	0.030
таранение	0.030
таранка	0.030
таранта	0.030
тарантасец	0.030
тарантасик	0.030
таранча	0.030
таратаечка	0.030
таратора	0.030
тараторение	0.030
тараторка	0.030
таращение	0.030
тарбаган	0.030
тарелочник	0.030
тарель	0.030
тари	0.030
тарирование	0.030
тарировка	0.030
тарист	0.030
тарификатор	0.030
тарификация	0.030
тарлатан	0.030
тармалама	0.030
тартальщик	0.030
тартание	0.030
тартюфство	0.030
тархан	0.030
тарын	0.030
таскальщик	0.030
таскотня	0.030
тасовка	0.030
татакание	0.030
татарчонок	0.030
татарщина	0.030
татуирование	0.030
татьба	0.030
тафтица	0.030
тафья	0.030
тахеометр	0.030
тахеометрия	0.030
тацет	0.030
тачалка	0.030
тачальщик	0.030
тачальщица	0.030
тачание	0.030
тачечник	0.030
ташка	0.030
таялка	0.030
тваринка	0.030
тварюка	0.030
тварюшка	0.030
твердение	0.030
твердокаменность	0.030
твердолобость	0.030
твердомер	0.030
твержение	0.030
тверёзость	0.030
твиндек	0.030
творожник	0.030
театрализация	0.030
театралка	0.030
театральничание	0.030
театральство	0.030
театрик	0.030
театровед	0.030
театроведение	0.030
театромания	0.030
тебенёвка	0.030
тегиляй	0.030
тезаврирование	0.030
тезирование	0.030
тезоименитство	0.030
теизм	0.030
теин	0.030
теистка	0.030
тейлоризм	0.030
текинец	0.030
текинка	0.030
текстильщик	0.030
текстильщица	0.030
текстовинит	0.030
текстовка	0.030
текстолит	0.030
текстолог	0.030
текстология	0.030
текстуальность	0.030
телеграммка	0.030
телеграфирование	0.030
тележечка	0.030
тележечник	0.030
тележник	0.030
тележонка	0.030
телезрительница	0.030
телеизмерение	0.030
телелюбитель	0.030
телемеханика	0.030
теленомус	0.030
телеозавр	0.030
телеология	0.030
телеприёмник	0.030
телескопия	0.030
телетайпист	0.030
телеустановка	0.030
телефакс	0.030
телефонизация	0.030
телефонирование	0.030
телефонисточка	0.030
телефонщик	0.030
телефотография	0.030
теллурий	0.030
телогрея	0.030
телорез	0.030
тельпек	0.030
тельфер	0.030
теля	0.030
телятинка	0.030
тематизм	0.030
темпераментность	0.030
температурка	0.030
темперация	0.030
темпограф	0.030
тенардит	0.030
тенденциозничание	0.030
тенденциозность	0.030
теневыносливость	0.030
тенелюб	0.030
тензиметр	0.030
тензиометр	0.030
тензометр	0.030
тенистость	0.030
тенорист	0.030
теноришко	0.030
тенькание	0.030
теньковка	0.030
тенётник	0.030
тенёто	0.030
тенётчик	0.030
теобромин	0.030
теогония	0.030
теодицея	0.030
теократия	0.030
теоретизирование	0.030
теоретичность	0.030
теорийка	0.030
теорик	0.030
теоричность	0.030
теософия	0.030
теософка	0.030
теплина	0.030
теплинка	0.030
тепличка	0.030
тепличник	0.030
тепличность	0.030
тепловик	0.030
тепловозостроение	0.030
теплолечение	0.030
теплолюб	0.030
теплолюбивость	0.030
тепломер	0.030
теплоноситель	0.030
теплообмен	0.030
теплоотдача	0.030
теплопередача	0.030
теплопоглощение	0.030
теплопровод	0.030
теплопроводность	0.030
теплопродукция	0.030
теплопрозрачность	0.030
теплосеть	0.030
теплоснабжение	0.030
теплостойкость	0.030
теплотворность	0.030
теплотехник	0.030
теплотехника	0.030
теплоустойчивость	0.030
теплофикация	0.030
теплоходостроение	0.030
теплоцентраль	0.030
теплоэлектроцентраль	0.030
теплоэнергетика	0.030
теплоёмкость	0.030
тератология	0.030
тербий	0.030
теребилка	0.030
теребильщик	0.030
теребильщица	0.030
теребление	0.030
теремец	0.030
теремочек	0.030
терескен	0.030
терзатель	0.030
териодонт	0.030
териология	0.030
терлик	0.030
термалама	0.030
термидорианец	0.030
термидорианство	0.030
терминизм	0.030
терминирование	0.030
терминист	0.030
термист	0.030
термограф	0.030
термозит	0.030
термоизоляция	0.030
термолюминесценция	0.030
термометрия	0.030
термопсис	0.030
терморегулятор	0.030
терморегуляция	0.030
термоскоп	0.030
термостойкость	0.030
термотерапия	0.030
термофил	0.030
термофоб	0.030
термофосфат	0.030
термохимия	0.030
термоэлектричество	0.030
термоэлемент	0.030
тернистость	0.030
терно	0.030
тернослив	0.030
тернослива	0.030
тернёв	0.030
терпентин	0.030
терпкость	0.030
терпсихора	0.030
терпужок	0.030
терпёж	0.030
терразит	0.030
терракота	0.030
террарий	0.030
террасирование	0.030
терренкур	0.030
терриконик	0.030
терроризирование	0.030
терц	0.030
терцет	0.030
терцина	0.030
теряние	0.030
тесальщик	0.030
тесание	0.030
тесинка	0.030
тесление	0.030
тесличка	0.030
теснение	0.030
теснитель	0.030
тесноватость	0.030
тесситура	0.030
тестамент	0.030
тестенёк	0.030
тестомесилка	0.030
тестюшка	0.030
тетания	0.030
тетанник	0.030
тетанус	0.030
тетеревятник	0.030
тетеревёнок	0.030
тетерька	0.030
тетрадища	0.030
тетрадрахма	0.030
тетралогия	0.030
тетраметр	0.030
тетрархия	0.030
тетрил	0.030
тетёра	0.030
тетёха	0.030
теург	0.030
теургия	0.030
техминимум	0.030
техницизм	0.030
технократия	0.030
технологичность	0.030
техред	0.030
тибетка	0.030
тиверец	0.030
тиверка	0.030
тигролов	0.030
тикание	0.030
тиликание	0.030
тильбюри	0.030
тимол	0.030
тимофеевка	0.030
тимпан	0.030
тимпанит	0.030
тинктура	0.030
тиокол	0.030
типец	0.030
типизация	0.030
типизирование	0.030
типик	0.030
типикон	0.030
типичность	0.030
типолитография	0.030
типолог	0.030
типология	0.030
типометр	0.030
типометрия	0.030
типоразмер	0.030
типчак	0.030
тиранизм	0.030
тиранка	0.030
тираноборец	0.030
тираноборчество	0.030
тираноубийство	0.030
тиранство	0.030
тиреоидин	0.030
тиркушка	0.030
тиролька	0.030
тискальщик	0.030
тискание	0.030
тисочки	0.030
титанит	0.030
титестер	0.030
титло	0.030
титовка	0.030
титровальщик	0.030
титрование	0.030
титулование	0.030
тиун	0.030
тиунство	0.030
тифдрук	0.030
тифлопедагогика	0.030
тифоид	0.030
тихвинка	0.030
тиховодье	0.030
тихоходность	0.030
ткачество	0.030
ткемали	0.030
тленность	0.030
тлень	0.030
тлетворность	0.030
товарец	0.030
товаришко	0.030
товарник	0.030
товарность	0.030
товаровед	0.030
товароведение	0.030
товаропроизводитель	0.030
тодес	0.030
тождественность	0.030
тождество	0.030
тойтерьер	0.030
токарная	0.030
токарничание	0.030
токарня	0.030
токката	0.030
токование	0.030
токовик	0.030
токовище	0.030
токоприёмник	0.030
токосъёмник	0.030
токсикомания	0.030
толай	0.030
толевщик	0.030
толковательница	0.030
толковитость	0.030
толковник	0.030
толковня	0.030
толковость	0.030
толкун	0.030
толкунец	0.030
толокнянка	0.030
толоконце	0.030
толпища	0.030
толстина	0.030
толстовство	0.030
толстовщина	0.030
толстокожесть	0.030
толчение	0.030
толщинка	0.030
томагаук	0.030
томан	0.030
томасирование	0.030
томасшлак	0.030
томбола	0.030
томбуй	0.030
томилка	0.030
томильщик	0.030
томительность	0.030
томище	0.030
томность	0.030
томпак	0.030
тондо	0.030
тонзура	0.030
тонизация	0.030
тонизна	0.030
тонирование	0.030
тонкопрядение	0.030
тонкопряха	0.030
тонмейстер	0.030
тоннелестроение	0.030
тоннельчик	0.030
тоннельщик	0.030
тонфильм	0.030
топание	0.030
топенант	0.030
топинамбур	0.030
топкость	0.030
топление	0.030
тополог	0.030
топольник	0.030
топоним	0.030
топонимика	0.030
топонимия	0.030
топоришко	0.030
топорник	0.030
топорность	0.030
топорок	0.030
топорщение	0.030
топотание	0.030
топотня	0.030
топоток	0.030
топочка	0.030
топшур	0.030
топшурист	0.030
торбан	0.030
торбанист	0.030
торбас	0.030
торбочка	0.030
торгашество	0.030
торговище	0.030
торговлишка	0.030
торгоут	0.030
торгпред	0.030
торгпредство	0.030
торгсин	0.030
торевтика	0.030
торжище	0.030
торизм	0.030
торит	0.030
торица	0.030
торкрет	0.030
торкретбетон	0.030
торкретирование	0.030
торлоп	0.030
тормашка	0.030
тормозильщик	0.030
тормошение	0.030
тороватость	0.030
торока	0.030
торопь	0.030
торосистость	0.030
торосообразование	0.030
торошение	0.030
торпедирование	0.030
торпедист	0.030
торпедник	0.030
торпище	0.030
торфобрикет	0.030
торфование	0.030
торфозаготовка	0.030
торфоразработка	0.030
торфорез	0.030
торфосос	0.030
торфотерапия	0.030
торфяница	0.030
торцевание	0.030
торцовка	0.030
торцовщик	0.030
торшон	0.030
торшонирование	0.030
тоскливость	0.030
тоскование	0.030
тоталитарист	0.030
тоталитарность	0.030
тотальность	0.030
тотемизм	0.030
тохар	0.030
точение	0.030
точильня	0.030
тошнотворность	0.030
тощесть	0.030
тпрукание	0.030
траверсирование	0.030
травертин	0.030
травестировка	0.030
травильщик	0.030
травина	0.030
травища	0.030
травление	0.030
травокос	0.030
траволечение	0.030
травонька	0.030
травополье	0.030
травосеяние	0.030
травосмесь	0.030
травостой	0.030
травушка	0.030
травщик	0.030
травяник	0.030
травянка	0.030
трагедийность	0.030
трагус	0.030
традесканция	0.030
традиционализм	0.030
традиционалистка	0.030
трактамент	0.030
трактация	0.030
трактиришко	0.030
трактирчик	0.030
трактование	0.030
тракторишко	0.030
тракторостроение	0.030
тралер	0.030
тралирование	0.030
тралмейстер	0.030
трамбак	0.030
трамбовальщик	0.030
трамбовальщица	0.030
трамбование	0.030
трамбовочка	0.030
трамбовщик	0.030
трамбовщица	0.030
трамвайщик	0.030
трамвайщица	0.030
трамонтана	0.030
трамтарам	0.030
транжирка	0.030
транзитник	0.030
транзитница	0.030
трансбордер	0.030
трансгрессия	0.030
транскрибирование	0.030
транспирация	0.030
транспонирование	0.030
транспонировка	0.030
транспортабельность	0.030
транспортирование	0.030
транспортировщица	0.030
транспортница	0.030
транспортёрщик	0.030
транспортёрщица	0.030
транссудат	0.030
трансферкар	0.030
трансформаторостроение	0.030
трансформаторщик	0.030
трансформизм	0.030
трансформирование	0.030
трансформировка	0.030
трансформист	0.030
трансформистка	0.030
трансцендентализм	0.030
траншеекопатель	0.030
траншейка	0.030
трапезарь	0.030
трапезник	0.030
трапезница	0.030
трапезничание	0.030
трапезование	0.030
трапецоид	0.030
трапецоэдр	0.030
траппист	0.030
трассант	0.030
трассат	0.030
трассирование	0.030
трассёр	0.030
траурница	0.030
траурность	0.030
трафаретка	0.030
трафаретность	0.030
трафаретчик	0.030
трафление	0.030
трахеит	0.030
трахеотомированная	0.030
трахеотомированный	0.030
трахит	0.030
требище	0.030
требушина	0.030
трезвенность	0.030
трекратность	0.030
трелёвка	0.030
трелёвщик	0.030
трембита	0.030
тремолит	0.030
тренаж	0.030
трензель	0.030
трензелька	0.030
тренированность	0.030
тренчик	0.030
тренькание	0.030
трепак	0.030
трепалка	0.030
трепальня	0.030
трепальщик	0.030
трепальщица	0.030
трепан	0.030
трепание	0.030
трепачка	0.030
трепачок	0.030
трепел	0.030
трепетность	0.030
трепня	0.030
трепуша	0.030
трепушка	0.030
трепыхание	0.030
трескание	0.030
трескун	0.030
трескунья	0.030
трестирование	0.030
трестовик	0.030
третирование	0.030
третьеразрядник	0.030
третьеразрядница	0.030
трефка	0.030
трефовка	0.030
трехвостка	0.030
трешкот	0.030
трешкоут	0.030
трещалка	0.030
трещание	0.030
трещиноватость	0.030
триас	0.030
тривиальность	0.030
тривиум	0.030
триер	0.030
триера	0.030
триерование	0.030
триеровка	0.030
тризна	0.030
трикирий	0.030
триклиний	0.030
трикотажник	0.030
трикотажница	0.030
трикотин	0.030
трилиственник	0.030
трином	0.030
триод	0.030
триодь	0.030
триолет	0.030
триоль	0.030
триостренник	0.030
трипаносома	0.030
триперстка	0.030
триплан	0.030
трипсин	0.030
трисель	0.030
трифоль	0.030
трифтонг	0.030
трихина	0.030
трихинелла	0.030
трихиноз	0.030
трихотомия	0.030
трогательность	0.030
троебрачие	0.030
троеженец	0.030
троежёнство	0.030
троекратность	0.030
троелистка	0.030
троемужие	0.030
троение	0.030
троеперстие	0.030
троетёс	0.030
троечница	0.030
троичность	0.030
тройственность	0.030
тройчатка	0.030
трок	0.030
троллейбусник	0.030
тромбофлебит	0.030
тропарь	0.030
тропиночка	0.030
тропление	0.030
тропник	0.030
тропопауза	0.030
тропосфера	0.030
тропот	0.030
тростильщик	0.030
тростильщица	0.030
тростина	0.030
тростка	0.030
тростничок	0.030
тростянка	0.030
тротуарчик	0.030
трохей	0.030
троцкизм	0.030
троцкистка	0.030
трощение	0.030
троякость	0.030
трояшка	0.030
трубкование	0.030
трубковёрт	0.030
трубкожил	0.030
трубконос	0.030
трубник	0.030
трубоволочение	0.030
трубоволочильщик	0.030
трубоклад	0.030
трубокур	0.030
труболётка	0.030
трубопроводчик	0.030
трубопрокатчик	0.030
труборез	0.030
трубостав	0.030
трубоукладчик	0.030
трубоцвет	0.030
трубочник	0.030
трубчатка	0.030
трубчонка	0.030
трудноплавкость	0.030
трудолюб	0.030
трудолюбец	0.030
трудоёмкость	0.030
труженичество	0.030
труппка	0.030
трусливость	0.030
трусоватость	0.030
трутник	0.030
трутница	0.030
трутовик	0.030
трутовка	0.030
трухлявость	0.030
трухляк	0.030
трынка	0.030
трыночка	0.030
трынчик	0.030
трюизм	0.030
трюмсель	0.030
тряпичка	0.030
тряпичник	0.030
тряпичница	0.030
тряпичность	0.030
тряпкорез	0.030
тряпкорезка	0.030
тряпкорубка	0.030
тряпкорубщик	0.030
тряпочник	0.030
трясавица	0.030
трясение	0.030
трясилка	0.030
трясильщик	0.030
тряскость	0.030
трясун	0.030
трясунка	0.030
трясца	0.030
трёхвёрстка	0.030
трёхголосие	0.030
трёхгранка	0.030
трёхгривенный	0.030
трёхкилометровка	0.030
трёхлетие	0.030
трёхлинейка	0.030
трёхперстие	0.030
трёхперстка	0.030
трёхполье	0.030
трёхрядка	0.030
трёхсотлетие	0.030
трёхстволка	0.030
трёххвостка	0.030
трёхцветка	0.030
трёхчлен	0.030
трёшник	0.030
туаль	0.030
туальденор	0.030
туберкул	0.030
туберкулин	0.030
туберкулёзница	0.030
тувинка	0.030
тугоплавкость	0.030
тугоухость	0.030
тугун	0.030
туер	0.030
туесочек	0.030
туземность	0.030
тузлук	0.030
тузлукование	0.030
тукание	0.030
тукманка	0.030
тукоразбрасыватель	0.030
тукосмесь	0.030
тул	0.030
тулес	0.030
тулово	0.030
тулуз	0.030
тулук	0.030
тулумбас	0.030
тулупишко	0.030
тулупище	0.030
тулупник	0.030
тулупчишко	0.030
тулупщик	0.030
туманище	0.030
туманограф	0.030
туманчик	0.030
тундрянка	0.030
тунеяд	0.030
тунеядица	0.030
тунеядка	0.030
тунеядчество	0.030
туннелестроение	0.030
туннельчик	0.030
туннельщик	0.030
тупейщик	0.030
тупец	0.030
туповатость	0.030
тупоголовость	0.030
туподум	0.030
туполобие	0.030
туполобость	0.030
тупоумец	0.030
тупоумие	0.030
туранга	0.030
турач	0.030
турбинист	0.030
турбинка	0.030
турбинщик	0.030
турбобур	0.030
турбобурение	0.030
турбовоз	0.030
турбогенератор	0.030
турбодинамо	0.030
турбонасос	0.030
турбостроение	0.030
турбостроитель	0.030
турбоход	0.030
турбоэлектроход	0.030
турица	0.030
туркеня	0.030
туркестанец	0.030
туркестанка	0.030
туркиня	0.030
туркменка	0.030
туркофил	0.030
туркофильство	0.030
туркофоб	0.030
туркофобство	0.030
турлушка	0.030
турлыкание	0.030
турпан	0.030
турсук	0.030
турусы	0.030
турухтан	0.030
турф	0.030
турчание	0.030
турчонок	0.030
турёнок	0.030
тускловатость	0.030
тусклость	0.030
тутовница	0.030
тутовод	0.030
тутоводство	0.030
тутор	0.030
туттист	0.030
туфейка	0.030
туфобетон	0.030
туфолава	0.030
тухлинка	0.030
тухловатость	0.030
тухлость	0.030
тухлятинка	0.030
тученька	0.030
тушевальщик	0.030
тушевальщица	0.030
тушевание	0.030
тушилка	0.030
тушильник	0.030
тушист	0.030
тушёвка	0.030
тщедушие	0.030
тщедушность	0.030
тщеславность	0.030
тыкание	0.030
тыквенник	0.030
тыловик	0.030
тынок	0.030
тырло	0.030
тырса	0.030
тысчонка	0.030
тысяцкий	0.030
тысяченожка	0.030
тысячник	0.030
тычина	0.030
тычинник	0.030
тычиночка	0.030
тюбетей	0.030
тюбинг	0.030
тюбингоукладчик	0.030
тюбингщик	0.030
тюкание	0.030
тюкование	0.030
тюковщик	0.030
тюленебоец	0.030
тюленина	0.030
тюленка	0.030
тюльбюри	0.030
тюльпанчик	0.030
тюлюлюкание	0.030
тюник	0.030
тюника	0.030
тюрбе	0.030
тюрбо	0.030
тюрик	0.030
тюркизм	0.030
тюрколог	0.030
тюркология	0.030
тюркос	0.030
тюрчанка	0.030
тюрька	0.030
тютюн	0.030
тябло	0.030
тявкание	0.030
тявкуша	0.030
тяглец	0.030
тягло	0.030
тягомер	0.030
тягостность	0.030
тягучесть	0.030
тяжеловатость	0.030
тяжеловесность	0.030
тяжелодум	0.030
тяжкодум	0.030
тянульщик	0.030
тянульщица	0.030
тяпание	0.030
тёпа	0.030
тёрочка	0.030
тёрщик	0.030
тёрщица	0.030
тёска	0.030
тёшка	0.030
тёщенька	0.030
уанстеп	0.030
убавка	0.030
убавление	0.030
убаюкивание	0.030
убивание	0.030
убийственность	0.030
убитость	0.030
ублаготворение	0.030
ублажатель	0.030
убоина	0.030
убойность	0.030
убойщик	0.030
убористость	0.030
уброд	0.030
убрус	0.030
убыстрение	0.030
убыточность	0.030
уважительность	0.030
уваливание	0.030
увалка	0.030
увальность	0.030
увальчивость	0.030
увальчик	0.030
уваривание	0.030
уварка	0.030
уваровит	0.030
уварщик	0.030
уведение	0.030
увезение	0.030
увековечение	0.030
увеличительность	0.030
увенчание	0.030
увенчивание	0.030
уверительность	0.030
уверование	0.030
увеселитель	0.030
увеселительница	0.030
увесистость	0.030
увет	0.030
уветливость	0.030
увешивание	0.030
увещание	0.030
увещатель	0.030
увещеватель	0.030
увивание	0.030
увинчивание	0.030
увлажнённость	0.030
увлекательность	0.030
увод	0.030
уводчик	0.030
увоз	0.030
уволакивание	0.030
увраж	0.030
уврачевание	0.030
увязание	0.030
увязка	0.030
увязывание	0.030
увёрстка	0.030
увёрстывание	0.030
увёртливость	0.030
увёртывание	0.030
угадка	0.030
угадливость	0.030
угадчивость	0.030
угадчик	0.030
угадчица	0.030
угадыватель	0.030
угарец	0.030
углаживание	0.030
углевоз	0.030
угледобыча	0.030
углежжение	0.030
углекоп	0.030
углемойка	0.030
угленосность	0.030
углепогрузчик	0.030
углеподатчик	0.030
углепромышленник	0.030
углепромышленность	0.030
углеразрез	0.030
углесос	0.030
угловушка	0.030
углубитель	0.030
углублённость	0.030
углышек	0.030
углярка	0.030
угнетательница	0.030
угнетённость	0.030
уговаривание	0.030
уговорщик	0.030
уговорщица	0.030
угодливость	0.030
угодничание	0.030
угодничек	0.030
угодничество	0.030
угодность	0.030
угождение	0.030
уголовщик	0.030
уголовщица	0.030
уголышек	0.030
уголье	0.030
угольница	0.030
угольничек	0.030
угольщица	0.030
уголёчек	0.030
угомон	0.030
угонка	0.030
угорание	0.030
угоститель	0.030
угревание	0.030
угреватость	0.030
угрубление	0.030
удабривание	0.030
удавление	0.030
удавленник	0.030
удавчик	0.030
удалость	0.030
удальство	0.030
ударница	0.030
ударничество	0.030
ударность	0.030
удачница	0.030
удачность	0.030
удваивание	0.030
удевятерение	0.030
уделывание	0.030
удельничество	0.030
удельность	0.030
удесятерение	0.030
удешевление	0.030
удильник	0.030
удильщица	0.030
удлинённость	0.030
удмурт	0.030
удмуртка	0.030
удобность	0.030
удобоваримость	0.030
удобоисполнимость	0.030
удобопереносимость	0.030
удобопонятность	0.030
удобопроизносимость	0.030
удобоусвояемость	0.030
удобочитаемость	0.030
удовлетворительность	0.030
удойливость	0.030
удойность	0.030
удол	0.030
удолие	0.030
удорожание	0.030
удостаивание	0.030
удотка	0.030
удручение	0.030
удушливость	0.030
удэ	0.030
удэге	0.030
удэгеец	0.030
удэгейка	0.030
удэхе	0.030
удэхейка	0.030
ужак	0.030
ужаление	0.030
ужаривание	0.030
ужение	0.030
уживчивость	0.030
ужимание	0.030
ужимочка	0.030
ужонок	0.030
узаконение	0.030
узбечка	0.030
уздень	0.030
узик	0.030
узилище	0.030
узина	0.030
узковатость	0.030
узкоглазие	0.030
узколобие	0.030
узкость	0.030
узловатость	0.030
узловязатель	0.030
узничество	0.030
узористость	0.030
узорочность	0.030
узорочье	0.030
узорчатость	0.030
узорчик	0.030
узуальность	0.030
узурпаторство	0.030
узурпаторша	0.030
узус	0.030
уйгурка	0.030
уймища	0.030
указчик	0.030
указчица	0.030
укалывание	0.030
укание	0.030
укатка	0.030
укатывание	0.030
уквашивание	0.030
укипание	0.030
укисание	0.030
укладчица	0.030
уклеивание	0.030
уклея	0.030
уклонистка	0.030
уколачивание	0.030
укомплектование	0.030
укомплектовка	0.030
укомплектовывание	0.030
уконопачивание	0.030
укорачивание	0.030
укоренение	0.030
укорот	0.030
укорота	0.030
укос	0.030
укосина	0.030
украдка	0.030
украинизация	0.030
украинизм	0.030
украинофил	0.030
украинофильство	0.030
украйна	0.030
украшатель	0.030
укрепа	0.030
укромность	0.030
укропчик	0.030
укрупнение	0.030
укручивание	0.030
укрывательница	0.030
укрюк	0.030
укрючина	0.030
уксусник	0.030
уксусница	0.030
укупоривание	0.030
укупорка	0.030
укупорщик	0.030
укупорщица	0.030
укутывание	0.030
улавливание	0.030
улавливатель	0.030
уламывание	0.030
уланка	0.030
улащивание	0.030
улем	0.030
улепётывание	0.030
улетучивание	0.030
улещание	0.030
улещение	0.030
уличитель	0.030
уличительница	0.030
уловистость	0.030
улусник	0.030
улыба	0.030
улыбчивость	0.030
ультимативность	0.030
ультиматизм	0.030
ультиматист	0.030
ультимо	0.030
ультраконсерватор	0.030
ультрамонтан	0.030
ультрамонтанство	0.030
ульч	0.030
ульчанка	0.030
улюлюкание	0.030
улюлюкивание	0.030
умаление	0.030
умаливание	0.030
умасливание	0.030
уматывание	0.030
умащение	0.030
умащивание	0.030
умелость	0.030
уменьшительность	0.030
умилительность	0.030
умилостивление	0.030
умильность	0.030
умилённость	0.030
умирение	0.030
умиритель	0.030
умиротворитель	0.030
умиротворительница	0.030
умище	0.030
умлаут	0.030
умляут	0.030
умничание	0.030
умовение	0.030
умозрение	0.030
умозритель	0.030
умозрительность	0.030
умоисступление	0.030
умолкание	0.030
умолот	0.030
умоначертание	0.030
умопомрачительность	0.030
уморение	0.030
уморительность	0.030
умочек	0.030
умствование	0.030
умствователь	0.030
умудрённость	0.030
умывальница	0.030
умывальня	0.030
умыкание	0.030
умышленность	0.030
умягчение	0.030
умётчик	0.030
унавоживание	0.030
унанимизм	0.030
унанимист	0.030
унаследование	0.030
униат	0.030
униатка	0.030
универсализация	0.030
универсализм	0.030
универсалист	0.030
универсалия	0.030
универсант	0.030
универсантка	0.030
универсиада	0.030
университант	0.030
университанта	0.030
униженность	0.030
унизительность	0.030
унизывание	0.030
уник	0.030
унион	0.030
унионизм	0.030
унитаризм	0.030
унификатор	0.030
уничижительность	0.030
уния	0.030
унос	0.030
унтертон	0.030
упадочник	0.030
упадочничество	0.030
упадочность	0.030
упаковщица	0.030
упаковывание	0.030
упалзывание	0.030
упаривание	0.030
упарка	0.030
упелёнывание	0.030
упиливание	0.030
упихивание	0.030
уплачивание	0.030
уплотнённость	0.030
уплощение	0.030
уплощённость	0.030
уплывание	0.030
уподобление	0.030
упоительность	0.030
уполовник	0.030
упоминовение	0.030
упорность	0.030
упорствование	0.030
употребительность	0.030
упоённость	0.030
управделами	0.030
управдомша	0.030
управительница	0.030
управительство	0.030
управительша	0.030
упревание	0.030
упроститель	0.030
упростительство	0.030
упрочение	0.030
упрочнение	0.030
упрощенец	0.030
упрощенство	0.030
упрощенчество	0.030
упрощённость	0.030
уравниловец	0.030
уравниловка	0.030
уравнительность	0.030
ураза	0.030
уразумение	0.030
уранинит	0.030
уранография	0.030
урбанист	0.030
урбанистка	0.030
урезывание	0.030
урема	0.030
уретрит	0.030
уретроскоп	0.030
уретроскопия	0.030
урильник	0.030
уробактерия	0.030
уродик	0.030
уродиха	0.030
уродище	0.030
уродование	0.030
урометр	0.030
уругвайка	0.030
уряд	0.030
урянхаец	0.030
урянхайка	0.030
усадебка	0.030
усадочность	0.030
усадьбишка	0.030
усаживание	0.030
усаливание	0.030
усвояемость	0.030
усекание	0.030
усекновение	0.030
усердность	0.030
усердство	0.030
усердствование	0.030
усечение	0.030
усиливание	0.030
усилительность	0.030
усина	0.030
ускок	0.030
усладитель	0.030
усладительница	0.030
усложнённость	0.030
услуживание	0.030
услужливость	0.030
услужник	0.030
услужница	0.030
услышание	0.030
усма	0.030
усмарь	0.030
усматривание	0.030
усмешинка	0.030
усмиритель	0.030
уснащение	0.030
усобица	0.030
усовершимость	0.030
усол	0.030
успокаивание	0.030
успокоитель	0.030
успокоительница	0.030
успокоительность	0.030
уставщица	0.030
установитель	0.030
установительница	0.030
установочка	0.030
устарелость	0.030
устерс	0.030
устерса	0.030
устилка	0.030
устность	0.030
устойка	0.030
устроение	0.030
устроительство	0.030
уступец	0.030
уступочка	0.030
уступчатость	0.030
уступчик	0.030
устыжение	0.030
устьице	0.030
усушка	0.030
усчитывание	0.030
усылка	0.030
усыпание	0.030
усыпитель	0.030
усёнки	0.030
ут	0.030
утаение	0.030
утайщик	0.030
утайщица	0.030
утачивание	0.030
утачка	0.030
утвердительность	0.030
утемнение	0.030
утеснение	0.030
утеснитель	0.030
утеснительница	0.030
утешеньице	0.030
утешительница	0.030
утешительность	0.030
утешительство	0.030
утешник	0.030
утешница	0.030
утилизаторство	0.030
утилита	0.030
утилитаризм	0.030
утилитарист	0.030
утилитаристка	0.030
утилитарность	0.030
утильзавод	0.030
утильцех	0.030
утильщик	0.030
утильщица	0.030
утиральник	0.030
утиральничек	0.030
утирание	0.030
утирка	0.030
утица	0.030
утишение	0.030
утлегарь	0.030
утолитель	0.030
утолока	0.030
утомительность	0.030
утомлённость	0.030
утончение	0.030
утопизм	0.030
утопистка	0.030
утопичность	0.030
уторка	0.030
уторник	0.030
уторщик	0.030
уточина	0.030
уточник	0.030
утраквист	0.030
утрамбовка	0.030
утренничек	0.030
утрирование	0.030
утрировка	0.030
утробишка	0.030
утробища	0.030
утробушка	0.030
утруска	0.030
утучнение	0.030
утюжение	0.030
утюжильщик	0.030
утюжильщица	0.030
утюжка	0.030
утюжник	0.030
утя	0.030
утягивание	0.030
утяжеление	0.030
утяжка	0.030
утятинка	0.030
утятник	0.030
утёныш	0.030
утёсистость	0.030
утёска	0.030
ухабик	0.030
ухабина	0.030
ухабинка	0.030
ухабистость	0.030
ухаживатель	0.030
ухажёрка	0.030
ухажёрство	0.030
ухарство	0.030
ухватик	0.030
ухватывание	0.030
ухищрённость	0.030
ухналь	0.030
ухожь	0.030
ухожье	0.030
ухорез	0.030
участливость	0.030
участочек	0.030
учащённость	0.030
учебничек	0.030
ученичок	0.030
учетверение	0.030
учителишка	0.030
учителька	0.030
учитывание	0.030
учредительница	0.030
учредительство	0.030
учтивец	0.030
учуг	0.030
учётчица	0.030
ушивание	0.030
ушивка	0.030
уширение	0.030
уширитель	0.030
ушкан	0.030
ушкуй	0.030
ушкуйник	0.030
ушник	0.030
ушу	0.030
ущелина	0.030
ущелистость	0.030
уютность	0.030
уязвление	0.030
уязвлённость	0.030
уяснение	0.030
уём	0.030
фабианец	0.030
фабианизм	0.030
фабианство	0.030
фаблио	0.030
фабльо	0.030
фабрение	0.030
фабрикантша	0.030
фабрикат	0.030
фабрикатор	0.030
фабрикование	0.030
фабриковка	0.030
фабричка	0.030
фабричник	0.030
фабричница	0.030
фабричонка	0.030
фабричушка	0.030
фавероль	0.030
фавус	0.030
фаготерапия	0.030
фаготик	0.030
фаготист	0.030
фаготчик	0.030
фагоцит	0.030
фагоцитоз	0.030
фадом	0.030
фазанарий	0.030
фазанина	0.030
фазанинка	0.030
фазаниха	0.030
фазанка	0.030
фазановод	0.030
фазановодство	0.030
фазаночка	0.030
фазанчик	0.030
фазанёнок	0.030
фазис	0.030
фазорегулятор	0.030
фазотрон	0.030
файдешин	0.030
факельцуг	0.030
факельщик	0.030
факельщица	0.030
факино	0.030
факиришка	0.030
факирство	0.030
факолит	0.030
фактец	0.030
фактизм	0.030
фактичность	0.030
фактишка	0.030
фактограф	0.030
фактографичность	0.030
фактография	0.030
факториал	0.030
факторист	0.030
факторство	0.030
факторша	0.030
фактотум	0.030
фактурность	0.030
факультативность	0.030
фалалей	0.030
фаланстер	0.030
фаланстерия	0.030
фалбала	0.030
фалдочка	0.030
фалерист	0.030
фалеристика	0.030
фалинь	0.030
фалл	0.030
фаллус	0.030
фалреп	0.030
фальбала	0.030
фальконет	0.030
фальсификат	0.030
фальсифицирование	0.030
фальсифицированность	0.030
фальстаф	0.030
фальц	0.030
фальцгобель	0.030
фальцевание	0.030
фальцетик	0.030
фальцетность	0.030
фальцовка	0.030
фальцовщик	0.030
фальцовщица	0.030
фальшивинка	0.030
фальшкиль	0.030
фальшфейерник	0.030
фамилизм	0.030
фамильярничание	0.030
фамильярство	0.030
фамулус	0.030
фанабер	0.030
фанаберия	0.030
фанаберка	0.030
фанаберство	0.030
фанариот	0.030
фанатичность	0.030
фанерование	0.030
фанеровка	0.030
фанеровщик	0.030
фанеровщица	0.030
фанерщик	0.030
фанерщица	0.030
фанзочка	0.030
фантазийка	0.030
фантазирование	0.030
фантазёрство	0.030
фантастка	0.030
фанфарист	0.030
фанфаронада	0.030
фанфарониада	0.030
фанфаронишка	0.030
фанфаронство	0.030
фарадизация	0.030
фарингоскопия	0.030
фарисейка	0.030
фарисейство	0.030
фармазон	0.030
фармазонка	0.030
фармазонство	0.030
фармакогнозия	0.030
фармакопея	0.030
фармакотерапия	0.030
фармакохимия	0.030
фарсёр	0.030
фарширование	0.030
фасадик	0.030
фасадчик	0.030
фасет	0.030
фасетка	0.030
фаска	0.030
фасовка	0.030
фасовочная	0.030
фасовщик	0.030
фасовщица	0.030
фасонистость	0.030
фасончик	0.030
фасонщик	0.030
фасонщица	0.030
фасциация	0.030
фаталистичность	0.030
фаталистка	0.030
фатоватость	0.030
фатовство	0.030
фатство	0.030
фатюй	0.030
фаунист	0.030
фаунистика	0.030
фаут	0.030
фаутность	0.030
фахверк	0.030
фацелия	0.030
фацеция	0.030
фация	0.030
фашизация	0.030
фашина	0.030
фашинник	0.030
фашион	0.030
фашионабель	0.030
фашионабельность	0.030
фаэтончик	0.030
фаялит	0.030
федерализация	0.030
федерализм	0.030
федералист	0.030
федералистка	0.030
федерат	0.030
федерирование	0.030
фединг	0.030
фееричность	0.030
фейербахианец	0.030
фейербахианство	0.030
фейерверкер	0.030
фейхоа	0.030
феллема	0.030
феллоген	0.030
фелонь	0.030
фелука	0.030
фельдмаршальство	0.030
фельдмаршальша	0.030
фельдсвязь	0.030
фельдфебельство	0.030
фельдфебельша	0.030
фельдцейхмейстер	0.030
фельдшанец	0.030
фельетонистка	0.030
фельетонность	0.030
фельетончик	0.030
фельетонщик	0.030
феминизация	0.030
фенакит	0.030
фенакод	0.030
фенацетин	0.030
фенек	0.030
фенолог	0.030
фенология	0.030
феноменализм	0.030
феноменалист	0.030
феноменальность	0.030
феноменолог	0.030
феноменология	0.030
фенопласт	0.030
феод	0.030
феодализация	0.030
ферлакур	0.030
ферлакурство	0.030
фермата	0.030
фермочка	0.030
фермуар	0.030
фернамбук	0.030
фероньера	0.030
фероньерка	0.030
феррит	0.030
ферросплав	0.030
ферросплавщик	0.030
ферротипия	0.030
ферула	0.030
ферязь	0.030
фесочка	0.030
фестончик	0.030
фетишизация	0.030
фетишизирование	0.030
фетюк	0.030
фехраль	0.030
фехтмейстер	0.030
фехтовальщица	0.030
фешенебель	0.030
фешенебельность	0.030
фешенебль	0.030
фиалочка	0.030
фибрин	0.030
фибробласт	0.030
фиброин	0.030
фибролит	0.030
фиброцит	0.030
фиглярничание	0.030
фигуральность	0.030
фигурантка	0.030
фигурация	0.030
фигурирование	0.030
фидеизм	0.030
фидеист	0.030
фидеистка	0.030
фижмы	0.030
физиатр	0.030
физиатрия	0.030
физиогномика	0.030
физиография	0.030
физиократ	0.030
физиологист	0.030
физиологичность	0.030
физиономика	0.030
физиономистика	0.030
физиономистка	0.030
физмат	0.030
фиксатив	0.030
фиксатуар	0.030
фиктивность	0.030
филадельфус	0.030
филант	0.030
филантропизм	0.030
филантропка	0.030
филарх	0.030
филателизм	0.030
филателистка	0.030
филейчик	0.030
филетирование	0.030
филиация	0.030
филигранность	0.030
филигранщик	0.030
филигранщица	0.030
филигрань	0.030
филинёнок	0.030
филипон	0.030
филиппика	0.030
филипповец	0.030
филипповка	0.030
филипповщина	0.030
филирование	0.030
филировка	0.030
филистерство	0.030
филистимлянка	0.030
филлер	0.030
филлит	0.030
филлодий	0.030
филлокактус	0.030
филлокладий	0.030
филлоксера	0.030
филлоксероустойчивость	0.030
филлофора	0.030
филогенез	0.030
филогенезис	0.030
филогения	0.030
филодендрон	0.030
философичность	0.030
философка	0.030
философствование	0.030
филуменист	0.030
филуменистка	0.030
филумения	0.030
фильдекос	0.030
фильдеперс	0.030
фильер	0.030
фильера	0.030
фильмокопия	0.030
фильмоскоп	0.030
фильмостат	0.030
фильтрат	0.030
фильтрование	0.030
фильтровка	0.030
фильтровщик	0.030
фильтровщица	0.030
фильтрпресс	0.030
фильц	0.030
филяриоз	0.030
филёночка	0.030
финагент	0.030
финаль	0.030
финансистка	0.030
финвал	0.030
финикийка	0.030
финикиянин	0.030
финикиянка	0.030
финифть	0.030
финичек	0.030
финишер	0.030
финиширование	0.030
финляндец	0.030
финляндка	0.030
финноз	0.030
финтиклюшка	0.030
финтифанты	0.030
финтифлюшечка	0.030
финьшампань	0.030
фиоритура	0.030
фирн	0.030
фисгармоника	0.030
фискалка	0.030
фискаломания	0.030
фискальничание	0.030
фискальство	0.030
фисташник	0.030
фистулография	0.030
фитин	0.030
фитинг	0.030
фитономус	0.030
фитопалеонтолог	0.030
фитопалеонтология	0.030
фитопатолог	0.030
фитопатология	0.030
фитофаг	0.030
фитофтора	0.030
фифи	0.030
фификус	0.030
фихтеанец	0.030
фихтеанство	0.030
фиш	0.030
фишбалка	0.030
фишю	0.030
флавон	0.030
флагеллант	0.030
флагеллантство	0.030
флажолет	0.030
фламин	0.030
фланелька	0.030
фланкирование	0.030
фланкировка	0.030
фланёр	0.030
фланёрство	0.030
флат	0.030
флаттер	0.030
флегма	0.030
флегматизатор	0.030
флегматизация	0.030
флегматизм	0.030
флегматик	0.030
флегматичность	0.030
флегмона	0.030
флейточка	0.030
флейц	0.030
флейцевание	0.030
флейцовка	0.030
флексатон	0.030
флексивность	0.030
флексия	0.030
флексор	0.030
флексура	0.030
флектирование	0.030
флибустьерство	0.030
флигельман	0.030
флигелёчек	0.030
флинтглас	0.030
флогопит	0.030
флокен	0.030
флорентийка	0.030
флотарий	0.030
флотатор	0.030
флотация	0.030
флотик	0.030
флотирование	0.030
флотируемость	0.030
флоэма	0.030
флуоресценция	0.030
флуороскоп	0.030
флюгарка	0.030
флюгарочка	0.030
флюгерок	0.030
флюгерство	0.030
флюктуация	0.030
флюоресценция	0.030
флюорит	0.030
флюсование	0.030
флюсовка	0.030
флютбет	0.030
флягомойка	0.030
флягопропариватель	0.030
фляжечка	0.030
флёрница	0.030
фоб	0.030
фогтство	0.030
фоксик	0.030
фокстротик	0.030
фокусничание	0.030
фокусничество	0.030
фолишон	0.030
фольговщик	0.030
фольклористика	0.030
фольклористка	0.030
фольклорность	0.030
фонастения	0.030
фонация	0.030
фонендоскоп	0.030
фонетист	0.030
фонетистка	0.030
фоника	0.030
фонографирование	0.030
фонография	0.030
фонология	0.030
фонометр	0.030
фоноскоп	0.030
фонтанирование	0.030
фонтанщик	0.030
форвакуум	0.030
фордек	0.030
фордизм	0.030
фордыбака	0.030
фордыбачение	0.030
форейтор	0.030
форестьер	0.030
форестьера	0.030
форзац	0.030
формализация	0.030
формалистика	0.030
формалистичность	0.030
формалистка	0.030
формальщина	0.030
формант	0.030
форманта	0.030
формировка	0.030
формировщик	0.030
формование	0.030
формовщица	0.030
формоизменение	0.030
формоизменяемость	0.030
формообразование	0.030
формотворчество	0.030
формулирование	0.030
формулировочка	0.030
форпик	0.030
форсированность	0.030
форсистость	0.030
форстерит	0.030
форсунщик	0.030
форсунья	0.030
фортепианист	0.030
фортепианистка	0.030
фортепианщик	0.030
фортепьянист	0.030
фортепьянистка	0.030
фортепьянщик	0.030
фортеция	0.030
фортификатор	0.030
фортификация	0.030
фортка	0.030
фортунка	0.030
фортунщик	0.030
форшлаг	0.030
форшпиль	0.030
форштадт	0.030
фосфатирование	0.030
фосфоресценция	0.030
фосфоресцирование	0.030
фосфорит	0.030
фосфоритование	0.030
фосфоричность	0.030
фосфорность	0.030
фосфоробактерин	0.030
фотарий	0.030
фотиния	0.030
фотоаппаратура	0.030
фотогелиограф	0.030
фотогравирование	0.030
фотогравюра	0.030
фотограмметрия	0.030
фотографизм	0.030
фотокерамика	0.030
фотолампа	0.030
фотолиз	0.030
фотолитография	0.030
фотолюбительство	0.030
фотолюминесценция	0.030
фотоматериал	0.030
фотометр	0.030
фотометрия	0.030
фотомеханика	0.030
фотонабор	0.030
фотообъектив	0.030
фотопередатчик	0.030
фотопериодизм	0.030
фотопулемёт	0.030
фотореактив	0.030
фотореле	0.030
фотостат	0.030
фототаксис	0.030
фототека	0.030
фототелеграмма	0.030
фототелеграф	0.030
фототелеграфия	0.030
фототипия	0.030
фототок	0.030
фототропизм	0.030
фотоувеличитель	0.030
фотофобия	0.030
фотохимия	0.030
фотохромизм	0.030
фотохромия	0.030
фотохроника	0.030
фотоэкспонометр	0.030
фотоэтюд	0.030
фотоэффект	0.030
фрагментарность	0.030
фразеологизм	0.030
фразеологичность	0.030
фразеология	0.030
фразистость	0.030
фразёр	0.030
фразёрка	0.030
фразёрство	0.030
фракийка	0.030
фрактура	0.030
фракционер	0.030
фракционерка	0.030
фракционирование	0.030
фракционность	0.030
франкировка	0.030
франкмасонка	0.030
франкмасонство	0.030
франтирёр	0.030
франтиха	0.030
франтоватость	0.030
франтовство	0.030
французоман	0.030
французомания	0.030
фратрия	0.030
фрахтование	0.030
фрахтователь	0.030
фрахтовка	0.030
фрачишка	0.030
фрачишко	0.030
фрачок	0.030
фрезерование	0.030
фрезеровка	0.030
фрезеровщица	0.030
фрейдизм	0.030
френолог	0.030
френчик	0.030
фригиец	0.030
фригийка	0.030
фризка	0.030
фрикцион	0.030
фритредер	0.030
фритредерство	0.030
фриштик	0.030
фриштык	0.030
фрондирование	0.030
фрондёр	0.030
фрондёрка	0.030
фрондёрство	0.030
фронтальность	0.030
фронтиньяк	0.030
фронтиспис	0.030
фронтит	0.030
фронтовичка	0.030
фруктовщик	0.030
фруктовщица	0.030
фтизиатр	0.030
фтизиатрия	0.030
фтизик	0.030
фугато	0.030
фугетта	0.030
фугование	0.030
фуговка	0.030
фуговщик	0.030
фузариоз	0.030
фузариум	0.030
фузея	0.030
фузилёр	0.030
фукание	0.030
фуксин	0.030
фукус	0.030
фуляр	0.030
фуляртин	0.030
фундаментальность	0.030
фундирование	0.030
функционализм	0.030
функционалист	0.030
фунтовик	0.030
фуражечник	0.030
фуражечница	0.030
фуражирование	0.030
фуражировка	0.030
фургонщик	0.030
фурма	0.030
фурманщик	0.030
фурункулёз	0.030
фурфурол	0.030
фурчание	0.030
фурштат	0.030
фурщик	0.030
фурьеризм	0.030
фурьерист	0.030
футер	0.030
футерование	0.030
футеровка	0.030
футеровщик	0.030
футор	0.030
футуристка	0.030
футуролог	0.030
футурология	0.030
футшток	0.030
фуфаечка	0.030
фуфыря	0.030
фухтель	0.030
фыркание	0.030
фыркун	0.030
фыркунья	0.030
фырчание	0.030
хабара	0.030
хабарник	0.030
хабарь	0.030
хавтайм	0.030
хазават	0.030
хазарка	0.030
хакас	0.030
хакаска	0.030
халатишко	0.030
халвичник	0.030
халвичница	0.030
халда	0.030
халдейка	0.030
халифство	0.030
халтурщина	0.030
халтурщица	0.030
хамелеонство	0.030
хамитка	0.030
хамовник	0.030
хамсин	0.030
хантыец	0.030
хантыйка	0.030
ханша	0.030
ханшин	0.030
хапание	0.030
хапанцы	0.030
хапун	0.030
хапунья	0.030
характерец	0.030
характеристичность	0.030
характерность	0.030
харатья	0.030
харкание	0.030
харкота	0.030
харкотина	0.030
харкун	0.030
харкунья	0.030
харчевание	0.030
харчевник	0.030
харчевница	0.030
хасидизм	0.030
хаха	0.030
хахалишка	0.030
хахальница	0.030
хашиш	0.030
хвалебник	0.030
хвалебница	0.030
хвалебность	0.030
хваление	0.030
хвалитель	0.030
хвалительница	0.030
хвальба	0.030
хвальбишка	0.030
хвалёнка	0.030
хвастание	0.030
хвастливость	0.030
хвастня	0.030
хваткость	0.030
хвоение	0.030
хвойник	0.030
хворание	0.030
хворостинник	0.030
хворостняк	0.030
хворость	0.030
хвостец	0.030
хвостист	0.030
хвостистка	0.030
хвостишко	0.030
хвостище	0.030
хвостовка	0.030
хедерник	0.030
хедив	0.030
хердель	0.030
херик	0.030
хертель	0.030
хеттеянка	0.030
хиазм	0.030
хижинка	0.030
хилость	0.030
химеричность	0.030
химерность	0.030
химизатор	0.030
химизация	0.030
химизм	0.030
химснаряд	0.030
хиндустанец	0.030
хиндустани	0.030
хиндустанка	0.030
хирагра	0.030
хирагрик	0.030
хирение	0.030
хиромант	0.030
хиромантик	0.030
хиромантка	0.030
хиротония	0.030
хитин	0.030
хитроумие	0.030
хитряга	0.030
хитрячка	0.030
хихикание	0.030
хищничество	0.030
хищность	0.030
хлад	0.030
хладноломкость	0.030
хладобойня	0.030
хладостойкость	0.030
хламидомонада	0.030
хламьё	0.030
хлап	0.030
хлебание	0.030
хлебина	0.030
хлебня	0.030
хлебодар	0.030
хлебозаготовитель	0.030
хлебок	0.030
хлебокопнитель	0.030
хлебопашество	0.030
хлебопашец	0.030
хлебопекарня	0.030
хлебопечение	0.030
хлебопромышленник	0.030
хлебопёк	0.030
хлеборез	0.030
хлеборобие	0.030
хлеборобство	0.030
хлебород	0.030
хлебородие	0.030
хлебородность	0.030
хлебосдатчик	0.030
хлебосдача	0.030
хлебосол	0.030
хлебосолка	0.030
хлебосольство	0.030
хлебостой	0.030
хлеботорговец	0.030
хлеботорговля	0.030
хлебоуборка	0.030
хлебофураж	0.030
хлевец	0.030
хлевок	0.030
хлевушок	0.030
хлестаков	0.030
хлестаковство	0.030
хлестаковщина	0.030
хлестание	0.030
хлобыстание	0.030
хлопальщик	0.030
хлопанец	0.030
хлопковод	0.030
хлопководство	0.030
хлопкокомбайн	0.030
хлопкоочистка	0.030
хлопкороб	0.030
хлопкоробка	0.030
хлопкосеяние	0.030
хлопкоуборка	0.030
хлопотание	0.030
хлопотишки	0.030
хлопотливость	0.030
хлопотность	0.030
хлопотня	0.030
хлопотун	0.030
хлопотунья	0.030
хлопуша	0.030
хлопчатка	0.030
хлопчатник	0.030
хлоратор	0.030
хлорацетофенон	0.030
хлорирование	0.030
хлорит	0.030
хлороз	0.030
хлоропласт	0.030
хлороформирование	0.030
хлорпикрин	0.030
хлуп	0.030
хлупь	0.030
хлын	0.030
хлыновец	0.030
хлыстание	0.030
хлыстовка	0.030
хлыстовство	0.030
хлыстовщина	0.030
хлюпкость	0.030
хляскание	0.030
хлястание	0.030
хлёст	0.030
хлёсткость	0.030
хмелевод	0.030
хмелеводство	0.030
хмелина	0.030
хмелинка	0.030
хмелиночка	0.030
хмелинушка	0.030
хмельник	0.030
хмелюшко	0.030
хмелёвка	0.030
хмурение	0.030
хмыкание	0.030
хныкание	0.030
ходатай	0.030
ходатайница	0.030
ходатайствование	0.030
ходимость	0.030
ходкость	0.030
ходулочник	0.030
ходулька	0.030
ходульность	0.030
хожатая	0.030
хожатый	0.030
хозрасчёт	0.030
хозяйничание	0.030
хозяйничество	0.030
хозяйственность	0.030
хозяйствование	0.030
хоккеистка	0.030
холение	0.030
холерик	0.030
холерина	0.030
холмистость	0.030
холмогорка	0.030
холодильня	0.030
холодильщик	0.030
холодник	0.030
холодноватость	0.030
холоднокровие	0.030
холодостойкость	0.030
холодоустойчивость	0.030
холодочек	0.030
холодюга	0.030
холодюка	0.030
холопишка	0.030
холопка	0.030
холопство	0.030
холостяга	0.030
холостячок	0.030
холостёжь	0.030
холочка	0.030
холощение	0.030
холстик	0.030
холстинка	0.030
холстиночка	0.030
холуйка	0.030
холуйство	0.030
холуяж	0.030
холява	0.030
хомутик	0.030
хомутина	0.030
хомутишко	0.030
хомутник	0.030
хомуток	0.030
хомутчик	0.030
хондрилла	0.030
хондрома	0.030
хонингование	0.030
хорватка	0.030
хордометр	0.030
хористочка	0.030
хориямб	0.030
хоркание	0.030
хоровик	0.030
хороводик	0.030
хороводник	0.030
хороводница	0.030
хоромина	0.030
хорошесть	0.030
хоругвеносец	0.030
хорунжиха	0.030
хорьчонок	0.030
хохлаточка	0.030
хохлатушка	0.030
хохлач	0.030
хохлуша	0.030
хохлушечка	0.030
хохотание	0.030
хохотня	0.030
хохоток	0.030
хохотунья	0.030
хохотуша	0.030
храмина	0.030
храмоздатель	0.030
храмоздательство	0.030
храмостроитель	0.030
храпак	0.030
храпоидол	0.030
храпок	0.030
храпун	0.030
храпунья	0.030
хребтовина	0.030
хребтуг	0.030
хренина	0.030
хреновник	0.030
хренок	0.030
хризоберилл	0.030
хризолит	0.030
хризопраз	0.030
хризотил	0.030
хрипловатость	0.030
хриплость	0.030
хриповатость	0.030
хрипунья	0.030
христарадник	0.030
христарадница	0.030
христарадничество	0.030
христианизация	0.030
христолюбец	0.030
христопродавец	0.030
христосик	0.030
христослав	0.030
христосование	0.030
хрия	0.030
хромание	0.030
хроматин	0.030
хромель	0.030
хромий	0.030
хромирование	0.030
хромировка	0.030
хромировщик	0.030
хромит	0.030
хромолитограф	0.030
хромолитография	0.030
хромоногость	0.030
хромосфера	0.030
хромофотография	0.030
хроникальность	0.030
хронист	0.030
хронография	0.030
хронолог	0.030
хронологизация	0.030
хронометражист	0.030
хронометражистка	0.030
хронометрист	0.030
хроноскоп	0.030
хрупание	0.030
хрустальность	0.030
хрустение	0.030
хрущ	0.030
хрущак	0.030
хрычовка	0.030
хрюкание	0.030
хряпка	0.030
хряск	0.030
хряст	0.030
хрящеватость	0.030
хрящевик	0.030
хрящевина	0.030
худерьба	0.030
художничество	0.030
худородство	0.030
худосочие	0.030
худость	0.030
худощавость	0.030
худсовет	0.030
хуление	0.030
хулитель	0.030
хулительница	0.030
хунвейбин	0.030
хунвейбинка	0.030
хурал	0.030
хуторец	0.030
хуторишко	0.030
хуторочек	0.030
хуторянка	0.030
цанга	0.030
цапелька	0.030
цапка	0.030
цапун	0.030
цапунья	0.030
цапфа	0.030
царишка	0.030
цветень	0.030
цветистость	0.030
цветничок	0.030
цветоводство	0.030
цветоед	0.030
цветоложе	0.030
цветомузыка	0.030
цветоножка	0.030
цветонос	0.030
цветуха	0.030
цвинькание	0.030
цвирикание	0.030
цвиркание	0.030
цевка	0.030
цевница	0.030
цевьё	0.030
цедилка	0.030
цедильщик	0.030
цеж	0.030
цежение	0.030
цезаризм	0.030
цезура	0.030
цейхгауз	0.030
целебность	0.030
целенаправленность	0.030
целение	0.030
целеуказание	0.030
целеустремление	0.030
целизна	0.030
целинница	0.030
целительность	0.030
целовальник	0.030
целовальница	0.030
целовальничиха	0.030
целостат	0.030
цельба	0.030
цементация	0.030
цементирование	0.030
цементировка	0.030
цементит	0.030
цементник	0.030
цементование	0.030
цементовка	0.030
цементохранилище	0.030
цемянка	0.030
ценз	0.030
цензорство	0.030
цензурность	0.030
цензурование	0.030
ценительница	0.030
ценовщик	0.030
ценообразование	0.030
централизм	0.030
централка	0.030
центральность	0.030
центризм	0.030
центрирование	0.030
центрировка	0.030
центрифугирование	0.030
центричность	0.030
центробег	0.030
центробежка	0.030
центрование	0.030
центровщик	0.030
центровщица	0.030
центроплан	0.030
центросома	0.030
цеолит	0.030
цепенение	0.030
цепень	0.030
цепкость	0.030
цепляние	0.030
церемониальность	0.030
церемонник	0.030
церемонница	0.030
церемонность	0.030
церквёнка	0.030
церковище	0.030
церковнославянизм	0.030
церковнослужитель	0.030
церковность	0.030
цесаревна	0.030
цесарь	0.030
цеховщина	0.030
цианизация	0.030
цианирование	0.030
цивилист	0.030
цивилистика	0.030
цивильность	0.030
цигара	0.030
цигарочка	0.030
цигейка	0.030
цидула	0.030
цидулка	0.030
цидулочка	0.030
цикламен	0.030
циклевание	0.030
циклизация	0.030
циклование	0.030
циклоида	0.030
циклёвка	0.030
циклёвщик	0.030
цимлянское	0.030
цинготник	0.030
цинерария	0.030
цинкит	0.030
цинкование	0.030
цинкограф	0.030
цинкография	0.030
циновочка	0.030
цинубель	0.030
циперус	0.030
циркачество	0.030
циркон	0.030
циркорама	0.030
циркулирование	0.030
циркулярчик	0.030
цитатничество	0.030
цитатор	0.030
цитатчик	0.030
цитация	0.030
цитогенетика	0.030
цитодиагностика	0.030
цитохимия	0.030
цитрусовод	0.030
цитрусоводство	0.030
цифирь	0.030
цифрация	0.030
цифровка	0.030
цокание	0.030
цокотание	0.030
цукание	0.030
цыбик	0.030
цыганщина	0.030
цыкание	0.030
цыплятина	0.030
цыплятинка	0.030
цыплятник	0.030
цыплятница	0.030
цыпушка	0.030
чабарня	0.030
чабер	0.030
чавыча	0.030
чадолюбие	0.030
чадородие	0.030
чадорождение	0.030
чадоубийца	0.030
чадушко	0.030
чадь	0.030
чаевание	0.030
чаевод	0.030
чаеводство	0.030
чаепийца	0.030
чаеторговля	0.030
чаишко	0.030
чайница	0.030
чайничание	0.030
чайханщик	0.030
чакан	0.030
чаканка	0.030
чалдар	0.030
чалмоносец	0.030
чальщик	0.030
чановщик	0.030
чанщик	0.030
чапельник	0.030
чапига	0.030
чаплажка	0.030
чапыга	0.030
чапыжник	0.030
чардаш	0.030
чарование	0.030
чаровник	0.030
чародеяние	0.030
чартизм	0.030
часишко	0.030
часовник	0.030
часослов	0.030
частик	0.030
частичность	0.030
частница	0.030
частотность	0.030
частуха	0.030
частушечник	0.030
частушечница	0.030
чаус	0.030
чауш	0.030
чахлость	0.030
чахохбили	0.030
чачван	0.030
чашелистик	0.030
чашник	0.030
чащица	0.030
чаёвник	0.030
чаёвница	0.030
чаёвничание	0.030
чвакание	0.030
чван	0.030
чванливость	0.030
чебачок	0.030
чеботарь	0.030
чебуречная	0.030
чегень	0.030
чеканность	0.030
чеканчик	0.030
чеканщик	0.030
чекистка	0.030
чекмарь	0.030
чекменишко	0.030
чекмень	0.030
чекменёк	0.030
чекодатель	0.030
чекуша	0.030
челночник	0.030
челночница	0.030
челночок	0.030
челобитие	0.030
челобитная	0.030
челобитчик	0.030
челобитчица	0.030
человеконенавидение	0.030
человеконенавистничество	0.030
человекоубийца	0.030
челядинец	0.030
челядинка	0.030
чемарка	0.030
чембало	0.030
чембур	0.030
чемер	0.030
чемерика	0.030
чемерка	0.030
чемоданишко	0.030
чемоданище	0.030
чемоданщик	0.030
чемпионесса	0.030
чепан	0.030
чепанишко	0.030
чепанчик	0.030
чепечник	0.030
чепечница	0.030
чепига	0.030
чепрак	0.030
чепрачник	0.030
чепрачок	0.030
чепуховина	0.030
чепыга	0.030
червец	0.030
червивость	0.030
червление	0.030
червобоина	0.030
червобой	0.030
червовод	0.030
червоводня	0.030
червоводство	0.030
червонка	0.030
червоточинка	0.030
червячишка	0.030
червячище	0.030
чердачок	0.030
черевик	0.030
черевичек	0.030
череззерница	0.030
черемис	0.030
черемиска	0.030
черемха	0.030
черенкование	0.030
черенщик	0.030
черепашина	0.030
черепичник	0.030
черепослов	0.030
черепословие	0.030
черепочек	0.030
черепушечка	0.030
чересло	0.030
чересполосица	0.030
чересполосность	0.030
чересседелень	0.030
черкание	0.030
черкешенка	0.030
чернавка	0.030
чернавочка	0.030
чернение	0.030
чернизна	0.030
черниленка	0.030
чернинка	0.030
черница	0.030
черничество	0.030
черничина	0.030
чернобровка	0.030
чернобылье	0.030
черноглазка	0.030
черноголовник	0.030
черногорец	0.030
черногорка	0.030
черногуз	0.030
черножелчие	0.030
чернозобик	0.030
черноклён	0.030
чернокнижество	0.030
чернокнижец	0.030
чернокнижничество	0.030
черноколоска	0.030
чернокорень	0.030
чернолесье	0.030
чернолоз	0.030
черноплодка	0.030
черноризец	0.030
чернородье	0.030
чернорясник	0.030
чернорясница	0.030
черносливина	0.030
черносотенник	0.030
черносотенство	0.030
черносошник	0.030
черноспинка	0.030
черностоп	0.030
чернотал	0.030
чернотелка	0.030
чернотроп	0.030
черноуска	0.030
черпальня	0.030
черпальщик	0.030
черпальщица	0.030
черпание	0.030
черпачок	0.030
черствение	0.030
чертилка	0.030
чертовня	0.030
чертовщинка	0.030
чертогон	0.030
чертыхание	0.030
чертяга	0.030
чертёночек	0.030
черёмушка	0.030
черёмушник	0.030
чесальня	0.030
чесальщик	0.030
чесальщица	0.030
чесночник	0.030
чесночница	0.030
честолюб	0.030
чесуча	0.030
четверик	0.030
четверокурсник	0.030
четверокурсница	0.030
четвероугольник	0.030
четверохолмие	0.030
четвертина	0.030
четвертушечка	0.030
четвёрочник	0.030
четвёрочница	0.030
четвёртка	0.030
четырнадцатилетие	0.030
четырёхголосие	0.030
четырёхклассник	0.030
четырёхклассница	0.030
четырёхлетие	0.030
четырёхполье	0.030
четырёхсотлетие	0.030
чехонь	0.030
чечевичка	0.030
чеченка	0.030
чечет	0.030
чешуйчатость	0.030
чивикание	0.030
чигирь	0.030
чижовка	0.030
чизелевание	0.030
чизель	0.030
чикание	0.030
чикчиры	0.030
чилибуха	0.030
чилига	0.030
чилизник	0.030
чиликание	0.030
чиляга	0.030
чинность	0.030
чиновница	0.030
чиновничек	0.030
чиновничество	0.030
чиновничишка	0.030
чиновнишко	0.030
чиновность	0.030
чинолюбие	0.030
чиноначалие	0.030
чиноначальник	0.030
чиноначальство	0.030
чиноположение	0.030
чинопочитание	0.030
чинопроизводство	0.030
чирикание	0.030
чиркание	0.030
чирус	0.030
чирута	0.030
чирутка	0.030
чируха	0.030
чирышек	0.030
чиряк	0.030
чирёнок	0.030
численник	0.030
числительное	0.030
числительность	0.030
чистец	0.030
чистик	0.030
чистильщица	0.030
чиститель	0.030
чистоганчик	0.030
чистокровность	0.030
чистописатель	0.030
чистоплюйство	0.030
чистополье	0.030
чистопородность	0.030
чистопсовость	0.030
чистосердечие	0.030
чистосердечность	0.030
чистосортность	0.030
чистотел	0.030
чистюлька	0.030
чистёха	0.030
читабельность	0.030
читаемость	0.030
читальщик	0.030
чифирь	0.030
чихирь	0.030
чихота	0.030
чичероне	0.030
чичисбей	0.030
чищение	0.030
членение	0.030
членик	0.030
членистость	0.030
членкор	0.030
членовредитель	0.030
членовредительница	0.030
членораздельность	0.030
чмокание	0.030
чоглок	0.030
чокание	0.030
чомга	0.030
чоха	0.030
чреватость	0.030
чревовещательница	0.030
чревосечение	0.030
чревоугодник	0.030
чревоугодница	0.030
чревоугодничество	0.030
чресседельник	0.030
чтитель	0.030
чубучок	0.030
чубушник	0.030
чувал	0.030
чуваш	0.030
чувашка	0.030
чувственник	0.030
чувственница	0.030
чувствилище	0.030
чувствование	0.030
чувячник	0.030
чугунка	0.030
чугунолитейщик	0.030
чугуноплавильщик	0.030
чугунчик	0.030
чугунщик	0.030
чудачина	0.030
чудесник	0.030
чудесница	0.030
чудесность	0.030
чудодейка	0.030
чудодейственность	0.030
чудодействие	0.030
чудотворение	0.030
чудотворство	0.030
чужачка	0.030
чужбинка	0.030
чуждость	0.030
чужевластие	0.030
чужеземность	0.030
чужеземщина	0.030
чужеплеменник	0.030
чужеплеменница	0.030
чужеродец	0.030
чужеродка	0.030
чукчанка	0.030
чулочник	0.030
чулочница	0.030
чулчишко	0.030
чулюкание	0.030
чумачество	0.030
чунька	0.030
чуньки	0.030
чуприна	0.030
чупрун	0.030
чурбанчик	0.030
чурбашек	0.030
чурбашка	0.030
чурек	0.030
чуфыкание	0.030
чуфыркание	0.030
чуфыскание	0.030
чухонец	0.030
чухонка	0.030
чухоночка	0.030
чучельщик	0.030
чёртушка	0.030
чёсанец	0.030
чёсанок	0.030
чёсаночек	0.030
чёсаночки	0.030
чётность	0.030
шабашка	0.030
шабашница	0.030
шаблонизация	0.030
шаблонизирование	0.030
шаблонность	0.030
шаблончик	0.030
шаблонщик	0.030
шабрение	0.030
шабрование	0.030
шабровка	0.030
шабровщик	0.030
шабур	0.030
шавочка	0.030
шагистика	0.030
шагренирование	0.030
шагрень	0.030
шаечка	0.030
шажище	0.030
шайбочка	0.030
шакалёнок	0.030
шаландщик	0.030
шалберник	0.030
шаловливость	0.030
шаловство	0.030
шалон	0.030
шалоник	0.030
шалонник	0.030
шалопайничество	0.030
шалопайство	0.030
шалопутство	0.030
шалыган	0.030
шальвары	0.030
шалёвка	0.030
шаманист	0.030
шаматон	0.030
шамбелян	0.030
шамберьер	0.030
шамкание	0.030
шамовка	0.030
шамот	0.030
шампанизация	0.030
шампанист	0.030
шандал	0.030
шанец	0.030
шанжан	0.030
шансик	0.030
шансонетка	0.030
шантан	0.030
шантрет	0.030
шанц	0.030
шапочник	0.030
шапочница	0.030
шарахание	0.030
шаржирование	0.030
шаржировка	0.030
шаржист	0.030
шаривари	0.030
шаркание	0.030
шаркун	0.030
шарлатанизм	0.030
шарлах	0.030
шарманочка	0.030
шарманщица	0.030
шаровидность	0.030
шаровка	0.030
шаромыга	0.030
шаромыжница	0.030
шаромыжничество	0.030
шарообразность	0.030
шаропилот	0.030
шарошка	0.030
шарпальщик	0.030
шасла	0.030
шасталка	0.030
шастание	0.030
шатия	0.030
шаткость	0.030
шатунья	0.030
шатёрщик	0.030
шаферство	0.030
шахермахерство	0.030
шахиншахиня	0.030
шахиня	0.030
шахматистка	0.030
шахматка	0.030
шахматница	0.030
шахтовладелец	0.030
шахточка	0.030
шашечница	0.030
шашист	0.030
шашистка	0.030
шашлычник	0.030
швабка	0.030
швальная	0.030
швальня	0.030
шванк	0.030
шваркание	0.030
швартование	0.030
швейник	0.030
швейница	0.030
швейцарша	0.030
швеллер	0.030
швырок	0.030
швырялка	0.030
шебарша	0.030
шебаршение	0.030
шебека	0.030
шебуршание	0.030
шебуршение	0.030
шевиот	0.030
шеврет	0.030
шевро	0.030
шейпинг	0.030
шелеп	0.030
шелепуга	0.030
шелестение	0.030
шелковина	0.030
шелковинка	0.030
шелковистость	0.030
шелковка	0.030
шелковод	0.030
шелководка	0.030
шелководство	0.030
шелковьё	0.030
шеллингианец	0.030
шеллингианство	0.030
шеллингист	0.030
шелом	0.030
шелоник	0.030
шелонник	0.030
шелопай	0.030
шелопут	0.030
шелуди	0.030
шелудивость	0.030
шелушинка	0.030
шельмование	0.030
шельмоватость	0.030
шельмовка	0.030
шельмовство	0.030
шельмочка	0.030
шельмёнок	0.030
шельтердек	0.030
шелюга	0.030
шелюгование	0.030
шелёвка	0.030
шемая	0.030
шемизетка	0.030
шенапан	0.030
шепелеватость	0.030
шепелявение	0.030
шепотня	0.030
шептунья	0.030
шептуха	0.030
шерочка	0.030
шерпка	0.030
шерстевед	0.030
шерстеведение	0.030
шерстезаготовка	0.030
шерстемойка	0.030
шерстемойня	0.030
шерстемойщик	0.030
шерстемойщица	0.030
шерстепрядение	0.030
шерстепрядильня	0.030
шерстепрядильщик	0.030
шерстепрядильщица	0.030
шерстечесалка	0.030
шерстечесальня	0.030
шерстечесальщик	0.030
шерстечесальщица	0.030
шерстина	0.030
шерстистость	0.030
шерстобит	0.030
шерстобитня	0.030
шерстобой	0.030
шерстобойка	0.030
шерстобойня	0.030
шерстовед	0.030
шерстоведение	0.030
шерстокрыл	0.030
шерстомой	0.030
шерстомойка	0.030
шерстомойня	0.030
шерстомойщик	0.030
шерстопрядение	0.030
шерстопрядильня	0.030
шерстопрядильщик	0.030
шерстопрядильщица	0.030
шерстоткачество	0.030
шерсточесалка	0.030
шерсточесальня	0.030
шерсточесальщик	0.030
шерсточесальщица	0.030
шерстяник	0.030
шерстянка	0.030
шертинг	0.030
шершавость	0.030
шершебка	0.030
шершебок	0.030
шествование	0.030
шестерик	0.030
шестерёночка	0.030
шестиборец	0.030
шестиборье	0.030
шестидесятник	0.030
шестидесятница	0.030
шестидневка	0.030
шестик	0.030
шестиполье	0.030
шестисотлетие	0.030
шестовик	0.030
шестопсалмие	0.030
шестопёр	0.030
шибздик	0.030
шизогония	0.030
шиизм	0.030
шиитка	0.030
шикание	0.030
шилоклювка	0.030
шилохвостка	0.030
шилохвость	0.030
шильник	0.030
шильничество	0.030
шимоза	0.030
шингард	0.030
шинелишка	0.030
шинелёнка	0.030
шинкарка	0.030
шинкарство	0.030
шинкарь	0.030
шинкование	0.030
шинковка	0.030
шиповничек	0.030
шипок	0.030
шипорез	0.030
шипун	0.030
шипунья	0.030
шипучесть	0.030
ширение	0.030
широковещание	0.030
широковещательность	0.030
ширококолейка	0.030
широконоска	0.030
широкорот	0.030
широкость	0.030
шитво	0.030
шифоньерка	0.030
шифоньерочка	0.030
шифровальщица	0.030
шифровщица	0.030
шихта	0.030
шихтовальщик	0.030
шихтование	0.030
шихтовка	0.030
шихтовщик	0.030
шишачок	0.030
шишельник	0.030
шишельница	0.030
шишимора	0.030
шишкобой	0.030
шишковатость	0.030
шкальчик	0.030
шкаторина	0.030
шкатула	0.030
шкатулочник	0.030
шквара	0.030
шкентель	0.030
шкерт	0.030
школение	0.030
школьничание	0.030
школьничество	0.030
школярство	0.030
шкурничество	0.030
шкурочка	0.030
шкурьё	0.030
шкурятник	0.030
шлакобетон	0.030
шлакование	0.030
шлаковик	0.030
шлаковина	0.030
шлаковщик	0.030
шлафор	0.030
шлафрок	0.030
шлейфование	0.030
шлепотня	0.030
шлир	0.030
шлиф	0.030
шлифовальник	0.030
шлифовальщик	0.030
шлифовальщица	0.030
шлифовщик	0.030
шлифовщица	0.030
шлифтик	0.030
шлихта	0.030
шлихтик	0.030
шлихтовальщик	0.030
шлихтовальщица	0.030
шлихтование	0.030
шлихтовка	0.030
шлык	0.030
шлычка	0.030
шлычок	0.030
шлюзование	0.030
шлюзовик	0.030
шлюпочка	0.030
шлюпочник	0.030
шлюпчонка	0.030
шлямбур	0.030
шляпница	0.030
шляпочка	0.030
шляпочник	0.030
шляпочница	0.030
шляхетство	0.030
шляхтянка	0.030
шлёвка	0.030
шлёнда	0.030
шлёндра	0.030
шлёнка	0.030
шмоль	0.030
шмольник	0.030
шмольница	0.030
шмуцтитул	0.030
шмыгание	0.030
шмякание	0.030
шнека	0.030
шнурование	0.030
шныряние	0.030
шнява	0.030
шняка	0.030
шовинистка	0.030
шовчик	0.030
шоколадник	0.030
шомполка	0.030
шоркание	0.030
шорничество	0.030
шорня	0.030
шоссеец	0.030
шоферня	0.030
шофёришка	0.030
шофёрство	0.030
шпагатик	0.030
шпажист	0.030
шпажистка	0.030
шпажонка	0.030
шпаклевание	0.030
шпаклёвочка	0.030
шпаклёвщик	0.030
шпаклёвщица	0.030
шпалерник	0.030
шпалорезка	0.030
шпальник	0.030
шпандырь	0.030
шпанка	0.030
шпаргалочник	0.030
шпаргалочница	0.030
шпарение	0.030
шпахтель	0.030
шпация	0.030
шпигат	0.030
шпиговка	0.030
шпикачка	0.030
шпильман	0.030
шпильё	0.030
шпинель	0.030
шпионишка	0.030
шпицрутен	0.030
шплинтование	0.030
шплинтовка	0.030
шпорец	0.030
шпорник	0.030
шпорца	0.030
шпринцевание	0.030
шпринцовка	0.030
шприцевание	0.030
шприцовка	0.030
шприцовщик	0.030
шприцовщица	0.030
шпрот	0.030
шпротина	0.030
шпротинка	0.030
шпулька	0.030
шпульник	0.030
шпульница	0.030
шпуля	0.030
шпунтина	0.030
шпунтование	0.030
шпунтовка	0.030
шпунтубель	0.030
шпур	0.030
шпыняние	0.030
шрамина	0.030
шрапнелька	0.030
шримс	0.030
шрифтист	0.030
шрифтовик	0.030
шрот	0.030
штабелевание	0.030
штабелеукладчик	0.030
штабелирование	0.030
штабелёвка	0.030
штабелёк	0.030
штабник	0.030
штакор	0.030
штамб	0.030
штампование	0.030
штамповщик	0.030
штамповщица	0.030
штанген	0.030
штангенциркуль	0.030
штангистка	0.030
штапель	0.030
штапик	0.030
штатгальтер	0.030
штафирка	0.030
штевень	0.030
штемпелевание	0.030
штиблетина	0.030
штиблетишка	0.030
штиблетишки	0.030
штиблетка	0.030
штивка	0.030
штилевание	0.030
штирборт	0.030
штифтик	0.030
штихель	0.030
штокроза	0.030
штокфиш	0.030
штокфишник	0.030
штоленка	0.030
штопальня	0.030
штопальщик	0.030
штопальщица	0.030
штопание	0.030
штопорение	0.030
штопорик	0.030
штормик	0.030
штос	0.030
штосс	0.030
штофик	0.030
штофчик	0.030
штраб	0.030
штраба	0.030
штрафование	0.030
штрафовка	0.030
штрейкбрехерство	0.030
штрипка	0.030
штрихование	0.030
штудирование	0.030
штудировка	0.030
штудия	0.030
штукарка	0.030
штукарство	0.030
штукатурение	0.030
штукатурщик	0.030
штукатурщица	0.030
штукмейстер	0.030
штукование	0.030
штуковка	0.030
штуковщик	0.030
штуковщица	0.030
штунда	0.030
штундизм	0.030
штундист	0.030
штундистка	0.030
штурвальчик	0.030
штурманство	0.030
штурмование	0.030
штурмовка	0.030
штурмовщина	0.030
штуртрос	0.030
штуф	0.030
штуцерник	0.030
штучник	0.030
штучница	0.030
штыб	0.030
штыкование	0.030
штыковка	0.030
штылёк	0.030
шубеечка	0.030
шубища	0.030
шубник	0.030
шугание	0.030
шуйца	0.030
шулеришка	0.030
шумливость	0.030
шумовик	0.030
шунгит	0.030
шуркание	0.030
шурование	0.030
шуровка	0.030
шуровщик	0.030
шурпа	0.030
шурфование	0.030
шурфовка	0.030
шурхание	0.030
шуряк	0.030
шустрость	0.030
шустряга	0.030
шутейник	0.030
шутейность	0.030
шутливость	0.030
шутовка	0.030
шуточность	0.030
шутёнок	0.030
шушваль	0.030
шушвара	0.030
шушпан	0.030
шушукание	0.030
шушун	0.030
шушунишко	0.030
шушунчик	0.030
шёлкокручение	0.030
шёлкомотальня	0.030
шёлкомотальщик	0.030
шёлкомотальщица	0.030
шёлкомотание	0.030
шёлкопрядение	0.030
шёлкопрядильня	0.030
шёлкопрядильщик	0.030
шёлкопрядильщица	0.030
шёлкоткачество	0.030
шёрстность	0.030
щавелинка	0.030
щавельник	0.030
щавелёк	0.030
щебетня	0.030
щебетун	0.030
щебетунья	0.030
щебетуха	0.030
щебетушечка	0.030
щебетушка	0.030
щебнебоец	0.030
щебрец	0.030
щебёночка	0.030
щебёнщик	0.030
щеврица	0.030
щеглиха	0.030
щегловка	0.030
щеглёнок	0.030
щеголеватость	0.030
щеголиха	0.030
щеголяние	0.030
щеголёк	0.030
щедролюбие	0.030
щековина	0.030
щеколдочка	0.030
щекотливость	0.030
щелинка	0.030
щелистость	0.030
щелкопёр	0.030
щелкопёрство	0.030
щелкотня	0.030
щелкун	0.030
щелкушка	0.030
щелоковар	0.030
щелоктание	0.030
щелочение	0.030
щемление	0.030
щенение	0.030
щенчишка	0.030
щепание	0.030
щепотник	0.030
щепоточка	0.030
щепьё	0.030
щетинник	0.030
щетинозуб	0.030
щетинщик	0.030
щеткодержатель	0.030
щиколка	0.030
щипальщик	0.030
щипальщица	0.030
щиповка	0.030
щирица	0.030
щитень	0.030
щитик	0.030
щитник	0.030
щитовка	0.030
щитовник	0.030
щитоносец	0.030
щитоноска	0.030
щупание	0.030
щупик	0.030
щур	0.030
щучина	0.030
щёкот	0.030
щёлкальщик	0.030
щёлкальщица	0.030
щёлкание	0.030
щёлочность	0.030
щёточник	0.030
щёточница	0.030
эвакогоспиталь	0.030
эвакоприёмник	0.030
эвдемонизм	0.030
эвдемонист	0.030
эвенкийка	0.030
эвикция	0.030
эвклаз	0.030
эвкоммия	0.030
эволюционизм	0.030
эволюционирование	0.030
эволюционист	0.030
эволюционистка	0.030
эвристика	0.030
эвфоника	0.030
эвфония	0.030
эвфуизм	0.030
эгалитаризм	0.030
эгалитарист	0.030
эготизм	0.030
эгофутуризм	0.030
эгофутурист	0.030
эгофутуристка	0.030
эгоцентристка	0.030
эгрет	0.030
эгретка	0.030
эдиция	0.030
эжектор	0.030
эжекция	0.030
эзофагоскоп	0.030
экание	0.030
экарте	0.030
эквадорец	0.030
эквадорка	0.030
экваториал	0.030
эквивокация	0.030
эквилибрирование	0.030
эквилибрист	0.030
эквилибристка	0.030
экер	0.030
экзальтированность	0.030
экзаменация	0.030
экзаменующаяся	0.030
экзаменующийся	0.030
экзарх	0.030
экзархат	0.030
экзекватура	0.030
экзекутор	0.030
экземплярец	0.030
экзерсис	0.030
экзерциргауз	0.030
экзерциция	0.030
экзистенциалистка	0.030
экзогамия	0.030
экзот	0.030
экзотизм	0.030
экзотичность	0.030
экивок	0.030
экилибр	0.030
экипажец	0.030
экипирование	0.030
эклектизм	0.030
эклектицизм	0.030
эклектичность	0.030
эклиметр	0.030
эклиптика	0.030
эклога	0.030
экогенез	0.030
экономайзер	0.030
экономгеография	0.030
экономизация	0.030
экономизирование	0.030
экономизм	0.030
экономистка	0.030
экономность	0.030
экономщик	0.030
экосез	0.030
экоцид	0.030
экранизирование	0.030
экранировка	0.030
эксгаустер	0.030
эксикатор	0.030
экскаваторостроение	0.030
экскавация	0.030
экскреция	0.030
экскурсантка	0.030
экскурсоводка	0.030
экспансивность	0.030
экспансионизм	0.030
экспансионист	0.030
экспатриантка	0.030
экспатриация	0.030
экспедирование	0.030
экспедиторша	0.030
эксперименталист	0.030
эксперименталистка	0.030
эксперименталка	0.030
экспериментаторство	0.030
экспирация	0.030
эксплантация	0.030
экспликация	0.030
эксплуататорка	0.030
эксплуататорство	0.030
эксплуататорша	0.030
эксплуатационник	0.030
экспозе	0.030
экспозиметр	0.030
экспонирование	0.030
экспонометр	0.030
экспортирование	0.030
экспрессивность	0.030
экспрессионистка	0.030
экспроприатор	0.030
экссудация	0.030
экстемпорале	0.030
экстемпоралия	0.030
экстенсивность	0.030
экстернат	0.030
экстернка	0.030
экстерриториальность	0.030
экстирпатор	0.030
экстирпация	0.030
экстрагирование	0.030
экстрактивность	0.030
экстраполирование	0.030
экстрема	0.030
экстремистка	0.030
экстренность	0.030
эксцентриада	0.030
эксцентризм	0.030
эктипография	0.030
эктопаразит	0.030
эластин	0.030
элеваторщик	0.030
элевация	0.030
элегист	0.030
элегичность	0.030
электризация	0.030
электрификатор	0.030
электроакустика	0.030
электроаппаратура	0.030
электроарматура	0.030
электробурение	0.030
электробурильщик	0.030
электробус	0.030
электровибратор	0.030
электродвижок	0.030
электродержатель	0.030
электродоение	0.030
электродоилка	0.030
электродойка	0.030
электродренаж	0.030
электродуга	0.030
электрозакалка	0.030
электрозащита	0.030
электроискра	0.030
электрокамин	0.030
электрокардиография	0.030
электрокарщик	0.030
электрокарщица	0.030
электрокорунд	0.030
электролампа	0.030
электролизник	0.030
электролизёр	0.030
электролюминесценция	0.030
электромегафон	0.030
электрометр	0.030
электрометрия	0.030
электромонтажник	0.030
электромонтажница	0.030
электронаркоз	0.030
электрооптика	0.030
электроосветитель	0.030
электроосвещение	0.030
электропатрон	0.030
электропаяльник	0.030
электропилка	0.030
электропильщик	0.030
электроплавильщик	0.030
электроплавка	0.030
электрополировка	0.030
электрополотёр	0.030
электропредохранитель	0.030
электропроводимость	0.030
электропроводность	0.030
электропрогрев	0.030
электропроигрыватель	0.030
электропунктура	0.030
электроразведка	0.030
электрорезка	0.030
электрорезчик	0.030
электрорубанок	0.030
электросварщик	0.030
электросварщица	0.030
электросверло	0.030
электросвет	0.030
электросинтез	0.030
электроскоп	0.030
электростатика	0.030
электротермист	0.030
электротермия	0.030
электротранспорт	0.030
электротяга	0.030
электрофизиология	0.030
электрофильтр	0.030
электрохимик	0.030
электрохимия	0.030
электрохозяйство	0.030
электрошнур	0.030
электроёмкость	0.030
электрум	0.030
элементарность	0.030
элефантиазис	0.030
элизия	0.030
элиминация	0.030
элиминирование	0.030
элинвар	0.030
элитаризм	0.030
элитарность	0.030
элитра	0.030
эллинизм	0.030
эллинист	0.030
эллинистка	0.030
эллинка	0.030
эллиноман	0.030
эллинофил	0.030
эллинство	0.030
эллипсность	0.030
эллиптичность	0.030
элодея	0.030
элоквенция	0.030
эльзевир	0.030
элювий	0.030
эмалирование	0.030
эмалировка	0.030
эмалировщик	0.030
эмалировщица	0.030
эмалит	0.030
эмальер	0.030
эмансипатор	0.030
эмансипационист	0.030
эмансипе	0.030
эмбриогенез	0.030
эмбриолог	0.030
эмеритура	0.030
эмигрантство	0.030
эмиритон	0.030
эмиссарство	0.030
эмитент	0.030
эмочка	0.030
эмпирик	0.030
эмпирика	0.030
эмпириокритик	0.030
эмпириокритицизм	0.030
эмпириомонизм	0.030
эмпириомонист	0.030
эмпириосимволизм	0.030
эмпириосимволист	0.030
эмпиричность	0.030
эмпирия	0.030
эмульгирование	0.030
эмульсирование	0.030
эмфаза	0.030
энгармонизм	0.030
эндемизм	0.030
эндемик	0.030
эндемия	0.030
эндогамия	0.030
эндокард	0.030
эндокринопатия	0.030
эндотоксин	0.030
энеолит	0.030
энергетизм	0.030
энерговооружённость	0.030
энергопоезд	0.030
энергостроительство	0.030
энергоёмкость	0.030
энженю	0.030
энзоотия	0.030
энигматичность	0.030
энкаустика	0.030
энклитика	0.030
энотера	0.030
энтазис	0.030
энтерит	0.030
энтероколит	0.030
энтомологист	0.030
энтомофилия	0.030
энтузиастичность	0.030
энцефалография	0.030
энциклопедизм	0.030
энциклопедист	0.030
энциклопедистка	0.030
энциклопедичность	0.030
эолит	0.030
эпатирование	0.030
эпентеза	0.030
эпигон	0.030
эпигонство	0.030
эпиграмматист	0.030
эпиграмматистка	0.030
эпиграммист	0.030
эпиграфика	0.030
эпиграфист	0.030
эпиграфистка	0.030
эпидерма	0.030
эпидермофития	0.030
эпидиаскоп	0.030
эпизодец	0.030
эпизодик	0.030
эпизодичность	0.030
эпизоотик	0.030
эпизоотия	0.030
эпизоотология	0.030
эпикард	0.030
эпикриз	0.030
эпикуреизм	0.030
эпикуреист	0.030
эпикурейство	0.030
эпилептичка	0.030
эпиляциция	0.030
эпископ	0.030
эпистемология	0.030
эпистиль	0.030
эпистола	0.030
эпистолярий	0.030
эпиталама	0.030
эпифауна	0.030
эпифит	0.030
эпифора	0.030
эпицикл	0.030
эпичность	0.030
эполемент	0.030
эполетик	0.030
эпонж	0.030
эпохальность	0.030
эпулис	0.030
эпюр	0.030
эрг	0.030
эргограф	0.030
эргометр	0.030
эретизм	0.030
эристика	0.030
эротоманка	0.030
эрудированность	0.030
эрудитка	0.030
эрцгерцогиня	0.030
эрцгерцогство	0.030
эсерка	0.030
эсеровщина	0.030
эсерство	0.030
эскадронец	0.030
эскамотаж	0.030
эскамотирование	0.030
эскарп	0.030
эскарпирование	0.030
эскизность	0.030
эскортирование	0.030
эспадрон	0.030
эспадронист	0.030
эспарцет	0.030
эсперантист	0.030
эсперантистка	0.030
эспри	0.030
эссеист	0.030
эстезиология	0.030
эстетизация	0.030
эстетичность	0.030
эстетка	0.030
эстетность	0.030
эстетство	0.030
эстокада	0.030
эстрадница	0.030
эстрадность	0.030
эстуарий	0.030
этажерочка	0.030
этажность	0.030
эталонирование	0.030
этапирование	0.030
этапник	0.030
этернит	0.030
этикетаж	0.030
этикетирование	0.030
этикетировка	0.030
этикетировщик	0.030
этикетировщица	0.030
этикетчик	0.030
этикетчица	0.030
этимолог	0.030
этимологизация	0.030
этимологизирование	0.030
этимон	0.030
этиолирование	0.030
этиоляция	0.030
этнарх	0.030
этногенез	0.030
этнографизм	0.030
этноним	0.030
этнонимика	0.030
этнонимия	0.030
этнос	0.030
этуаль	0.030
этюдик	0.030
этюдист	0.030
этюдность	0.030
эустресс	0.030
эфемер	0.030
эфемерида	0.030
эфемерность	0.030
эфемероид	0.030
эфиопка	0.030
эфиризация	0.030
эфирность	0.030
эфироман	0.030
эфиромания	0.030
эфироманка	0.030
эфиронос	0.030
эфор	0.030
эффектничание	0.030
эффузия	0.030
эхин	0.030
эхинококк	0.030
эхинококкоз	0.030
эшарп	0.030
эшелонирование	0.030
эшинит	0.030
юбилярша	0.030
юбочница	0.030
югославка	0.030
югрич	0.030
югурт	0.030
юдаизм	0.030
юдофил	0.030
юдофильство	0.030
юдофоб	0.030
юдофобство	0.030
южноамериканка	0.030
юзист	0.030
юзистка	0.030
юкагир	0.030
юкагирка	0.030
юление	0.030
юлка	0.030
юмореска	0.030
юмористика	0.030
юморок	0.030
юнак	0.030
юниорка	0.030
юница	0.030
юнкерство	0.030
юнкорка	0.030
юрага	0.030
юридизация	0.030
юрисконсультство	0.030
юриспрудент	0.030
юркость	0.030
юрод	0.030
юродивец	0.030
юродивость	0.030
юродство	0.030
юродствование	0.030
юртёнка	0.030
юстирование	0.030
юстировка	0.030
юстировщик	0.030
юфта	0.030
юфть	0.030
юхта	0.030
ююба	0.030
ябедница	0.030
ябедничание	0.030
ябедничество	0.030
яблонник	0.030
яблоновка	0.030
яблочник	0.030
яблочница	0.030
яванец	0.030
яванка	0.030
явленьице	0.030
явственность	0.030
ягдташ	0.030
ягельник	0.030
ягнение	0.030
ягнятник	0.030
ягодница	0.030
ядовитость	0.030
ядохимикат	0.030
ядрица	0.030
ядрёность	0.030
ядь	0.030
язвина	0.030
язвинка	0.030
язвитель	0.030
язик	0.030
языкоблудие	0.030
языкоблудство	0.030
языковедение	0.030
языкознание	0.030
языкотворец	0.030
языкотворчество	0.030
языкоучение	0.030
язычишко	0.030
язычище	0.030
яишенка	0.030
яишня	0.030
яйла	0.030
яйцевод	0.030
яйцеед	0.030
яйцезаготовка	0.030
яйцеклад	0.030
яйцекладка	0.030
яйценоскость	0.030
яйцерождение	0.030
якание	0.030
якобинизм	0.030
якобинство	0.030
якорец	0.030
якорница	0.030
якутка	0.030
якутёнок	0.030
якшание	0.030
яличник	0.030
яловица	0.030
яловка	0.030
яловость	0.030
яломок	0.030
яминка	0.030
ямища	0.030
ямокопатель	0.030
ямщичество	0.030
ямщичка	0.030
ямщичок	0.030
яндова	0.030
янсенизм	0.030
янтарчик	0.030
японист	0.030
японистика	0.030
японистка	0.030
японовед	0.030
японоведение	0.030
ярица	0.030
ярлыга	0.030
яровизация	0.030
яровина	0.030
яровинка	0.030
яровище	0.030
яроводье	0.030
ярочка	0.030
яруга	0.030
яружек	0.030
ярунок	0.030
ярусность	0.030
ярутка	0.030
ярыга	0.030
ярыжник	0.030
ясачник	0.030
ясельничий	0.030
ясенец	0.030
ясколка	0.030
ясменник	0.030
ясновидица	0.030
яснотка	0.030
ясочка	0.030
яспис	0.030
яствие	0.030
ястребинка	0.030
ястребятник	0.030
ястребёнок	0.030
ястык	0.030
ясынька	0.030
ясырь	0.030
ятовь	0.030
ятовье	0.030
ятрышник	0.030
яхонт	0.030
яхонтик	0.030
яхтклубовец	0.030
яхтовладелец	0.030
яхтсменка	0.030
ячеистость	0.030
ячество	0.030
ячменка	0.030
ячменник	0.030
ячневик	0.030
ячёнок	0.030
ящерёнок	0.030
ящичник	0.030
ящурка	0.030
ёкание	0.030
ёрзание	0.030
ёрничество	0.030
ага	0.020
аларм	0.020
амур	0.020
ант	0.020
бек	0.020
бел	0.020
блюм	0.020
бон	0.020
бостон	0.020
бут	0.020
вага	0.020
валёр	0.020
вар	0.020
веда	0.020
вероника	0.020
вест	0.020
весь	0.020
вика	0.020
виктория	0.020
вира	0.020
волга	0.020
вона	0.020
выть	0.020
гага	0.020
гай	0.020
гарт	0.020
герр	0.020
гон	0.020
гордон	0.020
гран	0.020
гуд	0.020
гуля	0.020
гута	0.020
джерси	0.020
дина	0.020
дока	0.020
дора	0.020
дёр	0.020
жако	0.020
жакоб	0.020
журка	0.020
зав	0.020
зала	0.020
зет	0.020
знайка	0.020
изабелла	0.020
илька	0.020
ирод	0.020
иуда	0.020
казимир	0.020
каин	0.020
кайла	0.020
кал	0.020
кантор	0.020
кап	0.020
картер	0.020
кат	0.020
катюша	0.020
керн	0.020
кика	0.020
кингстон	0.020
кока	0.020
копа	0.020
крон	0.020
купа	0.020
кура	0.020
лада	0.020
лаж	0.020
лал	0.020
лан	0.020
ласа	0.020
лей	0.020
лек	0.020
лори	0.020
лох	0.020
лука	0.020
макса	0.020
максим	0.020
малик	0.020
марс	0.020
марсель	0.020
мартен	0.020
марь	0.020
мена	0.020
меря	0.020
миро	0.020
мирон	0.020
моча	0.020
мочь	0.020
наполеон	0.020
нок	0.020
нона	0.020
ороч	0.020
ост	0.020
пак	0.020
пал	0.020
пани	0.020
паря	0.020
пасс	0.020
пастернак	0.020
пек	0.020
пери	0.020
пим	0.020
плена	0.020
пря	0.020
рада	0.020
реал	0.020
рей	0.020
рената	0.020
рига	0.020
робинзон	0.020
росс	0.020
рута	0.020
сайда	0.020
сак	0.020
сема	0.020
спас	0.020
спенсер	0.020
стен	0.020
сыта	0.020
таль	0.020
тат	0.020
тата	0.020
темь	0.020
тоня	0.020
торн	0.020
тук	0.020
тут	0.020
тута	0.020
тэк	0.020
уда	0.020
уток	0.020
фай	0.020
фиг	0.020
флик	0.020
фокс	0.020
форд	0.020
фрау	0.020
фриц	0.020
фукс	0.020
хала	0.020
хота	0.020
юкка	0.020
юпитер	0.020
юра	0.020
аборт	0.010
блевотина	0.010
быдло	0.010
вибратор	0.010
виселица	0.010
висельник	0.010
выродок	0.010
гадина	0.010
героин	0.010
гитлеровец	0.010
гнида	0.010
дура	0.010
дурочка	0.010
задница	0.010
идиот	0.010
идиотизм	0.010
идиотка	0.010
извращенец	0.010
кобель	0.010
кокаин	0.010
концлагерь	0.010
кретин	0.010
лесбиянка	0.010
мразь	0.010
нацист	0.010
оргазм	0.010
оргия	0.010
паскуда	0.010
повешение	0.010
подонок	0.010
понос	0.010
презерватив	0.010
притон	0.010
проститутка	0.010
разврат	0.010
садист	0.010
самоубийство	0.010
самоубийца	0.010
свастика	0.010
секс	0.010
сиська	0.010
скотина	0.010
стерва	0.010
стояк	0.010
стриптиз	0.010
суицид	0.010
тварь	0.010
титька	0.010
транс	0.010
тупица	0.010
ублюдок	0.010
урод	0.010
уродец	0.010
уродина	0.010
уродка	0.010
уродство	0.010
фашизм	0.010
фашист	0.010
член	0.010
шваль	0.010
шизик	0.010
шизофреник	0.010
